base,probe,time
721fffa47880,721f924c8980,232
721fc57e29c0,721f924c8980,232
721fc57e29c0,721fffa47880,234
721fae8bc100,721f924c8980,228
721fae8bc100,721fffa47880,242
721fae8bc100,721fc57e29c0,236
721fd3d70880,721f924c8980,228
721fd3d70880,721fffa47880,238
721fd3d70880,721fc57e29c0,236
721fd3d70880,721fae8bc100,238
721fc4791cc0,721f924c8980,230
721fc4791cc0,721fffa47880,362
721fec712f80,721f924c8980,232
721fec712f80,721fffa47880,234
721fec712f80,721fc57e29c0,234
721fec712f80,721fae8bc100,238
721fec712f80,721fd3d70880,236
721fcded6a40,721f924c8980,232
721fcded6a40,721fffa47880,230
721fcded6a40,721fc57e29c0,232
721fcded6a40,721fae8bc100,232
721fcded6a40,721fd3d70880,232
721fcded6a40,721fec712f80,232
721ffc081480,721f924c8980,228
721ffc081480,721fffa47880,240
721ffc081480,721fc57e29c0,234
721ffc081480,721fae8bc100,240
721ffc081480,721fd3d70880,234
721ffc081480,721fec712f80,236
721ffc081480,721fcded6a40,232
721fb4acfc40,721f924c8980,230
721fb4acfc40,721fffa47880,234
721fb4acfc40,721fc57e29c0,232
721fb4acfc40,721fae8bc100,238
721fb4acfc40,721fd3d70880,234
721fb4acfc40,721fec712f80,232
721fb4acfc40,721fcded6a40,230
721fb4acfc40,721ffc081480,236
72200b296e00,721f924c8980,232
72200b296e00,721fffa47880,234
72200b296e00,721fc57e29c0,234
72200b296e00,721fae8bc100,238
72200b296e00,721fd3d70880,236
72200b296e00,721fec712f80,236
72200b296e00,721fcded6a40,356
721fc7e66240,721f924c8980,232
721fc7e66240,721fffa47880,230
721fc7e66240,721fc57e29c0,232
721fc7e66240,721fae8bc100,232
721fc7e66240,721fd3d70880,232
721fc7e66240,721fec712f80,358
721fd623f9c0,721f924c8980,228
721fd623f9c0,721fffa47880,240
721fd623f9c0,721fc57e29c0,236
721fd623f9c0,721fae8bc100,242
721fd623f9c0,721fd3d70880,236
721fd623f9c0,721fec712f80,236
721fd623f9c0,721fcded6a40,232
721fd623f9c0,721ffc081480,238
721fd623f9c0,721fb4acfc40,236
721fcb708c40,721f924c8980,232
721fcb708c40,721fffa47880,230
721fcb708c40,721fc57e29c0,232
721fcb708c40,721fae8bc100,234
721fcb708c40,721fd3d70880,234
721fcb708c40,721fec712f80,232
721fcb708c40,721fcded6a40,230
721fcb708c40,721ffc081480,234
721fcb708c40,721fb4acfc40,234
721fcb708c40,721fd623f9c0,234
721fce11c2c0,721f924c8980,232
721fce11c2c0,721fffa47880,238
721fce11c2c0,721fc57e29c0,234
721fce11c2c0,721fae8bc100,242
721fce11c2c0,721fd3d70880,236
721fce11c2c0,721fec712f80,234
721fce11c2c0,721fcded6a40,230
721fce11c2c0,721ffc081480,240
721fce11c2c0,721fb4acfc40,236
721fce11c2c0,721fd623f9c0,242
721fce11c2c0,721fcb708c40,358
721ffd714640,721f924c8980,232
721ffd714640,721fffa47880,238
721ffd714640,721fc57e29c0,234
721ffd714640,721fae8bc100,242
721ffd714640,721fd3d70880,236
721ffd714640,721fec712f80,234
721ffd714640,721fcded6a40,230
721ffd714640,721ffc081480,240
721ffd714640,721fb4acfc40,236
721ffd714640,721fd623f9c0,242
721ffd714640,721fcb708c40,358
72200d281000,721f924c8980,230
72200d281000,721fffa47880,238
72200d281000,721fc57e29c0,236
72200d281000,721fae8bc100,236
72200d281000,721fd3d70880,234
72200d281000,721fec712f80,236
72200d281000,721fcded6a40,232
72200d281000,721ffc081480,238
72200d281000,721fb4acfc40,236
72200d281000,721fd623f9c0,234
72200d281000,721fcb708c40,232
721fc7782080,721f924c8980,232
721fc7782080,721fffa47880,236
721fc7782080,721fc57e29c0,234
721fc7782080,721fae8bc100,238
721fc7782080,721fd3d70880,236
721fc7782080,721fec712f80,234
721fc7782080,721fcded6a40,228
721fc7782080,721ffc081480,238
721fc7782080,721fb4acfc40,236
721fc7782080,721fd623f9c0,236
721fc7782080,721fcb708c40,358
721fa0b28380,721f924c8980,230
721fa0b28380,721fffa47880,238
721fa0b28380,721fc57e29c0,236
721fa0b28380,721fae8bc100,236
721fa0b28380,721fd3d70880,234
721fa0b28380,721fec712f80,236
721fa0b28380,721fcded6a40,232
721fa0b28380,721ffc081480,236
721fa0b28380,721fb4acfc40,236
721fa0b28380,721fd623f9c0,234
721fa0b28380,721fcb708c40,232
721fa0b28380,72200d281000,234
721fbc059380,721f924c8980,232
721fbc059380,721fffa47880,230
721fbc059380,721fc57e29c0,230
721fbc059380,721fae8bc100,234
721fbc059380,721fd3d70880,234
721fbc059380,721fec712f80,230
721fbc059380,721fcded6a40,230
721fbc059380,721ffc081480,234
721fbc059380,721fb4acfc40,232
721fbc059380,721fd623f9c0,232
721fbc059380,721fcb708c40,358
721ff60706c0,721f924c8980,230
721ff60706c0,721fffa47880,232
721ff60706c0,721fc57e29c0,234
721ff60706c0,721fae8bc100,232
721ff60706c0,721fd3d70880,232
721ff60706c0,721fec712f80,234
721ff60706c0,721fcded6a40,232
721ff60706c0,721ffc081480,234
721ff60706c0,721fb4acfc40,236
721ff60706c0,721fd623f9c0,232
721ff60706c0,721fcb708c40,232
721ff60706c0,72200d281000,234
721ff60706c0,721fa0b28380,232
721ffa2d2980,721f924c8980,232
721ffa2d2980,721fffa47880,238
721ffa2d2980,721fc57e29c0,234
721ffa2d2980,721fae8bc100,242
721ffa2d2980,721fd3d70880,236
721ffa2d2980,721fec712f80,234
721ffa2d2980,721fcded6a40,228
721ffa2d2980,721ffc081480,240
721ffa2d2980,721fb4acfc40,360
721fbf744a80,721f924c8980,232
721fbf744a80,721fffa47880,232
721fbf744a80,721fc57e29c0,234
721fbf744a80,721fae8bc100,236
721fbf744a80,721fd3d70880,234
721fbf744a80,721fec712f80,232
721fbf744a80,721fcded6a40,230
721fbf744a80,721ffc081480,234
721fbf744a80,721fb4acfc40,232
721fbf744a80,721fd623f9c0,234
721fbf744a80,721fcb708c40,230
721fbf744a80,72200d281000,234
721fbf744a80,721fa0b28380,234
721fbf744a80,721ff60706c0,232
721f979bb480,721f924c8980,232
721f979bb480,721fffa47880,238
721f979bb480,721fc57e29c0,232
721f979bb480,721fae8bc100,242
721f979bb480,721fd3d70880,236
721f979bb480,721fec712f80,236
721f979bb480,721fcded6a40,358
721fd14a9940,721f924c8980,232
721fd14a9940,721fffa47880,236
721fd14a9940,721fc57e29c0,360
721ff829f000,721f924c8980,230
721ff829f000,721fffa47880,234
721ff829f000,721fc57e29c0,232
721ff829f000,721fae8bc100,230
721ff829f000,721fd3d70880,232
721ff829f000,721fec712f80,234
721ff829f000,721fcded6a40,232
721ff829f000,721ffc081480,232
721ff829f000,721fb4acfc40,232
721ff829f000,721fd623f9c0,230
721ff829f000,721fcb708c40,232
721ff829f000,72200d281000,230
721ff829f000,721fa0b28380,234
721ff829f000,721ff60706c0,230
721ff829f000,721fbf744a80,234
721fcd328640,721f924c8980,232
721fcd328640,721fffa47880,232
721fcd328640,721fc57e29c0,232
721fcd328640,721fae8bc100,234
721fcd328640,721fd3d70880,234
721fcd328640,721fec712f80,232
721fcd328640,721fcded6a40,230
721fcd328640,721ffc081480,234
721fcd328640,721fb4acfc40,232
721fcd328640,721fd623f9c0,234
721fcd328640,721fcb708c40,232
721fcd328640,72200d281000,234
721fcd328640,721fa0b28380,234
721fcd328640,721ff60706c0,232
721fcd328640,721fbf744a80,232
721fcd328640,721ff829f000,232
721f9c133a00,721f924c8980,228
721f9c133a00,721fffa47880,238
721f9c133a00,721fc57e29c0,234
721f9c133a00,721fae8bc100,236
721f9c133a00,721fd3d70880,234
721f9c133a00,721fec712f80,236
721f9c133a00,721fcded6a40,232
721f9c133a00,721ffc081480,238
721f9c133a00,721fb4acfc40,234
721f9c133a00,721fd623f9c0,234
721f9c133a00,721fcb708c40,232
721f9c133a00,72200d281000,234
721f9c133a00,721fa0b28380,362
721fbd7e1200,721f924c8980,228
721fbd7e1200,721fffa47880,238
721fbd7e1200,721fc57e29c0,236
721fbd7e1200,721fae8bc100,236
721fbd7e1200,721fd3d70880,234
721fbd7e1200,721fec712f80,236
721fbd7e1200,721fcded6a40,232
721fbd7e1200,721ffc081480,238
721fbd7e1200,721fb4acfc40,234
721fbd7e1200,721fd623f9c0,234
721fbd7e1200,721fcb708c40,232
721fbd7e1200,72200d281000,234
721fbd7e1200,721fa0b28380,362
721fa326aac0,721f924c8980,230
721fa326aac0,721fffa47880,232
721fa326aac0,721fc57e29c0,234
721fa326aac0,721fae8bc100,230
721fa326aac0,721fd3d70880,230
721fa326aac0,721fec712f80,232
721fa326aac0,721fcded6a40,232
721fa326aac0,721ffc081480,230
721fa326aac0,721fb4acfc40,234
721fa326aac0,721fd623f9c0,230
721fa326aac0,721fcb708c40,232
721fa326aac0,72200d281000,230
721fa326aac0,721fa0b28380,232
721fa326aac0,721ff60706c0,230
721fa326aac0,721fbf744a80,232
721fa326aac0,721ff829f000,232
721fa326aac0,721fcd328640,232
721fe6735ec0,721f924c8980,232
721fe6735ec0,721fffa47880,230
721fe6735ec0,721fc57e29c0,234
721fe6735ec0,721fae8bc100,232
721fe6735ec0,721fd3d70880,232
721fe6735ec0,721fec712f80,230
721fe6735ec0,721fcded6a40,228
721fe6735ec0,721ffc081480,232
721fe6735ec0,721fb4acfc40,232
721fe6735ec0,721fd623f9c0,234
721fe6735ec0,721fcb708c40,230
721fe6735ec0,72200d281000,232
721fe6735ec0,721fa0b28380,234
721fe6735ec0,721ff60706c0,232
721fe6735ec0,721fbf744a80,232
721fe6735ec0,721ff829f000,232
721fe6735ec0,721fcd328640,230
721fe6735ec0,721fa326aac0,232
721fc0ea9bc0,721f924c8980,232
721fc0ea9bc0,721fffa47880,236
721fc0ea9bc0,721fc57e29c0,234
721fc0ea9bc0,721fae8bc100,238
721fc0ea9bc0,721fd3d70880,236
721fc0ea9bc0,721fec712f80,234
721fc0ea9bc0,721fcded6a40,228
721fc0ea9bc0,721ffc081480,240
721fc0ea9bc0,721fb4acfc40,236
721fc0ea9bc0,721fd623f9c0,240
721fc0ea9bc0,721fcb708c40,232
721fc0ea9bc0,72200d281000,236
721fc0ea9bc0,721fa0b28380,236
721fc0ea9bc0,721ff60706c0,232
721fc0ea9bc0,721fbf744a80,230
721fc0ea9bc0,721ff829f000,232
721fc0ea9bc0,721fcd328640,230
721fc0ea9bc0,721fa326aac0,232
721fc0ea9bc0,721fe6735ec0,228
721f93eb2340,721f924c8980,230
721f93eb2340,721fffa47880,240
721f93eb2340,721fc57e29c0,236
721f93eb2340,721fae8bc100,234
721f93eb2340,721fd3d70880,234
721f93eb2340,721fec712f80,236
721f93eb2340,721fcded6a40,232
721f93eb2340,721ffc081480,240
721f93eb2340,721fb4acfc40,236
721f93eb2340,721fd623f9c0,238
721f93eb2340,721fcb708c40,232
721f93eb2340,72200d281000,362
721f9d118880,721f924c8980,232
721f9d118880,721fffa47880,240
721f9d118880,721fc57e29c0,234
721f9d118880,721fae8bc100,242
721f9d118880,721fd3d70880,236
721f9d118880,721fec712f80,234
721f9d118880,721fcded6a40,230
721f9d118880,721ffc081480,242
721f9d118880,721fb4acfc40,234
721f9d118880,721fd623f9c0,240
721f9d118880,721fcb708c40,232
721f9d118880,72200d281000,236
721f9d118880,721fa0b28380,236
721f9d118880,721ff60706c0,232
721f9d118880,721fbf744a80,232
721f9d118880,721ff829f000,232
721f9d118880,721fcd328640,230
721f9d118880,721fa326aac0,232
721f9d118880,721fe6735ec0,230
721f9d118880,721fc0ea9bc0,362
721fe0965cc0,721f924c8980,230
721fe0965cc0,721fffa47880,240
721fe0965cc0,721fc57e29c0,236
721fe0965cc0,721fae8bc100,234
721fe0965cc0,721fd3d70880,234
721fe0965cc0,721fec712f80,236
721fe0965cc0,721fcded6a40,232
721fe0965cc0,721ffc081480,240
721fe0965cc0,721fb4acfc40,236
721fe0965cc0,721fd623f9c0,236
721fe0965cc0,721fcb708c40,232
721fe0965cc0,72200d281000,236
721fe0965cc0,721fa0b28380,234
721fe0965cc0,721ff60706c0,358
721fd8e22c00,721f924c8980,232
721fd8e22c00,721fffa47880,238
721fd8e22c00,721fc57e29c0,234
721fd8e22c00,721fae8bc100,238
721fd8e22c00,721fd3d70880,236
721fd8e22c00,721fec712f80,234
721fd8e22c00,721fcded6a40,228
721fd8e22c00,721ffc081480,238
721fd8e22c00,721fb4acfc40,362
721fd2aaa580,721f924c8980,228
721fd2aaa580,721fffa47880,242
721fd2aaa580,721fc57e29c0,236
721fd2aaa580,721fae8bc100,240
721fd2aaa580,721fd3d70880,234
721fd2aaa580,721fec712f80,236
721fd2aaa580,721fcded6a40,232
721fd2aaa580,721ffc081480,238
721fd2aaa580,721fb4acfc40,236
721fd2aaa580,721fd623f9c0,238
721fd2aaa580,721fcb708c40,232
721fd2aaa580,72200d281000,234
721fd2aaa580,721fa0b28380,362
721fbe278c40,721f924c8980,228
721fbe278c40,721fffa47880,242
721fbe278c40,721fc57e29c0,236
721fbe278c40,721fae8bc100,242
721fbe278c40,721fd3d70880,236
721fbe278c40,721fec712f80,236
721fbe278c40,721fcded6a40,232
721fbe278c40,721ffc081480,238
721fbe278c40,721fb4acfc40,236
721fbe278c40,721fd623f9c0,242
721fbe278c40,721fcb708c40,232
721fbe278c40,72200d281000,232
721fbe278c40,721fa0b28380,234
721fbe278c40,721ff60706c0,232
721fbe278c40,721fbf744a80,232
721fbe278c40,721ff829f000,228
721fbe278c40,721fcd328640,234
721fbe278c40,721fa326aac0,228
721fbe278c40,721fe6735ec0,232
721fbe278c40,721fc0ea9bc0,238
721f97ef9640,721f924c8980,232
721f97ef9640,721fffa47880,232
721f97ef9640,721fc57e29c0,234
721f97ef9640,721fae8bc100,230
721f97ef9640,721fd3d70880,230
721f97ef9640,721fec712f80,232
721f97ef9640,721fcded6a40,232
721f97ef9640,721ffc081480,230
721f97ef9640,721fb4acfc40,234
721f97ef9640,721fd623f9c0,230
721f97ef9640,721fcb708c40,232
721f97ef9640,72200d281000,230
721f97ef9640,721fa0b28380,230
721f97ef9640,721ff60706c0,230
721f97ef9640,721fbf744a80,232
721f97ef9640,721ff829f000,230
721f97ef9640,721fcd328640,232
721f97ef9640,721fa326aac0,230
721f97ef9640,721fe6735ec0,232
721f97ef9640,721fc0ea9bc0,234
721f97ef9640,721fbe278c40,230
721fbfd2ba00,721f924c8980,356
721fe3f488c0,721f924c8980,230
721fe3f488c0,721fffa47880,242
721fe3f488c0,721fc57e29c0,236
721fe3f488c0,721fae8bc100,242
721fe3f488c0,721fd3d70880,362
721f94390480,721f924c8980,232
721f94390480,721fffa47880,242
721f94390480,721fc57e29c0,234
721f94390480,721fae8bc100,242
721f94390480,721fd3d70880,236
721f94390480,721fec712f80,234
721f94390480,721fcded6a40,230
721f94390480,721ffc081480,242
721f94390480,721fb4acfc40,234
721f94390480,721fd623f9c0,240
721f94390480,721fcb708c40,230
721f94390480,72200d281000,236
721f94390480,721fa0b28380,234
721f94390480,721ff60706c0,232
721f94390480,721fbf744a80,232
721f94390480,721ff829f000,232
721f94390480,721fcd328640,232
721f94390480,721fa326aac0,232
721f94390480,721fe6735ec0,230
721f94390480,721fc0ea9bc0,236
721f94390480,721fbe278c40,242
721f94390480,721f97ef9640,232
721ff8d91c40,721f924c8980,232
721ff8d91c40,721fffa47880,240
721ff8d91c40,721fc57e29c0,234
721ff8d91c40,721fae8bc100,238
721ff8d91c40,721fd3d70880,236
721ff8d91c40,721fec712f80,234
721ff8d91c40,721fcded6a40,230
721ff8d91c40,721ffc081480,240
721ff8d91c40,721fb4acfc40,234
721ff8d91c40,721fd623f9c0,240
721ff8d91c40,721fcb708c40,230
721ff8d91c40,72200d281000,236
721ff8d91c40,721fa0b28380,236
721ff8d91c40,721ff60706c0,232
721ff8d91c40,721fbf744a80,230
721ff8d91c40,721ff829f000,232
721ff8d91c40,721fcd328640,358
721fab3882c0,721f924c8980,232
721fab3882c0,721fffa47880,238
721fab3882c0,721fc57e29c0,236
721fab3882c0,721fae8bc100,242
721fab3882c0,721fd3d70880,236
721fab3882c0,721fec712f80,232
721fab3882c0,721fcded6a40,230
721fab3882c0,721ffc081480,242
721fab3882c0,721fb4acfc40,234
721fab3882c0,721fd623f9c0,242
721fab3882c0,721fcb708c40,232
721fab3882c0,72200d281000,236
721fab3882c0,721fa0b28380,236
721fab3882c0,721ff60706c0,234
721fab3882c0,721fbf744a80,358
721fd0c990c0,721f924c8980,232
721fd0c990c0,721fffa47880,234
721fd0c990c0,721fc57e29c0,234
721fd0c990c0,721fae8bc100,236
721fd0c990c0,721fd3d70880,234
721fd0c990c0,721fec712f80,234
721fd0c990c0,721fcded6a40,232
721fd0c990c0,721ffc081480,236
721fd0c990c0,721fb4acfc40,234
721fd0c990c0,721fd623f9c0,238
721fd0c990c0,721fcb708c40,230
721fd0c990c0,72200d281000,234
721fd0c990c0,721fa0b28380,234
721fd0c990c0,721ff60706c0,232
721fd0c990c0,721fbf744a80,228
721fd0c990c0,721ff829f000,232
721fd0c990c0,721fcd328640,230
721fd0c990c0,721fa326aac0,232
721fd0c990c0,721fe6735ec0,228
721fd0c990c0,721fc0ea9bc0,234
721fd0c990c0,721fbe278c40,238
721fd0c990c0,721f97ef9640,232
721fd0c990c0,721f94390480,234
721fb80adf40,721f924c8980,230
721fb80adf40,721fffa47880,232
721fb80adf40,721fc57e29c0,234
721fb80adf40,721fae8bc100,234
721fb80adf40,721fd3d70880,360
721f99c9c940,721f924c8980,228
721f99c9c940,721fffa47880,240
721f99c9c940,721fc57e29c0,236
721f99c9c940,721fae8bc100,238
721f99c9c940,721fd3d70880,234
721f99c9c940,721fec712f80,236
721f99c9c940,721fcded6a40,232
721f99c9c940,721ffc081480,240
721f99c9c940,721fb4acfc40,236
721f99c9c940,721fd623f9c0,238
721f99c9c940,721fcb708c40,232
721f99c9c940,72200d281000,236
721f99c9c940,721fa0b28380,234
721f99c9c940,721ff60706c0,358
721fcf11a100,721f924c8980,230
721fcf11a100,721fffa47880,234
721fcf11a100,721fc57e29c0,234
721fcf11a100,721fae8bc100,232
721fcf11a100,721fd3d70880,232
721fcf11a100,721fec712f80,236
721fcf11a100,721fcded6a40,232
721fcf11a100,721ffc081480,360
721ff0a2ffc0,721f924c8980,232
721ff0a2ffc0,721fffa47880,230
721ff0a2ffc0,721fc57e29c0,232
721ff0a2ffc0,721fae8bc100,234
721ff0a2ffc0,721fd3d70880,234
721ff0a2ffc0,721fec712f80,232
721ff0a2ffc0,721fcded6a40,230
721ff0a2ffc0,721ffc081480,234
721ff0a2ffc0,721fb4acfc40,360
721fab9c4cc0,721f924c8980,232
721fab9c4cc0,721fffa47880,366
721ffc373480,721f924c8980,230
721ffc373480,721fffa47880,238
721ffc373480,721fc57e29c0,236
721ffc373480,721fae8bc100,240
721ffc373480,721fd3d70880,236
721ffc373480,721fec712f80,236
721ffc373480,721fcded6a40,232
721ffc373480,721ffc081480,236
721ffc373480,721fb4acfc40,236
721ffc373480,721fd623f9c0,362
721fd7ca06c0,721f924c8980,228
721fd7ca06c0,721fffa47880,242
721fd7ca06c0,721fc57e29c0,236
721fd7ca06c0,721fae8bc100,238
721fd7ca06c0,721fd3d70880,234
721fd7ca06c0,721fec712f80,236
721fd7ca06c0,721fcded6a40,232
721fd7ca06c0,721ffc081480,240
721fd7ca06c0,721fb4acfc40,236
721fd7ca06c0,721fd623f9c0,238
721fd7ca06c0,721fcb708c40,232
721fd7ca06c0,72200d281000,360
721f96e97640,721f924c8980,232
721f96e97640,721fffa47880,242
721f96e97640,721fc57e29c0,236
721f96e97640,721fae8bc100,240
721f96e97640,721fd3d70880,232
721f96e97640,721fec712f80,236
721f96e97640,721fcded6a40,232
721f96e97640,721ffc081480,238
721f96e97640,721fb4acfc40,236
721f96e97640,721fd623f9c0,238
721f96e97640,721fcb708c40,232
721f96e97640,72200d281000,234
721f96e97640,721fa0b28380,232
721f96e97640,721ff60706c0,232
721f96e97640,721fbf744a80,232
721f96e97640,721ff829f000,228
721f96e97640,721fcd328640,234
721f96e97640,721fa326aac0,230
721f96e97640,721fe6735ec0,232
721f96e97640,721fc0ea9bc0,238
721f96e97640,721fbe278c40,240
721f96e97640,721f97ef9640,232
721f96e97640,721f94390480,240
721f96e97640,721fd0c990c0,236
721faccb7f40,721f924c8980,232
721faccb7f40,721fffa47880,236
721faccb7f40,721fc57e29c0,234
721faccb7f40,721fae8bc100,242
721faccb7f40,721fd3d70880,236
721faccb7f40,721fec712f80,236
721faccb7f40,721fcded6a40,232
721faccb7f40,721ffc081480,240
721faccb7f40,721fb4acfc40,234
721faccb7f40,721fd623f9c0,242
721faccb7f40,721fcb708c40,232
721faccb7f40,72200d281000,236
721faccb7f40,721fa0b28380,236
721faccb7f40,721ff60706c0,234
721faccb7f40,721fbf744a80,230
721faccb7f40,721ff829f000,232
721faccb7f40,721fcd328640,230
721faccb7f40,721fa326aac0,232
721faccb7f40,721fe6735ec0,230
721faccb7f40,721fc0ea9bc0,236
721faccb7f40,721fbe278c40,242
721faccb7f40,721f97ef9640,232
721faccb7f40,721f94390480,238
721faccb7f40,721fd0c990c0,236
721faccb7f40,721f96e97640,242
721fe085bb40,721f924c8980,232
721fe085bb40,721fffa47880,240
721fe085bb40,721fc57e29c0,234
721fe085bb40,721fae8bc100,242
721fe085bb40,721fd3d70880,236
721fe085bb40,721fec712f80,234
721fe085bb40,721fcded6a40,230
721fe085bb40,721ffc081480,240
721fe085bb40,721fb4acfc40,234
721fe085bb40,721fd623f9c0,242
721fe085bb40,721fcb708c40,232
721fe085bb40,72200d281000,236
721fe085bb40,721fa0b28380,236
721fe085bb40,721ff60706c0,234
721fe085bb40,721fbf744a80,230
721fe085bb40,721ff829f000,232
721fe085bb40,721fcd328640,234
721fe085bb40,721fa326aac0,232
721fe085bb40,721fe6735ec0,230
721fe085bb40,721fc0ea9bc0,236
721fe085bb40,721fbe278c40,242
721fe085bb40,721f97ef9640,232
721fe085bb40,721f94390480,366
721fd9540fc0,721f924c8980,232
721fd9540fc0,721fffa47880,240
721fd9540fc0,721fc57e29c0,234
721fd9540fc0,721fae8bc100,242
721fd9540fc0,721fd3d70880,236
721fd9540fc0,721fec712f80,234
721fd9540fc0,721fcded6a40,230
721fd9540fc0,721ffc081480,242
721fd9540fc0,721fb4acfc40,234
721fd9540fc0,721fd623f9c0,242
721fd9540fc0,721fcb708c40,230
721fd9540fc0,72200d281000,236
721fd9540fc0,721fa0b28380,236
721fd9540fc0,721ff60706c0,234
721fd9540fc0,721fbf744a80,230
721fd9540fc0,721ff829f000,230
721fd9540fc0,721fcd328640,358
721f96156f40,721f924c8980,228
721f96156f40,721fffa47880,236
721f96156f40,721fc57e29c0,236
721f96156f40,721fae8bc100,234
721f96156f40,721fd3d70880,234
721f96156f40,721fec712f80,236
721f96156f40,721fcded6a40,232
721f96156f40,721ffc081480,234
721f96156f40,721fb4acfc40,236
721f96156f40,721fd623f9c0,238
721f96156f40,721fcb708c40,232
721f96156f40,72200d281000,234
721f96156f40,721fa0b28380,236
721f96156f40,721ff60706c0,230
721f96156f40,721fbf744a80,232
721f96156f40,721ff829f000,232
721f96156f40,721fcd328640,232
721f96156f40,721fa326aac0,232
721f96156f40,721fe6735ec0,232
721f96156f40,721fc0ea9bc0,238
721f96156f40,721fbe278c40,236
721f96156f40,721f97ef9640,230
721f96156f40,721f94390480,236
721f96156f40,721fd0c990c0,236
721f96156f40,721f96e97640,236
721f96156f40,721faccb7f40,238
721f9ed841c0,721f924c8980,232
721f9ed841c0,721fffa47880,234
721f9ed841c0,721fc57e29c0,232
721f9ed841c0,721fae8bc100,238
721f9ed841c0,721fd3d70880,236
721f9ed841c0,721fec712f80,236
721f9ed841c0,721fcded6a40,232
721f9ed841c0,721ffc081480,236
721f9ed841c0,721fb4acfc40,232
721f9ed841c0,721fd623f9c0,238
721f9ed841c0,721fcb708c40,230
721f9ed841c0,72200d281000,236
721f9ed841c0,721fa0b28380,236
721f9ed841c0,721ff60706c0,232
721f9ed841c0,721fbf744a80,228
721f9ed841c0,721ff829f000,232
721f9ed841c0,721fcd328640,230
721f9ed841c0,721fa326aac0,232
721f9ed841c0,721fe6735ec0,228
721f9ed841c0,721fc0ea9bc0,234
721f9ed841c0,721fbe278c40,238
721f9ed841c0,721f97ef9640,232
721f9ed841c0,721f94390480,234
721f9ed841c0,721fd0c990c0,236
721f9ed841c0,721f96e97640,240
721f9ed841c0,721faccb7f40,364
721fe6874a00,721f924c8980,356
721fc4b38180,721f924c8980,232
721fc4b38180,721fffa47880,236
721fc4b38180,721fc57e29c0,234
721fc4b38180,721fae8bc100,240
721fc4b38180,721fd3d70880,236
721fc4b38180,721fec712f80,236
721fc4b38180,721fcded6a40,232
721fc4b38180,721ffc081480,238
721fc4b38180,721fb4acfc40,234
721fc4b38180,721fd623f9c0,236
721fc4b38180,721fcb708c40,230
721fc4b38180,72200d281000,236
721fc4b38180,721fa0b28380,236
721fc4b38180,721ff60706c0,232
721fc4b38180,721fbf744a80,230
721fc4b38180,721ff829f000,232
721fc4b38180,721fcd328640,232
721fc4b38180,721fa326aac0,232
721fc4b38180,721fe6735ec0,228
721fc4b38180,721fc0ea9bc0,234
721fc4b38180,721fbe278c40,238
721fc4b38180,721f97ef9640,232
721fc4b38180,721f94390480,236
721fc4b38180,721fd0c990c0,362
721fb31eec80,721f924c8980,232
721fb31eec80,721fffa47880,242
721fb31eec80,721fc57e29c0,234
721fb31eec80,721fae8bc100,242
721fb31eec80,721fd3d70880,236
721fb31eec80,721fec712f80,234
721fb31eec80,721fcded6a40,230
721fb31eec80,721ffc081480,242
721fb31eec80,721fb4acfc40,234
721fb31eec80,721fd623f9c0,242
721fb31eec80,721fcb708c40,230
721fb31eec80,72200d281000,236
721fb31eec80,721fa0b28380,236
721fb31eec80,721ff60706c0,234
721fb31eec80,721fbf744a80,230
721fb31eec80,721ff829f000,232
721fb31eec80,721fcd328640,234
721fb31eec80,721fa326aac0,232
721fb31eec80,721fe6735ec0,228
721fb31eec80,721fc0ea9bc0,234
721fb31eec80,721fbe278c40,242
721fb31eec80,721f97ef9640,232
721fb31eec80,721f94390480,366
721fbe1aa8c0,721f924c8980,232
721fbe1aa8c0,721fffa47880,236
721fbe1aa8c0,721fc57e29c0,236
721fbe1aa8c0,721fae8bc100,238
721fbe1aa8c0,721fd3d70880,236
721fbe1aa8c0,721fec712f80,234
721fbe1aa8c0,721fcded6a40,230
721fbe1aa8c0,721ffc081480,234
721fbe1aa8c0,721fb4acfc40,232
721fbe1aa8c0,721fd623f9c0,238
721fbe1aa8c0,721fcb708c40,230
721fbe1aa8c0,72200d281000,236
721fbe1aa8c0,721fa0b28380,236
721fbe1aa8c0,721ff60706c0,232
721fbe1aa8c0,721fbf744a80,232
721fbe1aa8c0,721ff829f000,232
721fbe1aa8c0,721fcd328640,230
721fbe1aa8c0,721fa326aac0,232
721fbe1aa8c0,721fe6735ec0,356
721ff6be1d40,721f924c8980,228
721ff6be1d40,721fffa47880,240
721ff6be1d40,721fc57e29c0,236
721ff6be1d40,721fae8bc100,242
721ff6be1d40,721fd3d70880,360
721fb82a1000,721f924c8980,228
721fb82a1000,721fffa47880,242
721fb82a1000,721fc57e29c0,236
721fb82a1000,721fae8bc100,242
721fb82a1000,721fd3d70880,236
721fb82a1000,721fec712f80,236
721fb82a1000,721fcded6a40,232
721fb82a1000,721ffc081480,238
721fb82a1000,721fb4acfc40,236
721fb82a1000,721fd623f9c0,366
721fcc4c3180,721f924c8980,232
721fcc4c3180,721fffa47880,238
721fcc4c3180,721fc57e29c0,234
721fcc4c3180,721fae8bc100,236
721fcc4c3180,721fd3d70880,234
721fcc4c3180,721fec712f80,236
721fcc4c3180,721fcded6a40,232
721fcc4c3180,721ffc081480,236
721fcc4c3180,721fb4acfc40,234
721fcc4c3180,721fd623f9c0,234
721fcc4c3180,721fcb708c40,232
721fcc4c3180,72200d281000,234
721fcc4c3180,721fa0b28380,234
721fcc4c3180,721ff60706c0,230
721fcc4c3180,721fbf744a80,232
721fcc4c3180,721ff829f000,228
721fcc4c3180,721fcd328640,232
721fcc4c3180,721fa326aac0,230
721fcc4c3180,721fe6735ec0,232
721fcc4c3180,721fc0ea9bc0,238
721fcc4c3180,721fbe278c40,236
721fcc4c3180,721f97ef9640,232
721fcc4c3180,721f94390480,238
721fcc4c3180,721fd0c990c0,234
721fcc4c3180,721f96e97640,236
721fcc4c3180,721faccb7f40,236
721fcc4c3180,721f96156f40,234
721fc8747a00,721f924c8980,228
721fc8747a00,721fffa47880,240
721fc8747a00,721fc57e29c0,236
721fc8747a00,721fae8bc100,238
721fc8747a00,721fd3d70880,234
721fc8747a00,721fec712f80,236
721fc8747a00,721fcded6a40,232
721fc8747a00,721ffc081480,238
721fc8747a00,721fb4acfc40,236
721fc8747a00,721fd623f9c0,236
721fc8747a00,721fcb708c40,232
721fc8747a00,72200d281000,234
721fc8747a00,721fa0b28380,236
721fc8747a00,721ff60706c0,230
721fc8747a00,721fbf744a80,232
721fc8747a00,721ff829f000,232
721fc8747a00,721fcd328640,232
721fc8747a00,721fa326aac0,232
721fc8747a00,721fe6735ec0,232
721fc8747a00,721fc0ea9bc0,238
721fc8747a00,721fbe278c40,236
721fc8747a00,721f97ef9640,228
721fc8747a00,721f94390480,240
721fc8747a00,721fd0c990c0,236
721fc8747a00,721f96e97640,236
721fc8747a00,721faccb7f40,240
721fc8747a00,721f96156f40,362
7220022c3c00,721f924c8980,228
7220022c3c00,721fffa47880,240
7220022c3c00,721fc57e29c0,236
7220022c3c00,721fae8bc100,240
7220022c3c00,721fd3d70880,234
7220022c3c00,721fec712f80,236
7220022c3c00,721fcded6a40,232
7220022c3c00,721ffc081480,238
7220022c3c00,721fb4acfc40,236
7220022c3c00,721fd623f9c0,238
7220022c3c00,721fcb708c40,232
7220022c3c00,72200d281000,234
7220022c3c00,721fa0b28380,236
7220022c3c00,721ff60706c0,230
7220022c3c00,721fbf744a80,232
7220022c3c00,721ff829f000,358
721f9016d740,721f924c8980,230
721f9016d740,721fffa47880,240
721f9016d740,721fc57e29c0,236
721f9016d740,721fae8bc100,242
721f9016d740,721fd3d70880,236
721f9016d740,721fec712f80,236
721f9016d740,721fcded6a40,232
721f9016d740,721ffc081480,238
721f9016d740,721fb4acfc40,236
721f9016d740,721fd623f9c0,366
721ff7bc0680,721f924c8980,228
721ff7bc0680,721fffa47880,242
721ff7bc0680,721fc57e29c0,234
721ff7bc0680,721fae8bc100,242
721ff7bc0680,721fd3d70880,234
721ff7bc0680,721fec712f80,236
721ff7bc0680,721fcded6a40,232
721ff7bc0680,721ffc081480,238
721ff7bc0680,721fb4acfc40,234
721ff7bc0680,721fd623f9c0,240
721ff7bc0680,721fcb708c40,232
721ff7bc0680,72200d281000,234
721ff7bc0680,721fa0b28380,234
721ff7bc0680,721ff60706c0,230
721ff7bc0680,721fbf744a80,232
721ff7bc0680,721ff829f000,228
721ff7bc0680,721fcd328640,232
721ff7bc0680,721fa326aac0,230
721ff7bc0680,721fe6735ec0,232
721ff7bc0680,721fc0ea9bc0,238
721ff7bc0680,721fbe278c40,368
72200b3bd280,721f924c8980,232
72200b3bd280,721fffa47880,230
72200b3bd280,721fc57e29c0,230
72200b3bd280,721fae8bc100,234
72200b3bd280,721fd3d70880,232
72200b3bd280,721fec712f80,232
72200b3bd280,721fcded6a40,232
72200b3bd280,721ffc081480,234
72200b3bd280,721fb4acfc40,230
72200b3bd280,721fd623f9c0,232
72200b3bd280,721fcb708c40,230
72200b3bd280,72200d281000,234
72200b3bd280,721fa0b28380,234
72200b3bd280,721ff60706c0,232
72200b3bd280,721fbf744a80,230
72200b3bd280,721ff829f000,232
72200b3bd280,721fcd328640,230
72200b3bd280,721fa326aac0,232
72200b3bd280,721fe6735ec0,230
72200b3bd280,721fc0ea9bc0,230
72200b3bd280,721fbe278c40,234
72200b3bd280,721f97ef9640,232
72200b3bd280,721f94390480,230
72200b3bd280,721fd0c990c0,232
72200b3bd280,721f96e97640,232
72200b3bd280,721faccb7f40,358
721fc1099180,721f924c8980,232
721fc1099180,721fffa47880,230
721fc1099180,721fc57e29c0,230
721fc1099180,721fae8bc100,234
721fc1099180,721fd3d70880,234
721fc1099180,721fec712f80,234
721fc1099180,721fcded6a40,358
721fccd08f80,721f924c8980,230
721fccd08f80,721fffa47880,234
721fccd08f80,721fc57e29c0,232
721fccd08f80,721fae8bc100,230
721fccd08f80,721fd3d70880,230
721fccd08f80,721fec712f80,232
721fccd08f80,721fcded6a40,232
721fccd08f80,721ffc081480,234
721fccd08f80,721fb4acfc40,232
721fccd08f80,721fd623f9c0,230
721fccd08f80,721fcb708c40,232
721fccd08f80,72200d281000,234
721fccd08f80,721fa0b28380,230
721fccd08f80,721ff60706c0,358
721f9094d740,721f924c8980,232
721f9094d740,721fffa47880,236
721f9094d740,721fc57e29c0,234
721f9094d740,721fae8bc100,238
721f9094d740,721fd3d70880,236
721f9094d740,721fec712f80,232
721f9094d740,721fcded6a40,228
721f9094d740,721ffc081480,240
721f9094d740,721fb4acfc40,236
721f9094d740,721fd623f9c0,240
721f9094d740,721fcb708c40,358
721fab02ae00,721f924c8980,232
721fab02ae00,721fffa47880,240
721fab02ae00,721fc57e29c0,236
721fab02ae00,721fae8bc100,236
721fab02ae00,721fd3d70880,234
721fab02ae00,721fec712f80,236
721fab02ae00,721fcded6a40,232
721fab02ae00,721ffc081480,238
721fab02ae00,721fb4acfc40,236
721fab02ae00,721fd623f9c0,236
721fab02ae00,721fcb708c40,232
721fab02ae00,72200d281000,234
721fab02ae00,721fa0b28380,234
721fab02ae00,721ff60706c0,232
721fab02ae00,721fbf744a80,232
721fab02ae00,721ff829f000,228
721fab02ae00,721fcd328640,232
721fab02ae00,721fa326aac0,230
721fab02ae00,721fe6735ec0,232
721fab02ae00,721fc0ea9bc0,238
721fab02ae00,721fbe278c40,236
721fab02ae00,721f97ef9640,232
721fab02ae00,721f94390480,240
721fab02ae00,721fd0c990c0,236
721fab02ae00,721f96e97640,364
721fe9291240,721f924c8980,232
721fe9291240,721fffa47880,236
721fe9291240,721fc57e29c0,234
721fe9291240,721fae8bc100,238
721fe9291240,721fd3d70880,236
721fe9291240,721fec712f80,234
721fe9291240,721fcded6a40,228
721fe9291240,721ffc081480,240
721fe9291240,721fb4acfc40,236
721fe9291240,721fd623f9c0,240
721fe9291240,721fcb708c40,358
721fd27e6840,721f924c8980,232
721fd27e6840,721fffa47880,232
721fd27e6840,721fc57e29c0,232
721fd27e6840,721fae8bc100,232
721fd27e6840,721fd3d70880,232
721fd27e6840,721fec712f80,230
721fd27e6840,721fcded6a40,228
721fd27e6840,721ffc081480,232
721fd27e6840,721fb4acfc40,230
721fd27e6840,721fd623f9c0,234
721fd27e6840,721fcb708c40,230
721fd27e6840,72200d281000,234
721fd27e6840,721fa0b28380,232
721fd27e6840,721ff60706c0,232
721fd27e6840,721fbf744a80,230
721fd27e6840,721ff829f000,232
721fd27e6840,721fcd328640,232
721fd27e6840,721fa326aac0,232
721fd27e6840,721fe6735ec0,230
721fd27e6840,721fc0ea9bc0,232
721fd27e6840,721fbe278c40,234
721fd27e6840,721f97ef9640,232
721fd27e6840,721f94390480,232
721fd27e6840,721fd0c990c0,232
721fd27e6840,721f96e97640,234
721fd27e6840,721faccb7f40,230
721fd27e6840,721f96156f40,234
721fd27e6840,721fcc4c3180,232
721fd42d8d40,721f924c8980,230
721fd42d8d40,721fffa47880,232
721fd42d8d40,721fc57e29c0,234
721fd42d8d40,721fae8bc100,358
721ff412dbc0,721f924c8980,232
721ff412dbc0,721fffa47880,230
721ff412dbc0,721fc57e29c0,358
721f92b00940,721f924c8980,232
721f92b00940,721fffa47880,238
721f92b00940,721fc57e29c0,236
721f92b00940,721fae8bc100,242
721f92b00940,721fd3d70880,236
721f92b00940,721fec712f80,234
721f92b00940,721fcded6a40,230
721f92b00940,721ffc081480,240
721f92b00940,721fb4acfc40,234
721f92b00940,721fd623f9c0,240
721f92b00940,721fcb708c40,232
721f92b00940,72200d281000,236
721f92b00940,721fa0b28380,236
721f92b00940,721ff60706c0,234
721f92b00940,721fbf744a80,232
721f92b00940,721ff829f000,232
721f92b00940,721fcd328640,230
721f92b00940,721fa326aac0,232
721f92b00940,721fe6735ec0,358
721fb5f08d40,721f924c8980,230
721fb5f08d40,721fffa47880,240
721fb5f08d40,721fc57e29c0,236
721fb5f08d40,721fae8bc100,238
721fb5f08d40,721fd3d70880,234
721fb5f08d40,721fec712f80,236
721fb5f08d40,721fcded6a40,232
721fb5f08d40,721ffc081480,238
721fb5f08d40,721fb4acfc40,236
721fb5f08d40,721fd623f9c0,238
721fb5f08d40,721fcb708c40,232
721fb5f08d40,72200d281000,234
721fb5f08d40,721fa0b28380,236
721fb5f08d40,721ff60706c0,230
721fb5f08d40,721fbf744a80,232
721fb5f08d40,721ff829f000,230
721fb5f08d40,721fcd328640,234
721fb5f08d40,721fa326aac0,356
721f90cf2880,721f924c8980,228
721f90cf2880,721fffa47880,238
721f90cf2880,721fc57e29c0,236
721f90cf2880,721fae8bc100,234
721f90cf2880,721fd3d70880,234
721f90cf2880,721fec712f80,236
721f90cf2880,721fcded6a40,232
721f90cf2880,721ffc081480,238
721f90cf2880,721fb4acfc40,236
721f90cf2880,721fd623f9c0,234
721f90cf2880,721fcb708c40,232
721f90cf2880,72200d281000,236
721f90cf2880,721fa0b28380,234
721f90cf2880,721ff60706c0,358
722000073e00,721f924c8980,228
722000073e00,721fffa47880,242
722000073e00,721fc57e29c0,234
722000073e00,721fae8bc100,240
722000073e00,721fd3d70880,234
722000073e00,721fec712f80,236
722000073e00,721fcded6a40,232
722000073e00,721ffc081480,238
722000073e00,721fb4acfc40,234
722000073e00,721fd623f9c0,238
722000073e00,721fcb708c40,232
722000073e00,72200d281000,234
722000073e00,721fa0b28380,362
721ffeda9400,721f924c8980,228
721ffeda9400,721fffa47880,242
721ffeda9400,721fc57e29c0,236
721ffeda9400,721fae8bc100,240
721ffeda9400,721fd3d70880,234
721ffeda9400,721fec712f80,236
721ffeda9400,721fcded6a40,232
721ffeda9400,721ffc081480,242
721ffeda9400,721fb4acfc40,238
721ffeda9400,721fd623f9c0,238
721ffeda9400,721fcb708c40,232
721ffeda9400,72200d281000,362
721f98d89f00,721f924c8980,230
721f98d89f00,721fffa47880,234
721f98d89f00,721fc57e29c0,234
721f98d89f00,721fae8bc100,232
721f98d89f00,721fd3d70880,232
721f98d89f00,721fec712f80,236
721f98d89f00,721fcded6a40,232
721f98d89f00,721ffc081480,234
721f98d89f00,721fb4acfc40,234
721f98d89f00,721fd623f9c0,230
721f98d89f00,721fcb708c40,232
721f98d89f00,72200d281000,234
721f98d89f00,721fa0b28380,232
721f98d89f00,721ff60706c0,358
721f9df2bd40,721f924c8980,232
721f9df2bd40,721fffa47880,240
721f9df2bd40,721fc57e29c0,236
721f9df2bd40,721fae8bc100,236
721f9df2bd40,721fd3d70880,234
721f9df2bd40,721fec712f80,236
721f9df2bd40,721fcded6a40,232
721f9df2bd40,721ffc081480,236
721f9df2bd40,721fb4acfc40,236
721f9df2bd40,721fd623f9c0,238
721f9df2bd40,721fcb708c40,232
721f9df2bd40,72200d281000,234
721f9df2bd40,721fa0b28380,234
721f9df2bd40,721ff60706c0,230
721f9df2bd40,721fbf744a80,232
721f9df2bd40,721ff829f000,228
721f9df2bd40,721fcd328640,232
721f9df2bd40,721fa326aac0,228
721f9df2bd40,721fe6735ec0,232
721f9df2bd40,721fc0ea9bc0,238
721f9df2bd40,721fbe278c40,236
721f9df2bd40,721f97ef9640,232
721f9df2bd40,721f94390480,240
721f9df2bd40,721fd0c990c0,236
721f9df2bd40,721f96e97640,240
721f9df2bd40,721faccb7f40,240
721f9df2bd40,721f96156f40,234
721f9df2bd40,721fcc4c3180,360
721fd0804f40,721f924c8980,230
721fd0804f40,721fffa47880,238
721fd0804f40,721fc57e29c0,236
721fd0804f40,721fae8bc100,242
721fd0804f40,721fd3d70880,236
721fd0804f40,721fec712f80,234
721fd0804f40,721fcded6a40,230
721fd0804f40,721ffc081480,240
721fd0804f40,721fb4acfc40,234
721fd0804f40,721fd623f9c0,242
721fd0804f40,721fcb708c40,230
721fd0804f40,72200d281000,236
721fd0804f40,721fa0b28380,236
721fd0804f40,721ff60706c0,234
721fd0804f40,721fbf744a80,356
721fe34caf00,721f924c8980,232
721fe34caf00,721fffa47880,232
721fe34caf00,721fc57e29c0,232
721fe34caf00,721fae8bc100,234
721fe34caf00,721fd3d70880,234
721fe34caf00,721fec712f80,234
721fe34caf00,721fcded6a40,358
721fa5282c80,721f924c8980,228
721fa5282c80,721fffa47880,240
721fa5282c80,721fc57e29c0,236
721fa5282c80,721fae8bc100,238
721fa5282c80,721fd3d70880,234
721fa5282c80,721fec712f80,236
721fa5282c80,721fcded6a40,232
721fa5282c80,721ffc081480,238
721fa5282c80,721fb4acfc40,236
721fa5282c80,721fd623f9c0,236
721fa5282c80,721fcb708c40,232
721fa5282c80,72200d281000,234
721fa5282c80,721fa0b28380,236
721fa5282c80,721ff60706c0,230
721fa5282c80,721fbf744a80,232
721fa5282c80,721ff829f000,232
721fa5282c80,721fcd328640,232
721fa5282c80,721fa326aac0,358
721fe0789100,721f924c8980,228
721fe0789100,721fffa47880,240
721fe0789100,721fc57e29c0,236
721fe0789100,721fae8bc100,240
721fe0789100,721fd3d70880,234
721fe0789100,721fec712f80,236
721fe0789100,721fcded6a40,232
721fe0789100,721ffc081480,242
721fe0789100,721fb4acfc40,236
721fe0789100,721fd623f9c0,238
721fe0789100,721fcb708c40,232
721fe0789100,72200d281000,236
721fe0789100,721fa0b28380,234
721fe0789100,721ff60706c0,358
721fbaf3f900,721f924c8980,228
721fbaf3f900,721fffa47880,238
721fbaf3f900,721fc57e29c0,234
721fbaf3f900,721fae8bc100,236
721fbaf3f900,721fd3d70880,234
721fbaf3f900,721fec712f80,236
721fbaf3f900,721fcded6a40,232
721fbaf3f900,721ffc081480,238
721fbaf3f900,721fb4acfc40,234
721fbaf3f900,721fd623f9c0,234
721fbaf3f900,721fcb708c40,232
721fbaf3f900,72200d281000,236
721fbaf3f900,721fa0b28380,234
721fbaf3f900,721ff60706c0,358
721fdafbae00,721f924c8980,228
721fdafbae00,721fffa47880,234
721fdafbae00,721fc57e29c0,232
721fdafbae00,721fae8bc100,230
721fdafbae00,721fd3d70880,232
721fdafbae00,721fec712f80,234
721fdafbae00,721fcded6a40,232
721fdafbae00,721ffc081480,230
721fdafbae00,721fb4acfc40,232
721fdafbae00,721fd623f9c0,230
721fdafbae00,721fcb708c40,232
721fdafbae00,72200d281000,230
721fdafbae00,721fa0b28380,234
721fdafbae00,721ff60706c0,230
721fdafbae00,721fbf744a80,232
721fdafbae00,721ff829f000,356
722004b77dc0,721f924c8980,232
722004b77dc0,721fffa47880,230
722004b77dc0,721fc57e29c0,230
722004b77dc0,721fae8bc100,232
722004b77dc0,721fd3d70880,232
722004b77dc0,721fec712f80,232
722004b77dc0,721fcded6a40,232
722004b77dc0,721ffc081480,232
722004b77dc0,721fb4acfc40,232
722004b77dc0,721fd623f9c0,234
722004b77dc0,721fcb708c40,230
722004b77dc0,72200d281000,232
722004b77dc0,721fa0b28380,232
722004b77dc0,721ff60706c0,232
722004b77dc0,721fbf744a80,230
722004b77dc0,721ff829f000,232
722004b77dc0,721fcd328640,230
722004b77dc0,721fa326aac0,232
722004b77dc0,721fe6735ec0,228
722004b77dc0,721fc0ea9bc0,230
722004b77dc0,721fbe278c40,234
722004b77dc0,721f97ef9640,232
722004b77dc0,721f94390480,230
722004b77dc0,721fd0c990c0,234
722004b77dc0,721f96e97640,234
722004b77dc0,721faccb7f40,360
721fea2ea1c0,721f924c8980,232
721fea2ea1c0,721fffa47880,240
721fea2ea1c0,721fc57e29c0,234
721fea2ea1c0,721fae8bc100,240
721fea2ea1c0,721fd3d70880,236
721fea2ea1c0,721fec712f80,234
721fea2ea1c0,721fcded6a40,228
721fea2ea1c0,721ffc081480,240
721fea2ea1c0,721fb4acfc40,234
721fea2ea1c0,721fd623f9c0,240
721fea2ea1c0,721fcb708c40,230
721fea2ea1c0,72200d281000,236
721fea2ea1c0,721fa0b28380,236
721fea2ea1c0,721ff60706c0,232
721fea2ea1c0,721fbf744a80,230
721fea2ea1c0,721ff829f000,232
721fea2ea1c0,721fcd328640,232
721fea2ea1c0,721fa326aac0,232
721fea2ea1c0,721fe6735ec0,230
721fea2ea1c0,721fc0ea9bc0,234
721fea2ea1c0,721fbe278c40,240
721fea2ea1c0,721f97ef9640,232
721fea2ea1c0,721f94390480,364
721fc2d9cb80,721f924c8980,228
721fc2d9cb80,721fffa47880,242
721fc2d9cb80,721fc57e29c0,236
721fc2d9cb80,721fae8bc100,242
721fc2d9cb80,721fd3d70880,236
721fc2d9cb80,721fec712f80,236
721fc2d9cb80,721fcded6a40,232
721fc2d9cb80,721ffc081480,238
721fc2d9cb80,721fb4acfc40,236
721fc2d9cb80,721fd623f9c0,366
721fae018dc0,721f924c8980,232
721fae018dc0,721fffa47880,230
721fae018dc0,721fc57e29c0,234
721fae018dc0,721fae8bc100,234
721fae018dc0,721fd3d70880,232
721fae018dc0,721fec712f80,230
721fae018dc0,721fcded6a40,230
721fae018dc0,721ffc081480,232
721fae018dc0,721fb4acfc40,232
721fae018dc0,721fd623f9c0,234
721fae018dc0,721fcb708c40,230
721fae018dc0,72200d281000,232
721fae018dc0,721fa0b28380,232
721fae018dc0,721ff60706c0,232
721fae018dc0,721fbf744a80,232
721fae018dc0,721ff829f000,232
721fae018dc0,721fcd328640,230
721fae018dc0,721fa326aac0,232
721fae018dc0,721fe6735ec0,232
721fae018dc0,721fc0ea9bc0,230
721fae018dc0,721fbe278c40,234
721fae018dc0,721f97ef9640,232
721fae018dc0,721f94390480,230
721fae018dc0,721fd0c990c0,230
721fae018dc0,721f96e97640,234
721fae018dc0,721faccb7f40,230
721fae018dc0,721f96156f40,234
721fae018dc0,721fcc4c3180,234
721fae018dc0,721fd27e6840,230
721fa79ad380,721f924c8980,232
721fa79ad380,721fffa47880,236
721fa79ad380,721fc57e29c0,234
721fa79ad380,721fae8bc100,240
721fa79ad380,721fd3d70880,236
721fa79ad380,721fec712f80,234
721fa79ad380,721fcded6a40,228
721fa79ad380,721ffc081480,240
721fa79ad380,721fb4acfc40,236
721fa79ad380,721fd623f9c0,240
721fa79ad380,721fcb708c40,358
721ffc6e4580,721f924c8980,228
721ffc6e4580,721fffa47880,240
721ffc6e4580,721fc57e29c0,236
721ffc6e4580,721fae8bc100,240
721ffc6e4580,721fd3d70880,236
721ffc6e4580,721fec712f80,236
721ffc6e4580,721fcded6a40,232
721ffc6e4580,721ffc081480,236
721ffc6e4580,721fb4acfc40,236
721ffc6e4580,721fd623f9c0,240
721ffc6e4580,721fcb708c40,232
721ffc6e4580,72200d281000,234
721ffc6e4580,721fa0b28380,234
721ffc6e4580,721ff60706c0,230
721ffc6e4580,721fbf744a80,232
721ffc6e4580,721ff829f000,230
721ffc6e4580,721fcd328640,232
721ffc6e4580,721fa326aac0,228
721ffc6e4580,721fe6735ec0,232
721ffc6e4580,721fc0ea9bc0,238
721ffc6e4580,721fbe278c40,364
721fa14dca00,721f924c8980,230
721fa14dca00,721fffa47880,234
721fa14dca00,721fc57e29c0,234
721fa14dca00,721fae8bc100,232
721fa14dca00,721fd3d70880,232
721fa14dca00,721fec712f80,236
721fa14dca00,721fcded6a40,232
721fa14dca00,721ffc081480,232
721fa14dca00,721fb4acfc40,234
721fa14dca00,721fd623f9c0,230
721fa14dca00,721fcb708c40,232
721fa14dca00,72200d281000,232
721fa14dca00,721fa0b28380,236
721fa14dca00,721ff60706c0,230
721fa14dca00,721fbf744a80,232
721fa14dca00,721ff829f000,358
721fa8d1aac0,721f924c8980,228
721fa8d1aac0,721fffa47880,242
721fa8d1aac0,721fc57e29c0,236
721fa8d1aac0,721fae8bc100,240
721fa8d1aac0,721fd3d70880,232
721fa8d1aac0,721fec712f80,236
721fa8d1aac0,721fcded6a40,232
721fa8d1aac0,721ffc081480,366
721fe54a4c40,721f924c8980,232
721fe54a4c40,721fffa47880,238
721fe54a4c40,721fc57e29c0,234
721fe54a4c40,721fae8bc100,242
721fe54a4c40,721fd3d70880,236
721fe54a4c40,721fec712f80,232
721fe54a4c40,721fcded6a40,230
721fe54a4c40,721ffc081480,242
721fe54a4c40,721fb4acfc40,362
721f9da99c80,721f924c8980,232
721f9da99c80,721fffa47880,238
721f9da99c80,721fc57e29c0,234
721f9da99c80,721fae8bc100,240
721f9da99c80,721fd3d70880,236
721f9da99c80,721fec712f80,234
721f9da99c80,721fcded6a40,228
721f9da99c80,721ffc081480,238
721f9da99c80,721fb4acfc40,234
721f9da99c80,721fd623f9c0,236
721f9da99c80,721fcb708c40,230
721f9da99c80,72200d281000,236
721f9da99c80,721fa0b28380,236
721f9da99c80,721ff60706c0,232
721f9da99c80,721fbf744a80,230
721f9da99c80,721ff829f000,232
721f9da99c80,721fcd328640,232
721f9da99c80,721fa326aac0,232
721f9da99c80,721fe6735ec0,228
721f9da99c80,721fc0ea9bc0,234
721f9da99c80,721fbe278c40,238
721f9da99c80,721f97ef9640,232
721f9da99c80,721f94390480,238
721f9da99c80,721fd0c990c0,234
721f9da99c80,721f96e97640,238
721f9da99c80,721faccb7f40,234
721f9da99c80,721f96156f40,236
721f9da99c80,721fcc4c3180,236
721f9da99c80,721fd27e6840,356
721fdafb3c80,721f924c8980,356
721fa33adbc0,721f924c8980,228
721fa33adbc0,721fffa47880,242
721fa33adbc0,721fc57e29c0,236
721fa33adbc0,721fae8bc100,242
721fa33adbc0,721fd3d70880,236
721fa33adbc0,721fec712f80,236
721fa33adbc0,721fcded6a40,232
721fa33adbc0,721ffc081480,238
721fa33adbc0,721fb4acfc40,236
721fa33adbc0,721fd623f9c0,240
721fa33adbc0,721fcb708c40,232
721fa33adbc0,72200d281000,234
721fa33adbc0,721fa0b28380,234
721fa33adbc0,721ff60706c0,230
721fa33adbc0,721fbf744a80,230
721fa33adbc0,721ff829f000,228
721fa33adbc0,721fcd328640,232
721fa33adbc0,721fa326aac0,230
721fa33adbc0,721fe6735ec0,232
721fa33adbc0,721fc0ea9bc0,238
721fa33adbc0,721fbe278c40,368
721f9f5e7400,721f924c8980,356
721ff71dea80,721f924c8980,232
721ff71dea80,721fffa47880,240
721ff71dea80,721fc57e29c0,232
721ff71dea80,721fae8bc100,242
721ff71dea80,721fd3d70880,236
721ff71dea80,721fec712f80,234
721ff71dea80,721fcded6a40,230
721ff71dea80,721ffc081480,242
721ff71dea80,721fb4acfc40,236
721ff71dea80,721fd623f9c0,240
721ff71dea80,721fcb708c40,234
721ff71dea80,72200d281000,236
721ff71dea80,721fa0b28380,236
721ff71dea80,721ff60706c0,234
721ff71dea80,721fbf744a80,232
721ff71dea80,721ff829f000,230
721ff71dea80,721fcd328640,230
721ff71dea80,721fa326aac0,232
721ff71dea80,721fe6735ec0,228
721ff71dea80,721fc0ea9bc0,362
721ffd83ee40,721f924c8980,232
721ffd83ee40,721fffa47880,242
721ffd83ee40,721fc57e29c0,234
721ffd83ee40,721fae8bc100,242
721ffd83ee40,721fd3d70880,236
721ffd83ee40,721fec712f80,234
721ffd83ee40,721fcded6a40,230
721ffd83ee40,721ffc081480,242
721ffd83ee40,721fb4acfc40,234
721ffd83ee40,721fd623f9c0,240
721ffd83ee40,721fcb708c40,230
721ffd83ee40,72200d281000,236
721ffd83ee40,721fa0b28380,236
721ffd83ee40,721ff60706c0,234
721ffd83ee40,721fbf744a80,230
721ffd83ee40,721ff829f000,232
721ffd83ee40,721fcd328640,358
721fe2fcdc40,721f924c8980,230
721fe2fcdc40,721fffa47880,238
721fe2fcdc40,721fc57e29c0,234
721fe2fcdc40,721fae8bc100,242
721fe2fcdc40,721fd3d70880,236
721fe2fcdc40,721fec712f80,234
721fe2fcdc40,721fcded6a40,230
721fe2fcdc40,721ffc081480,242
721fe2fcdc40,721fb4acfc40,236
721fe2fcdc40,721fd623f9c0,242
721fe2fcdc40,721fcb708c40,358
721fbc6b77c0,721f924c8980,232
721fbc6b77c0,721fffa47880,230
721fbc6b77c0,721fc57e29c0,230
721fbc6b77c0,721fae8bc100,232
721fbc6b77c0,721fd3d70880,232
721fbc6b77c0,721fec712f80,358
721fe2b6ca40,721f924c8980,356
721fe6cce580,721f924c8980,230
721fe6cce580,721fffa47880,234
721fe6cce580,721fc57e29c0,232
721fe6cce580,721fae8bc100,358
721fe37c0500,721f924c8980,228
721fe37c0500,721fffa47880,238
721fe37c0500,721fc57e29c0,236
721fe37c0500,721fae8bc100,236
721fe37c0500,721fd3d70880,234
721fe37c0500,721fec712f80,236
721fe37c0500,721fcded6a40,232
721fe37c0500,721ffc081480,238
721fe37c0500,721fb4acfc40,236
721fe37c0500,721fd623f9c0,234
721fe37c0500,721fcb708c40,232
721fe37c0500,72200d281000,234
721fe37c0500,721fa0b28380,236
721fe37c0500,721ff60706c0,230
721fe37c0500,721fbf744a80,232
721fe37c0500,721ff829f000,356
721fe4a5f2c0,721f924c8980,232
721fe4a5f2c0,721fffa47880,234
721fe4a5f2c0,721fc57e29c0,232
721fe4a5f2c0,721fae8bc100,234
721fe4a5f2c0,721fd3d70880,234
721fe4a5f2c0,721fec712f80,232
721fe4a5f2c0,721fcded6a40,230
721fe4a5f2c0,721ffc081480,232
721fe4a5f2c0,721fb4acfc40,232
721fe4a5f2c0,721fd623f9c0,234
721fe4a5f2c0,721fcb708c40,230
721fe4a5f2c0,72200d281000,234
721fe4a5f2c0,721fa0b28380,234
721fe4a5f2c0,721ff60706c0,232
721fe4a5f2c0,721fbf744a80,230
721fe4a5f2c0,721ff829f000,232
721fe4a5f2c0,721fcd328640,234
721fe4a5f2c0,721fa326aac0,232
721fe4a5f2c0,721fe6735ec0,230
721fe4a5f2c0,721fc0ea9bc0,232
721fe4a5f2c0,721fbe278c40,236
721fe4a5f2c0,721f97ef9640,232
721fe4a5f2c0,721f94390480,232
721fe4a5f2c0,721fd0c990c0,232
721fe4a5f2c0,721f96e97640,234
721fe4a5f2c0,721faccb7f40,232
721fe4a5f2c0,721f96156f40,236
721fe4a5f2c0,721fcc4c3180,234
721fe4a5f2c0,721fd27e6840,356
721fd7f423c0,721f924c8980,228
721fd7f423c0,721fffa47880,236
721fd7f423c0,721fc57e29c0,236
721fd7f423c0,721fae8bc100,234
721fd7f423c0,721fd3d70880,232
721fd7f423c0,721fec712f80,236
721fd7f423c0,721fcded6a40,232
721fd7f423c0,721ffc081480,236
721fd7f423c0,721fb4acfc40,236
721fd7f423c0,721fd623f9c0,234
721fd7f423c0,721fcb708c40,232
721fd7f423c0,72200d281000,236
721fd7f423c0,721fa0b28380,232
721fd7f423c0,721ff60706c0,358
721fd3769900,721f924c8980,232
721fd3769900,721fffa47880,242
721fd3769900,721fc57e29c0,234
721fd3769900,721fae8bc100,242
721fd3769900,721fd3d70880,236
721fd3769900,721fec712f80,234
721fd3769900,721fcded6a40,228
721fd3769900,721ffc081480,240
721fd3769900,721fb4acfc40,234
721fd3769900,721fd623f9c0,242
721fd3769900,721fcb708c40,230
721fd3769900,72200d281000,236
721fd3769900,721fa0b28380,236
721fd3769900,721ff60706c0,232
721fd3769900,721fbf744a80,230
721fd3769900,721ff829f000,232
721fd3769900,721fcd328640,358
721fee9e9200,721f924c8980,232
721fee9e9200,721fffa47880,236
721fee9e9200,721fc57e29c0,234
721fee9e9200,721fae8bc100,238
721fee9e9200,721fd3d70880,236
721fee9e9200,721fec712f80,362
721fe706e100,721f924c8980,230
721fe706e100,721fffa47880,234
721fe706e100,721fc57e29c0,234
721fe706e100,721fae8bc100,232
721fe706e100,721fd3d70880,232
721fe706e100,721fec712f80,236
721fe706e100,721fcded6a40,232
721fe706e100,721ffc081480,234
721fe706e100,721fb4acfc40,234
721fe706e100,721fd623f9c0,230
721fe706e100,721fcb708c40,234
721fe706e100,72200d281000,360
721f9516e880,721f924c8980,232
721f9516e880,721fffa47880,230
721f9516e880,721fc57e29c0,230
721f9516e880,721fae8bc100,234
721f9516e880,721fd3d70880,234
721f9516e880,721fec712f80,230
721f9516e880,721fcded6a40,228
721f9516e880,721ffc081480,232
721f9516e880,721fb4acfc40,232
721f9516e880,721fd623f9c0,232
721f9516e880,721fcb708c40,232
721f9516e880,72200d281000,234
721f9516e880,721fa0b28380,232
721f9516e880,721ff60706c0,232
721f9516e880,721fbf744a80,230
721f9516e880,721ff829f000,232
721f9516e880,721fcd328640,230
721f9516e880,721fa326aac0,232
721f9516e880,721fe6735ec0,230
721f9516e880,721fc0ea9bc0,358
721fc30b4100,721f924c8980,230
721fc30b4100,721fffa47880,368
721ffd4f0dc0,721f924c8980,232
721ffd4f0dc0,721fffa47880,240
721ffd4f0dc0,721fc57e29c0,236
721ffd4f0dc0,721fae8bc100,238
721ffd4f0dc0,721fd3d70880,234
721ffd4f0dc0,721fec712f80,236
721ffd4f0dc0,721fcded6a40,232
721ffd4f0dc0,721ffc081480,238
721ffd4f0dc0,721fb4acfc40,236
721ffd4f0dc0,721fd623f9c0,238
721ffd4f0dc0,721fcb708c40,232
721ffd4f0dc0,72200d281000,234
721ffd4f0dc0,721fa0b28380,234
721ffd4f0dc0,721ff60706c0,230
721ffd4f0dc0,721fbf744a80,232
721ffd4f0dc0,721ff829f000,230
721ffd4f0dc0,721fcd328640,234
721ffd4f0dc0,721fa326aac0,230
721ffd4f0dc0,721fe6735ec0,232
721ffd4f0dc0,721fc0ea9bc0,238
721ffd4f0dc0,721fbe278c40,240
721ffd4f0dc0,721f97ef9640,232
721ffd4f0dc0,721f94390480,240
721ffd4f0dc0,721fd0c990c0,236
721ffd4f0dc0,721f96e97640,242
721ffd4f0dc0,721faccb7f40,240
721ffd4f0dc0,721f96156f40,234
721ffd4f0dc0,721fcc4c3180,362
721fe6af79c0,721f924c8980,228
721fe6af79c0,721fffa47880,240
721fe6af79c0,721fc57e29c0,236
721fe6af79c0,721fae8bc100,236
721fe6af79c0,721fd3d70880,234
721fe6af79c0,721fec712f80,236
721fe6af79c0,721fcded6a40,232
721fe6af79c0,721ffc081480,236
721fe6af79c0,721fb4acfc40,236
721fe6af79c0,721fd623f9c0,238
721fe6af79c0,721fcb708c40,232
721fe6af79c0,72200d281000,234
721fe6af79c0,721fa0b28380,236
721fe6af79c0,721ff60706c0,230
721fe6af79c0,721fbf744a80,232
721fe6af79c0,721ff829f000,356
721fef1f3a40,721f924c8980,358
721fc96abc00,721f924c8980,232
721fc96abc00,721fffa47880,238
721fc96abc00,721fc57e29c0,234
721fc96abc00,721fae8bc100,238
721fc96abc00,721fd3d70880,236
721fc96abc00,721fec712f80,234
721fc96abc00,721fcded6a40,228
721fc96abc00,721ffc081480,240
721fc96abc00,721fb4acfc40,236
721fc96abc00,721fd623f9c0,236
721fc96abc00,721fcb708c40,358
721fdc86f780,721f924c8980,232
721fdc86f780,721fffa47880,234
721fdc86f780,721fc57e29c0,232
721fdc86f780,721fae8bc100,232
721fdc86f780,721fd3d70880,230
721fdc86f780,721fec712f80,232
721fdc86f780,721fcded6a40,232
721fdc86f780,721ffc081480,230
721fdc86f780,721fb4acfc40,232
721fdc86f780,721fd623f9c0,230
721fdc86f780,721fcb708c40,232
721fdc86f780,72200d281000,232
721fdc86f780,721fa0b28380,230
721fdc86f780,721ff60706c0,230
721fdc86f780,721fbf744a80,232
721fdc86f780,721ff829f000,230
721fdc86f780,721fcd328640,232
721fdc86f780,721fa326aac0,228
721fdc86f780,721fe6735ec0,232
721fdc86f780,721fc0ea9bc0,232
721fdc86f780,721fbe278c40,230
721fdc86f780,721f97ef9640,232
721fdc86f780,721f94390480,232
721fdc86f780,721fd0c990c0,232
721fdc86f780,721f96e97640,232
721fdc86f780,721faccb7f40,232
721fdc86f780,721f96156f40,230
721fdc86f780,721fcc4c3180,358
721fca6ddc40,721f924c8980,228
721fca6ddc40,721fffa47880,236
721fca6ddc40,721fc57e29c0,236
721fca6ddc40,721fae8bc100,234
721fca6ddc40,721fd3d70880,234
721fca6ddc40,721fec712f80,236
721fca6ddc40,721fcded6a40,232
721fca6ddc40,721ffc081480,234
721fca6ddc40,721fb4acfc40,236
721fca6ddc40,721fd623f9c0,236
721fca6ddc40,721fcb708c40,232
721fca6ddc40,72200d281000,236
721fca6ddc40,721fa0b28380,234
721fca6ddc40,721ff60706c0,232
721fca6ddc40,721fbf744a80,230
721fca6ddc40,721ff829f000,228
721fca6ddc40,721fcd328640,232
721fca6ddc40,721fa326aac0,230
721fca6ddc40,721fe6735ec0,232
721fca6ddc40,721fc0ea9bc0,238
721fca6ddc40,721fbe278c40,236
721fca6ddc40,721f97ef9640,230
721fca6ddc40,721f94390480,236
721fca6ddc40,721fd0c990c0,236
721fca6ddc40,721f96e97640,236
721fca6ddc40,721faccb7f40,238
721fca6ddc40,721f96156f40,232
721fca6ddc40,721fcc4c3180,234
721fca6ddc40,721fd27e6840,232
721fca6ddc40,721fae018dc0,232
721ffd648780,721f924c8980,232
721ffd648780,721fffa47880,236
721ffd648780,721fc57e29c0,236
721ffd648780,721fae8bc100,238
721ffd648780,721fd3d70880,236
721ffd648780,721fec712f80,234
721ffd648780,721fcded6a40,228
721ffd648780,721ffc081480,238
721ffd648780,721fb4acfc40,234
721ffd648780,721fd623f9c0,236
721ffd648780,721fcb708c40,230
721ffd648780,72200d281000,236
721ffd648780,721fa0b28380,236
721ffd648780,721ff60706c0,232
721ffd648780,721fbf744a80,232
721ffd648780,721ff829f000,232
721ffd648780,721fcd328640,230
721ffd648780,721fa326aac0,232
721ffd648780,721fe6735ec0,232
721ffd648780,721fc0ea9bc0,234
721ffd648780,721fbe278c40,238
721ffd648780,721f97ef9640,232
721ffd648780,721f94390480,236
721ffd648780,721fd0c990c0,234
721ffd648780,721f96e97640,238
721ffd648780,721faccb7f40,234
721ffd648780,721f96156f40,236
721ffd648780,721fcc4c3180,236
721ffd648780,721fd27e6840,228
721ffd648780,721fae018dc0,356
721ffba88580,721f924c8980,232
721ffba88580,721fffa47880,234
721ffba88580,721fc57e29c0,230
721ffba88580,721fae8bc100,234
721ffba88580,721fd3d70880,234
721ffba88580,721fec712f80,230
721ffba88580,721fcded6a40,230
721ffba88580,721ffc081480,234
721ffba88580,721fb4acfc40,230
721ffba88580,721fd623f9c0,232
721ffba88580,721fcb708c40,230
721ffba88580,72200d281000,234
721ffba88580,721fa0b28380,234
721ffba88580,721ff60706c0,232
721ffba88580,721fbf744a80,230
721ffba88580,721ff829f000,232
721ffba88580,721fcd328640,358
721fe328afc0,721f924c8980,232
721fe328afc0,721fffa47880,232
721fe328afc0,721fc57e29c0,234
721fe328afc0,721fae8bc100,232
721fe328afc0,721fd3d70880,232
721fe328afc0,721fec712f80,234
721fe328afc0,721fcded6a40,232
721fe328afc0,721ffc081480,232
721fe328afc0,721fb4acfc40,234
721fe328afc0,721fd623f9c0,232
721fe328afc0,721fcb708c40,232
721fe328afc0,72200d281000,232
721fe328afc0,721fa0b28380,232
721fe328afc0,721ff60706c0,230
721fe328afc0,721fbf744a80,232
721fe328afc0,721ff829f000,230
721fe328afc0,721fcd328640,232
721fe328afc0,721fa326aac0,230
721fe328afc0,721fe6735ec0,232
721fe328afc0,721fc0ea9bc0,234
721fe328afc0,721fbe278c40,232
721fe328afc0,721f97ef9640,358
721feaf2cd40,721f924c8980,232
721feaf2cd40,721fffa47880,232
721feaf2cd40,721fc57e29c0,234
721feaf2cd40,721fae8bc100,232
721feaf2cd40,721fd3d70880,232
721feaf2cd40,721fec712f80,234
721feaf2cd40,721fcded6a40,232
721feaf2cd40,721ffc081480,232
721feaf2cd40,721fb4acfc40,234
721feaf2cd40,721fd623f9c0,232
721feaf2cd40,721fcb708c40,234
721feaf2cd40,72200d281000,232
721feaf2cd40,721fa0b28380,232
721feaf2cd40,721ff60706c0,230
721feaf2cd40,721fbf744a80,232
721feaf2cd40,721ff829f000,230
721feaf2cd40,721fcd328640,232
721feaf2cd40,721fa326aac0,230
721feaf2cd40,721fe6735ec0,232
721feaf2cd40,721fc0ea9bc0,234
721feaf2cd40,721fbe278c40,232
721feaf2cd40,721f97ef9640,358
72200e164f80,721f924c8980,230
72200e164f80,721fffa47880,240
72200e164f80,721fc57e29c0,236
72200e164f80,721fae8bc100,364
721ffd1a5ac0,721f924c8980,232
721ffd1a5ac0,721fffa47880,238
721ffd1a5ac0,721fc57e29c0,236
721ffd1a5ac0,721fae8bc100,242
721ffd1a5ac0,721fd3d70880,234
721ffd1a5ac0,721fec712f80,234
721ffd1a5ac0,721fcded6a40,230
721ffd1a5ac0,721ffc081480,242
721ffd1a5ac0,721fb4acfc40,234
721ffd1a5ac0,721fd623f9c0,242
721ffd1a5ac0,721fcb708c40,232
721ffd1a5ac0,72200d281000,236
721ffd1a5ac0,721fa0b28380,236
721ffd1a5ac0,721ff60706c0,234
721ffd1a5ac0,721fbf744a80,232
721ffd1a5ac0,721ff829f000,232
721ffd1a5ac0,721fcd328640,230
721ffd1a5ac0,721fa326aac0,232
721ffd1a5ac0,721fe6735ec0,232
721ffd1a5ac0,721fc0ea9bc0,234
721ffd1a5ac0,721fbe278c40,242
721ffd1a5ac0,721f97ef9640,232
721ffd1a5ac0,721f94390480,238
721ffd1a5ac0,721fd0c990c0,236
721ffd1a5ac0,721f96e97640,242
721ffd1a5ac0,721faccb7f40,238
721ffd1a5ac0,721f96156f40,236
721ffd1a5ac0,721fcc4c3180,236
721ffd1a5ac0,721fd27e6840,228
721ffd1a5ac0,721fae018dc0,358
721fc15d1980,721f924c8980,232
721fc15d1980,721fffa47880,238
721fc15d1980,721fc57e29c0,234
721fc15d1980,721fae8bc100,242
721fc15d1980,721fd3d70880,236
721fc15d1980,721fec712f80,236
721fc15d1980,721fcded6a40,232
721fc15d1980,721ffc081480,242
721fc15d1980,721fb4acfc40,234
721fc15d1980,721fd623f9c0,242
721fc15d1980,721fcb708c40,230
721fc15d1980,72200d281000,236
721fc15d1980,721fa0b28380,236
721fc15d1980,721ff60706c0,232
721fc15d1980,721fbf744a80,230
721fc15d1980,721ff829f000,232
721fc15d1980,721fcd328640,230
721fc15d1980,721fa326aac0,232
721fc15d1980,721fe6735ec0,228
721fc15d1980,721fc0ea9bc0,234
721fc15d1980,721fbe278c40,242
721fc15d1980,721f97ef9640,232
721fc15d1980,721f94390480,238
721fc15d1980,721fd0c990c0,362
721f9cdfec40,721f924c8980,228
721f9cdfec40,721fffa47880,242
721f9cdfec40,721fc57e29c0,236
721f9cdfec40,721fae8bc100,242
721f9cdfec40,721fd3d70880,236
721f9cdfec40,721fec712f80,236
721f9cdfec40,721fcded6a40,232
721f9cdfec40,721ffc081480,238
721f9cdfec40,721fb4acfc40,236
721f9cdfec40,721fd623f9c0,366
721fc9359740,721f924c8980,232
721fc9359740,721fffa47880,232
721fc9359740,721fc57e29c0,232
721fc9359740,721fae8bc100,234
721fc9359740,721fd3d70880,234
721fc9359740,721fec712f80,232
721fc9359740,721fcded6a40,230
721fc9359740,721ffc081480,234
721fc9359740,721fb4acfc40,232
721fc9359740,721fd623f9c0,234
721fc9359740,721fcb708c40,230
721fc9359740,72200d281000,234
721fc9359740,721fa0b28380,234
721fc9359740,721ff60706c0,232
721fc9359740,721fbf744a80,230
721fc9359740,721ff829f000,232
721fc9359740,721fcd328640,234
721fc9359740,721fa326aac0,232
721fc9359740,721fe6735ec0,230
721fc9359740,721fc0ea9bc0,232
721fc9359740,721fbe278c40,234
721fc9359740,721f97ef9640,232
721fc9359740,721f94390480,358
721fd5b7f580,721f924c8980,232
721fd5b7f580,721fffa47880,238
721fd5b7f580,721fc57e29c0,234
721fd5b7f580,721fae8bc100,242
721fd5b7f580,721fd3d70880,236
721fd5b7f580,721fec712f80,234
721fd5b7f580,721fcded6a40,230
721fd5b7f580,721ffc081480,242
721fd5b7f580,721fb4acfc40,236
721fd5b7f580,721fd623f9c0,242
721fd5b7f580,721fcb708c40,358
721fad5e6040,721f924c8980,232
721fad5e6040,721fffa47880,358
721fb17381c0,721f924c8980,232
721fb17381c0,721fffa47880,232
721fb17381c0,721fc57e29c0,232
721fb17381c0,721fae8bc100,234
721fb17381c0,721fd3d70880,234
721fb17381c0,721fec712f80,232
721fb17381c0,721fcded6a40,230
721fb17381c0,721ffc081480,234
721fb17381c0,721fb4acfc40,232
721fb17381c0,721fd623f9c0,234
721fb17381c0,721fcb708c40,232
721fb17381c0,72200d281000,234
721fb17381c0,721fa0b28380,234
721fb17381c0,721ff60706c0,232
721fb17381c0,721fbf744a80,232
721fb17381c0,721ff829f000,232
721fb17381c0,721fcd328640,360
721fc45be400,721f924c8980,358
7220017b3cc0,721f924c8980,230
7220017b3cc0,721fffa47880,232
7220017b3cc0,721fc57e29c0,234
7220017b3cc0,721fae8bc100,232
7220017b3cc0,721fd3d70880,232
7220017b3cc0,721fec712f80,234
7220017b3cc0,721fcded6a40,232
7220017b3cc0,721ffc081480,234
7220017b3cc0,721fb4acfc40,234
7220017b3cc0,721fd623f9c0,232
7220017b3cc0,721fcb708c40,232
7220017b3cc0,72200d281000,234
7220017b3cc0,721fa0b28380,232
7220017b3cc0,721ff60706c0,234
7220017b3cc0,721fbf744a80,232
7220017b3cc0,721ff829f000,230
7220017b3cc0,721fcd328640,232
7220017b3cc0,721fa326aac0,230
7220017b3cc0,721fe6735ec0,232
7220017b3cc0,721fc0ea9bc0,234
7220017b3cc0,721fbe278c40,232
7220017b3cc0,721f97ef9640,230
7220017b3cc0,721f94390480,234
7220017b3cc0,721fd0c990c0,234
7220017b3cc0,721f96e97640,232
7220017b3cc0,721faccb7f40,234
7220017b3cc0,721f96156f40,232
7220017b3cc0,721fcc4c3180,232
7220017b3cc0,721fd27e6840,232
7220017b3cc0,721fae018dc0,232
7220017b3cc0,721fca6ddc40,360
721fdefef9c0,721f924c8980,228
721fdefef9c0,721fffa47880,236
721fdefef9c0,721fc57e29c0,236
721fdefef9c0,721fae8bc100,238
721fdefef9c0,721fd3d70880,236
721fdefef9c0,721fec712f80,236
721fdefef9c0,721fcded6a40,232
721fdefef9c0,721ffc081480,234
721fdefef9c0,721fb4acfc40,236
721fdefef9c0,721fd623f9c0,362
721f9832ae40,721f924c8980,232
721f9832ae40,721fffa47880,238
721f9832ae40,721fc57e29c0,234
721f9832ae40,721fae8bc100,242
721f9832ae40,721fd3d70880,236
721f9832ae40,721fec712f80,236
721f9832ae40,721fcded6a40,358
721fd9682240,721f924c8980,232
721fd9682240,721fffa47880,236
721fd9682240,721fc57e29c0,232
721fd9682240,721fae8bc100,242
721fd9682240,721fd3d70880,236
721fd9682240,721fec712f80,234
721fd9682240,721fcded6a40,230
721fd9682240,721ffc081480,240
721fd9682240,721fb4acfc40,236
721fd9682240,721fd623f9c0,242
721fd9682240,721fcb708c40,232
721fd9682240,72200d281000,236
721fd9682240,721fa0b28380,236
721fd9682240,721ff60706c0,234
721fd9682240,721fbf744a80,230
721fd9682240,721ff829f000,232
721fd9682240,721fcd328640,230
721fd9682240,721fa326aac0,232
721fd9682240,721fe6735ec0,228
721fd9682240,721fc0ea9bc0,238
721fd9682240,721fbe278c40,242
721fd9682240,721f97ef9640,232
721fd9682240,721f94390480,238
721fd9682240,721fd0c990c0,232
721fd9682240,721f96e97640,242
721fd9682240,721faccb7f40,238
721fd9682240,721f96156f40,236
721fd9682240,721fcc4c3180,236
721fd9682240,721fd27e6840,228
721fd9682240,721fae018dc0,228
721fd9682240,721fca6ddc40,236
721fb39afec0,721f924c8980,232
721fb39afec0,721fffa47880,238
721fb39afec0,721fc57e29c0,236
721fb39afec0,721fae8bc100,242
721fb39afec0,721fd3d70880,236
721fb39afec0,721fec712f80,232
721fb39afec0,721fcded6a40,230
721fb39afec0,721ffc081480,242
721fb39afec0,721fb4acfc40,362
721fedf8a140,721f924c8980,228
721fedf8a140,721fffa47880,242
721fedf8a140,721fc57e29c0,236
721fedf8a140,721fae8bc100,240
721fedf8a140,721fd3d70880,232
721fedf8a140,721fec712f80,236
721fedf8a140,721fcded6a40,232
721fedf8a140,721ffc081480,240
721fedf8a140,721fb4acfc40,236
721fedf8a140,721fd623f9c0,238
721fedf8a140,721fcb708c40,232
721fedf8a140,72200d281000,232
721fedf8a140,721fa0b28380,236
721fedf8a140,721ff60706c0,232
721fedf8a140,721fbf744a80,232
721fedf8a140,721ff829f000,232
721fedf8a140,721fcd328640,234
721fedf8a140,721fa326aac0,358
721fa27c4640,721f924c8980,232
721fa27c4640,721fffa47880,234
721fa27c4640,721fc57e29c0,234
721fa27c4640,721fae8bc100,232
721fa27c4640,721fd3d70880,232
721fa27c4640,721fec712f80,234
721fa27c4640,721fcded6a40,232
721fa27c4640,721ffc081480,232
721fa27c4640,721fb4acfc40,234
721fa27c4640,721fd623f9c0,232
721fa27c4640,721fcb708c40,232
721fa27c4640,72200d281000,232
721fa27c4640,721fa0b28380,232
721fa27c4640,721ff60706c0,232
721fa27c4640,721fbf744a80,232
721fa27c4640,721ff829f000,230
721fa27c4640,721fcd328640,232
721fa27c4640,721fa326aac0,230
721fa27c4640,721fe6735ec0,232
721fa27c4640,721fc0ea9bc0,234
721fa27c4640,721fbe278c40,232
721fa27c4640,721f97ef9640,232
721fa27c4640,721f94390480,234
721fa27c4640,721fd0c990c0,234
721fa27c4640,721f96e97640,234
721fa27c4640,721faccb7f40,234
721fa27c4640,721f96156f40,232
721fa27c4640,721fcc4c3180,360
721ff8319800,721f924c8980,232
721ff8319800,721fffa47880,238
721ff8319800,721fc57e29c0,234
721ff8319800,721fae8bc100,240
721ff8319800,721fd3d70880,236
721ff8319800,721fec712f80,236
721ff8319800,721fcded6a40,358
721fcdb73380,721f924c8980,228
721fcdb73380,721fffa47880,242
721fcdb73380,721fc57e29c0,234
721fcdb73380,721fae8bc100,240
721fcdb73380,721fd3d70880,234
721fcdb73380,721fec712f80,234
721fcdb73380,721fcded6a40,232
721fcdb73380,721ffc081480,238
721fcdb73380,721fb4acfc40,234
721fcdb73380,721fd623f9c0,238
721fcdb73380,721fcb708c40,232
721fcdb73380,72200d281000,234
721fcdb73380,721fa0b28380,234
721fcdb73380,721ff60706c0,230
721fcdb73380,721fbf744a80,232
721fcdb73380,721ff829f000,232
721fcdb73380,721fcd328640,232
721fcdb73380,721fa326aac0,356
721ffaa32740,721f924c8980,232
721ffaa32740,721fffa47880,234
721ffaa32740,721fc57e29c0,236
721ffaa32740,721fae8bc100,238
721ffaa32740,721fd3d70880,236
721ffaa32740,721fec712f80,232
721ffaa32740,721fcded6a40,230
721ffaa32740,721ffc081480,236
721ffaa32740,721fb4acfc40,234
721ffaa32740,721fd623f9c0,238
721ffaa32740,721fcb708c40,230
721ffaa32740,72200d281000,234
721ffaa32740,721fa0b28380,236
721ffaa32740,721ff60706c0,232
721ffaa32740,721fbf744a80,358
721ffe688080,721f924c8980,228
721ffe688080,721fffa47880,242
721ffe688080,721fc57e29c0,236
721ffe688080,721fae8bc100,240
721ffe688080,721fd3d70880,234
721ffe688080,721fec712f80,236
721ffe688080,721fcded6a40,232
721ffe688080,721ffc081480,238
721ffe688080,721fb4acfc40,236
721ffe688080,721fd623f9c0,238
721ffe688080,721fcb708c40,232
721ffe688080,72200d281000,234
721ffe688080,721fa0b28380,236
721ffe688080,721ff60706c0,230
721ffe688080,721fbf744a80,232
721ffe688080,721ff829f000,232
721ffe688080,721fcd328640,232
721ffe688080,721fa326aac0,232
721ffe688080,721fe6735ec0,232
721ffe688080,721fc0ea9bc0,238
721ffe688080,721fbe278c40,240
721ffe688080,721f97ef9640,228
721ffe688080,721f94390480,240
721ffe688080,721fd0c990c0,236
721ffe688080,721f96e97640,240
721ffe688080,721faccb7f40,242
721ffe688080,721f96156f40,362
722001e27480,721f924c8980,232
722001e27480,721fffa47880,242
722001e27480,721fc57e29c0,234
722001e27480,721fae8bc100,244
722001e27480,721fd3d70880,236
722001e27480,721fec712f80,234
722001e27480,721fcded6a40,230
722001e27480,721ffc081480,242
722001e27480,721fb4acfc40,234
722001e27480,721fd623f9c0,242
722001e27480,721fcb708c40,230
722001e27480,72200d281000,236
722001e27480,721fa0b28380,236
722001e27480,721ff60706c0,232
722001e27480,721fbf744a80,230
722001e27480,721ff829f000,232
722001e27480,721fcd328640,358
721fe9123540,721f924c8980,230
721fe9123540,721fffa47880,232
721fe9123540,721fc57e29c0,236
721fe9123540,721fae8bc100,232
721fe9123540,721fd3d70880,232
721fe9123540,721fec712f80,234
721fe9123540,721fcded6a40,232
721fe9123540,721ffc081480,234
721fe9123540,721fb4acfc40,234
721fe9123540,721fd623f9c0,232
721fe9123540,721fcb708c40,232
721fe9123540,72200d281000,234
721fe9123540,721fa0b28380,232
721fe9123540,721ff60706c0,234
721fe9123540,721fbf744a80,232
721fe9123540,721ff829f000,228
721fe9123540,721fcd328640,232
721fe9123540,721fa326aac0,230
721fe9123540,721fe6735ec0,232
721fe9123540,721fc0ea9bc0,234
721fe9123540,721fbe278c40,232
721fe9123540,721f97ef9640,230
721fe9123540,721f94390480,234
721fe9123540,721fd0c990c0,236
721fe9123540,721f96e97640,232
721fe9123540,721faccb7f40,234
721fe9123540,721f96156f40,232
721fe9123540,721fcc4c3180,232
721fe9123540,721fd27e6840,232
721fe9123540,721fae018dc0,232
721fe9123540,721fca6ddc40,360
721fd637fa80,721f924c8980,232
721fd637fa80,721fffa47880,234
721fd637fa80,721fc57e29c0,232
721fd637fa80,721fae8bc100,232
721fd637fa80,721fd3d70880,230
721fd637fa80,721fec712f80,234
721fd637fa80,721fcded6a40,232
721fd637fa80,721ffc081480,230
721fd637fa80,721fb4acfc40,232
721fd637fa80,721fd623f9c0,230
721fd637fa80,721fcb708c40,232
721fd637fa80,72200d281000,232
721fd637fa80,721fa0b28380,230
721fd637fa80,721ff60706c0,230
721fd637fa80,721fbf744a80,232
721fd637fa80,721ff829f000,230
721fd637fa80,721fcd328640,232
721fd637fa80,721fa326aac0,230
721fd637fa80,721fe6735ec0,232
721fd637fa80,721fc0ea9bc0,232
721fd637fa80,721fbe278c40,230
721fd637fa80,721f97ef9640,356
721fe221af00,721f924c8980,232
721fe221af00,721fffa47880,242
721fe221af00,721fc57e29c0,234
721fe221af00,721fae8bc100,242
721fe221af00,721fd3d70880,236
721fe221af00,721fec712f80,234
721fe221af00,721fcded6a40,230
721fe221af00,721ffc081480,242
721fe221af00,721fb4acfc40,234
721fe221af00,721fd623f9c0,240
721fe221af00,721fcb708c40,230
721fe221af00,72200d281000,236
721fe221af00,721fa0b28380,236
721fe221af00,721ff60706c0,232
721fe221af00,721fbf744a80,230
721fe221af00,721ff829f000,232
721fe221af00,721fcd328640,234
721fe221af00,721fa326aac0,232
721fe221af00,721fe6735ec0,228
721fe221af00,721fc0ea9bc0,234
721fe221af00,721fbe278c40,242
721fe221af00,721f97ef9640,232
721fe221af00,721f94390480,242
721fe221af00,721fd0c990c0,232
721fe221af00,721f96e97640,242
721fe221af00,721faccb7f40,238
721fe221af00,721f96156f40,236
721fe221af00,721fcc4c3180,236
721fe221af00,721fd27e6840,358
721fa39cf140,721f924c8980,232
721fa39cf140,721fffa47880,230
721fa39cf140,721fc57e29c0,232
721fa39cf140,721fae8bc100,232
721fa39cf140,721fd3d70880,232
721fa39cf140,721fec712f80,232
721fa39cf140,721fcded6a40,232
721fa39cf140,721ffc081480,232
721fa39cf140,721fb4acfc40,230
721fa39cf140,721fd623f9c0,234
721fa39cf140,721fcb708c40,230
721fa39cf140,72200d281000,232
721fa39cf140,721fa0b28380,232
721fa39cf140,721ff60706c0,234
721fa39cf140,721fbf744a80,230
721fa39cf140,721ff829f000,232
721fa39cf140,721fcd328640,230
721fa39cf140,721fa326aac0,232
721fa39cf140,721fe6735ec0,228
721fa39cf140,721fc0ea9bc0,232
721fa39cf140,721fbe278c40,232
721fa39cf140,721f97ef9640,232
721fa39cf140,721f94390480,230
721fa39cf140,721fd0c990c0,234
721fa39cf140,721f96e97640,232
721fa39cf140,721faccb7f40,358
721fa3def200,721f924c8980,232
721fa3def200,721fffa47880,240
721fa3def200,721fc57e29c0,236
721fa3def200,721fae8bc100,240
721fa3def200,721fd3d70880,234
721fa3def200,721fec712f80,236
721fa3def200,721fcded6a40,232
721fa3def200,721ffc081480,238
721fa3def200,721fb4acfc40,236
721fa3def200,721fd623f9c0,238
721fa3def200,721fcb708c40,232
721fa3def200,72200d281000,234
721fa3def200,721fa0b28380,234
721fa3def200,721ff60706c0,230
721fa3def200,721fbf744a80,232
721fa3def200,721ff829f000,228
721fa3def200,721fcd328640,232
721fa3def200,721fa326aac0,228
721fa3def200,721fe6735ec0,232
721fa3def200,721fc0ea9bc0,238
721fa3def200,721fbe278c40,240
721fa3def200,721f97ef9640,358
721f9daf8b40,721f924c8980,232
721f9daf8b40,721fffa47880,240
721f9daf8b40,721fc57e29c0,236
721f9daf8b40,721fae8bc100,234
721f9daf8b40,721fd3d70880,234
721f9daf8b40,721fec712f80,236
721f9daf8b40,721fcded6a40,232
721f9daf8b40,721ffc081480,236
721f9daf8b40,721fb4acfc40,236
721f9daf8b40,721fd623f9c0,238
721f9daf8b40,721fcb708c40,232
721f9daf8b40,72200d281000,234
721f9daf8b40,721fa0b28380,234
721f9daf8b40,721ff60706c0,230
721f9daf8b40,721fbf744a80,232
721f9daf8b40,721ff829f000,228
721f9daf8b40,721fcd328640,232
721f9daf8b40,721fa326aac0,230
721f9daf8b40,721fe6735ec0,232
721f9daf8b40,721fc0ea9bc0,238
721f9daf8b40,721fbe278c40,236
721f9daf8b40,721f97ef9640,232
721f9daf8b40,721f94390480,240
721f9daf8b40,721fd0c990c0,236
721f9daf8b40,721f96e97640,364
721f922178c0,721f924c8980,232
721f922178c0,721fffa47880,232
721f922178c0,721fc57e29c0,232
721f922178c0,721fae8bc100,236
721f922178c0,721fd3d70880,234
721f922178c0,721fec712f80,232
721f922178c0,721fcded6a40,230
721f922178c0,721ffc081480,234
721f922178c0,721fb4acfc40,232
721f922178c0,721fd623f9c0,234
721f922178c0,721fcb708c40,230
721f922178c0,72200d281000,234
721f922178c0,721fa0b28380,234
721f922178c0,721ff60706c0,232
721f922178c0,721fbf744a80,232
721f922178c0,721ff829f000,232
721f922178c0,721fcd328640,234
721f922178c0,721fa326aac0,232
721f922178c0,721fe6735ec0,230
721f922178c0,721fc0ea9bc0,232
721f922178c0,721fbe278c40,234
721f922178c0,721f97ef9640,232
721f922178c0,721f94390480,232
721f922178c0,721fd0c990c0,232
721f922178c0,721f96e97640,234
721f922178c0,721faccb7f40,232
721f922178c0,721f96156f40,236
721f922178c0,721fcc4c3180,234
721f922178c0,721fd27e6840,356
721f90a77780,721f924c8980,232
721f90a77780,721fffa47880,238
721f90a77780,721fc57e29c0,234
721f90a77780,721fae8bc100,244
721f90a77780,721fd3d70880,236
721f90a77780,721fec712f80,234
721f90a77780,721fcded6a40,228
721f90a77780,721ffc081480,242
721f90a77780,721fb4acfc40,236
721f90a77780,721fd623f9c0,242
721f90a77780,721fcb708c40,232
721f90a77780,72200d281000,236
721f90a77780,721fa0b28380,236
721f90a77780,721ff60706c0,232
721f90a77780,721fbf744a80,230
721f90a77780,721ff829f000,232
721f90a77780,721fcd328640,230
721f90a77780,721fa326aac0,232
721f90a77780,721fe6735ec0,228
721f90a77780,721fc0ea9bc0,238
721f90a77780,721fbe278c40,244
721f90a77780,721f97ef9640,232
721f90a77780,721f94390480,238
721f90a77780,721fd0c990c0,234
721f90a77780,721f96e97640,242
721f90a77780,721faccb7f40,238
721f90a77780,721f96156f40,236
721f90a77780,721fcc4c3180,236
721f90a77780,721fd27e6840,228
721f90a77780,721fae018dc0,228
721f90a77780,721fca6ddc40,236
721f90a77780,721fd9682240,366
721ff1f83b40,721f924c8980,232
721ff1f83b40,721fffa47880,230
721ff1f83b40,721fc57e29c0,232
721ff1f83b40,721fae8bc100,232
721ff1f83b40,721fd3d70880,232
721ff1f83b40,721fec712f80,230
721ff1f83b40,721fcded6a40,230
721ff1f83b40,721ffc081480,232
721ff1f83b40,721fb4acfc40,234
721ff1f83b40,721fd623f9c0,234
721ff1f83b40,721fcb708c40,358
721fee344600,721f924c8980,230
721fee344600,721fffa47880,240
721fee344600,721fc57e29c0,236
721fee344600,721fae8bc100,242
721fee344600,721fd3d70880,236
721fee344600,721fec712f80,234
721fee344600,721fcded6a40,230
721fee344600,721ffc081480,242
721fee344600,721fb4acfc40,232
721fee344600,721fd623f9c0,240
721fee344600,721fcb708c40,230
721fee344600,72200d281000,236
721fee344600,721fa0b28380,236
721fee344600,721ff60706c0,232
721fee344600,721fbf744a80,232
721fee344600,721ff829f000,232
721fee344600,721fcd328640,230
721fee344600,721fa326aac0,232
721fee344600,721fe6735ec0,358
721f8fddc740,721f924c8980,232
721f8fddc740,721fffa47880,230
721f8fddc740,721fc57e29c0,234
721f8fddc740,721fae8bc100,234
721f8fddc740,721fd3d70880,234
721f8fddc740,721fec712f80,232
721f8fddc740,721fcded6a40,230
721f8fddc740,721ffc081480,232
721f8fddc740,721fb4acfc40,232
721f8fddc740,721fd623f9c0,234
721f8fddc740,721fcb708c40,230
721f8fddc740,72200d281000,234
721f8fddc740,721fa0b28380,234
721f8fddc740,721ff60706c0,232
721f8fddc740,721fbf744a80,358
721fe0329600,721f924c8980,230
721fe0329600,721fffa47880,242
721fe0329600,721fc57e29c0,236
721fe0329600,721fae8bc100,240
721fe0329600,721fd3d70880,234
721fe0329600,721fec712f80,236
721fe0329600,721fcded6a40,232
721fe0329600,721ffc081480,238
721fe0329600,721fb4acfc40,236
721fe0329600,721fd623f9c0,238
721fe0329600,721fcb708c40,232
721fe0329600,72200d281000,234
721fe0329600,721fa0b28380,236
721fe0329600,721ff60706c0,230
721fe0329600,721fbf744a80,232
721fe0329600,721ff829f000,232
721fe0329600,721fcd328640,232
721fe0329600,721fa326aac0,232
721fe0329600,721fe6735ec0,232
721fe0329600,721fc0ea9bc0,238
721fe0329600,721fbe278c40,240
721fe0329600,721f97ef9640,228
721fe0329600,721f94390480,240
721fe0329600,721fd0c990c0,236
721fe0329600,721f96e97640,240
721fe0329600,721faccb7f40,242
721fe0329600,721f96156f40,362
721fa0b15f80,721f924c8980,228
721fa0b15f80,721fffa47880,242
721fa0b15f80,721fc57e29c0,236
721fa0b15f80,721fae8bc100,240
721fa0b15f80,721fd3d70880,234
721fa0b15f80,721fec712f80,236
721fa0b15f80,721fcded6a40,232
721fa0b15f80,721ffc081480,238
721fa0b15f80,721fb4acfc40,236
721fa0b15f80,721fd623f9c0,238
721fa0b15f80,721fcb708c40,232
721fa0b15f80,72200d281000,234
721fa0b15f80,721fa0b28380,236
721fa0b15f80,721ff60706c0,230
721fa0b15f80,721fbf744a80,232
721fa0b15f80,721ff829f000,232
721fa0b15f80,721fcd328640,232
721fa0b15f80,721fa326aac0,232
721fa0b15f80,721fe6735ec0,232
721fa0b15f80,721fc0ea9bc0,238
721fa0b15f80,721fbe278c40,240
721fa0b15f80,721f97ef9640,228
721fa0b15f80,721f94390480,240
721fa0b15f80,721fd0c990c0,236
721fa0b15f80,721f96e97640,240
721fa0b15f80,721faccb7f40,242
721fa0b15f80,721f96156f40,360
721f9dddb3c0,721f924c8980,230
721f9dddb3c0,721fffa47880,240
721f9dddb3c0,721fc57e29c0,236
721f9dddb3c0,721fae8bc100,238
721f9dddb3c0,721fd3d70880,234
721f9dddb3c0,721fec712f80,236
721f9dddb3c0,721fcded6a40,232
721f9dddb3c0,721ffc081480,238
721f9dddb3c0,721fb4acfc40,236
721f9dddb3c0,721fd623f9c0,238
721f9dddb3c0,721fcb708c40,234
721f9dddb3c0,72200d281000,234
721f9dddb3c0,721fa0b28380,234
721f9dddb3c0,721ff60706c0,230
721f9dddb3c0,721fbf744a80,232
721f9dddb3c0,721ff829f000,230
721f9dddb3c0,721fcd328640,234
721f9dddb3c0,721fa326aac0,230
721f9dddb3c0,721fe6735ec0,232
721f9dddb3c0,721fc0ea9bc0,238
721f9dddb3c0,721fbe278c40,240
721f9dddb3c0,721f97ef9640,232
721f9dddb3c0,721f94390480,240
721f9dddb3c0,721fd0c990c0,236
721f9dddb3c0,721f96e97640,366
721f9a882d80,721f924c8980,228
721f9a882d80,721fffa47880,242
721f9a882d80,721fc57e29c0,236
721f9a882d80,721fae8bc100,240
721f9a882d80,721fd3d70880,234
721f9a882d80,721fec712f80,236
721f9a882d80,721fcded6a40,232
721f9a882d80,721ffc081480,240
721f9a882d80,721fb4acfc40,236
721f9a882d80,721fd623f9c0,238
721f9a882d80,721fcb708c40,232
721f9a882d80,72200d281000,236
721f9a882d80,721fa0b28380,234
721f9a882d80,721ff60706c0,358
721fe7895540,721f924c8980,232
721fe7895540,721fffa47880,236
721fe7895540,721fc57e29c0,234
721fe7895540,721fae8bc100,238
721fe7895540,721fd3d70880,236
721fe7895540,721fec712f80,236
721fe7895540,721fcded6a40,232
721fe7895540,721ffc081480,240
721fe7895540,721fb4acfc40,234
721fe7895540,721fd623f9c0,240
721fe7895540,721fcb708c40,230
721fe7895540,72200d281000,236
721fe7895540,721fa0b28380,236
721fe7895540,721ff60706c0,232
721fe7895540,721fbf744a80,230
721fe7895540,721ff829f000,232
721fe7895540,721fcd328640,230
721fe7895540,721fa326aac0,232
721fe7895540,721fe6735ec0,230
721fe7895540,721fc0ea9bc0,236
721fe7895540,721fbe278c40,240
721fe7895540,721f97ef9640,232
721fe7895540,721f94390480,236
721fe7895540,721fd0c990c0,362
721fbc5c1400,721f924c8980,232
721fbc5c1400,721fffa47880,366
721fbd1baf80,721f924c8980,232
721fbd1baf80,721fffa47880,236
721fbd1baf80,721fc57e29c0,234
721fbd1baf80,721fae8bc100,240
721fbd1baf80,721fd3d70880,236
721fbd1baf80,721fec712f80,234
721fbd1baf80,721fcded6a40,228
721fbd1baf80,721ffc081480,238
721fbd1baf80,721fb4acfc40,362
721f9d053940,721f924c8980,232
721f9d053940,721fffa47880,240
721f9d053940,721fc57e29c0,234
721f9d053940,721fae8bc100,238
721f9d053940,721fd3d70880,236
721f9d053940,721fec712f80,234
721f9d053940,721fcded6a40,230
721f9d053940,721ffc081480,240
721f9d053940,721fb4acfc40,234
721f9d053940,721fd623f9c0,240
721f9d053940,721fcb708c40,230
721f9d053940,72200d281000,236
721f9d053940,721fa0b28380,236
721f9d053940,721ff60706c0,232
721f9d053940,721fbf744a80,230
721f9d053940,721ff829f000,232
721f9d053940,721fcd328640,358
721faef750c0,721f924c8980,232
721faef750c0,721fffa47880,236
721faef750c0,721fc57e29c0,234
721faef750c0,721fae8bc100,238
721faef750c0,721fd3d70880,236
721faef750c0,721fec712f80,234
721faef750c0,721fcded6a40,230
721faef750c0,721ffc081480,240
721faef750c0,721fb4acfc40,236
721faef750c0,721fd623f9c0,240
721faef750c0,721fcb708c40,358
72200d3aa940,721f924c8980,232
72200d3aa940,721fffa47880,236
72200d3aa940,721fc57e29c0,236
72200d3aa940,721fae8bc100,236
72200d3aa940,721fd3d70880,234
72200d3aa940,721fec712f80,232
72200d3aa940,721fcded6a40,230
72200d3aa940,721ffc081480,236
72200d3aa940,721fb4acfc40,234
72200d3aa940,721fd623f9c0,238
72200d3aa940,721fcb708c40,230
72200d3aa940,72200d281000,234
72200d3aa940,721fa0b28380,234
72200d3aa940,721ff60706c0,232
72200d3aa940,721fbf744a80,232
72200d3aa940,721ff829f000,232
72200d3aa940,721fcd328640,230
72200d3aa940,721fa326aac0,232
72200d3aa940,721fe6735ec0,356
721fa657e7c0,721f924c8980,232
721fa657e7c0,721fffa47880,234
721fa657e7c0,721fc57e29c0,232
721fa657e7c0,721fae8bc100,234
721fa657e7c0,721fd3d70880,234
721fa657e7c0,721fec712f80,232
721fa657e7c0,721fcded6a40,230
721fa657e7c0,721ffc081480,234
721fa657e7c0,721fb4acfc40,232
721fa657e7c0,721fd623f9c0,234
721fa657e7c0,721fcb708c40,230
721fa657e7c0,72200d281000,234
721fa657e7c0,721fa0b28380,234
721fa657e7c0,721ff60706c0,232
721fa657e7c0,721fbf744a80,230
721fa657e7c0,721ff829f000,232
721fa657e7c0,721fcd328640,234
721fa657e7c0,721fa326aac0,232
721fa657e7c0,721fe6735ec0,230
721fa657e7c0,721fc0ea9bc0,232
721fa657e7c0,721fbe278c40,234
721fa657e7c0,721f97ef9640,232
721fa657e7c0,721f94390480,358
721ff97f7340,721f924c8980,358
721fb1f5a840,721f924c8980,230
721fb1f5a840,721fffa47880,242
721fb1f5a840,721fc57e29c0,236
721fb1f5a840,721fae8bc100,242
721fb1f5a840,721fd3d70880,232
721fb1f5a840,721fec712f80,236
721fb1f5a840,721fcded6a40,232
721fb1f5a840,721ffc081480,240
721fb1f5a840,721fb4acfc40,236
721fb1f5a840,721fd623f9c0,238
721fb1f5a840,721fcb708c40,232
721fb1f5a840,72200d281000,236
721fb1f5a840,721fa0b28380,234
721fb1f5a840,721ff60706c0,358
722005708900,721f924c8980,232
722005708900,721fffa47880,240
722005708900,721fc57e29c0,234
722005708900,721fae8bc100,242
722005708900,721fd3d70880,236
722005708900,721fec712f80,234
722005708900,721fcded6a40,230
722005708900,721ffc081480,240
722005708900,721fb4acfc40,234
722005708900,721fd623f9c0,240
722005708900,721fcb708c40,230
722005708900,72200d281000,236
722005708900,721fa0b28380,236
722005708900,721ff60706c0,232
722005708900,721fbf744a80,230
722005708900,721ff829f000,232
722005708900,721fcd328640,232
722005708900,721fa326aac0,232
722005708900,721fe6735ec0,230
722005708900,721fc0ea9bc0,234
722005708900,721fbe278c40,244
722005708900,721f97ef9640,232
722005708900,721f94390480,240
722005708900,721fd0c990c0,234
722005708900,721f96e97640,244
722005708900,721faccb7f40,238
722005708900,721f96156f40,236
722005708900,721fcc4c3180,236
722005708900,721fd27e6840,358
72200d1bb980,721f924c8980,228
72200d1bb980,721fffa47880,240
72200d1bb980,721fc57e29c0,236
72200d1bb980,721fae8bc100,240
72200d1bb980,721fd3d70880,234
72200d1bb980,721fec712f80,236
72200d1bb980,721fcded6a40,232
72200d1bb980,721ffc081480,238
72200d1bb980,721fb4acfc40,236
72200d1bb980,721fd623f9c0,238
72200d1bb980,721fcb708c40,234
72200d1bb980,72200d281000,234
72200d1bb980,721fa0b28380,236
72200d1bb980,721ff60706c0,230
72200d1bb980,721fbf744a80,232
72200d1bb980,721ff829f000,232
72200d1bb980,721fcd328640,234
72200d1bb980,721fa326aac0,356
721f9b474040,721f924c8980,232
721f9b474040,721fffa47880,230
721f9b474040,721fc57e29c0,232
721f9b474040,721fae8bc100,232
721f9b474040,721fd3d70880,232
721f9b474040,721fec712f80,232
721f9b474040,721fcded6a40,356
721fc447bc80,721f924c8980,232
721fc447bc80,721fffa47880,236
721fc447bc80,721fc57e29c0,236
721fc447bc80,721fae8bc100,240
721fc447bc80,721fd3d70880,236
721fc447bc80,721fec712f80,234
721fc447bc80,721fcded6a40,230
721fc447bc80,721ffc081480,240
721fc447bc80,721fb4acfc40,234
721fc447bc80,721fd623f9c0,240
721fc447bc80,721fcb708c40,230
721fc447bc80,72200d281000,236
721fc447bc80,721fa0b28380,236
721fc447bc80,721ff60706c0,232
721fc447bc80,721fbf744a80,358
721ff8dee100,721f924c8980,232
721ff8dee100,721fffa47880,238
721ff8dee100,721fc57e29c0,234
721ff8dee100,721fae8bc100,238
721ff8dee100,721fd3d70880,236
721ff8dee100,721fec712f80,234
721ff8dee100,721fcded6a40,228
721ff8dee100,721ffc081480,240
721ff8dee100,721fb4acfc40,236
721ff8dee100,721fd623f9c0,236
721ff8dee100,721fcb708c40,234
721ff8dee100,72200d281000,236
721ff8dee100,721fa0b28380,236
721ff8dee100,721ff60706c0,232
721ff8dee100,721fbf744a80,230
721ff8dee100,721ff829f000,232
721ff8dee100,721fcd328640,230
721ff8dee100,721fa326aac0,232
721ff8dee100,721fe6735ec0,228
721ff8dee100,721fc0ea9bc0,236
721ff8dee100,721fbe278c40,238
721ff8dee100,721f97ef9640,232
721ff8dee100,721f94390480,238
721ff8dee100,721fd0c990c0,234
721ff8dee100,721f96e97640,238
721ff8dee100,721faccb7f40,234
721ff8dee100,721f96156f40,236
721ff8dee100,721fcc4c3180,236
721ff8dee100,721fd27e6840,228
721ff8dee100,721fae018dc0,228
721ff8dee100,721fca6ddc40,236
721ff8dee100,721fd9682240,362
72200acfc100,721f924c8980,232
72200acfc100,721fffa47880,240
72200acfc100,721fc57e29c0,234
72200acfc100,721fae8bc100,240
72200acfc100,721fd3d70880,236
72200acfc100,721fec712f80,234
72200acfc100,721fcded6a40,228
72200acfc100,721ffc081480,240
72200acfc100,721fb4acfc40,234
72200acfc100,721fd623f9c0,240
72200acfc100,721fcb708c40,230
72200acfc100,72200d281000,236
72200acfc100,721fa0b28380,236
72200acfc100,721ff60706c0,232
72200acfc100,721fbf744a80,228
72200acfc100,721ff829f000,232
72200acfc100,721fcd328640,232
72200acfc100,721fa326aac0,232
72200acfc100,721fe6735ec0,228
72200acfc100,721fc0ea9bc0,236
72200acfc100,721fbe278c40,238
72200acfc100,721f97ef9640,232
72200acfc100,721f94390480,364
721fb74a3140,721f924c8980,232
721fb74a3140,721fffa47880,234
721fb74a3140,721fc57e29c0,236
721fb74a3140,721fae8bc100,238
721fb74a3140,721fd3d70880,236
721fb74a3140,721fec712f80,234
721fb74a3140,721fcded6a40,230
721fb74a3140,721ffc081480,236
721fb74a3140,721fb4acfc40,232
721fb74a3140,721fd623f9c0,238
721fb74a3140,721fcb708c40,230
721fb74a3140,72200d281000,236
721fb74a3140,721fa0b28380,236
721fb74a3140,721ff60706c0,232
721fb74a3140,721fbf744a80,358
721fd3111640,721f924c8980,232
721fd3111640,721fffa47880,234
721fd3111640,721fc57e29c0,232
721fd3111640,721fae8bc100,234
721fd3111640,721fd3d70880,234
721fd3111640,721fec712f80,232
721fd3111640,721fcded6a40,230
721fd3111640,721ffc081480,232
721fd3111640,721fb4acfc40,232
721fd3111640,721fd623f9c0,234
721fd3111640,721fcb708c40,230
721fd3111640,72200d281000,234
721fd3111640,721fa0b28380,234
721fd3111640,721ff60706c0,232
721fd3111640,721fbf744a80,232
721fd3111640,721ff829f000,232
721fd3111640,721fcd328640,234
721fd3111640,721fa326aac0,232
721fd3111640,721fe6735ec0,230
721fd3111640,721fc0ea9bc0,232
721fd3111640,721fbe278c40,234
721fd3111640,721f97ef9640,232
721fd3111640,721f94390480,358
721fd227bb80,721f924c8980,232
721fd227bb80,721fffa47880,236
721fd227bb80,721fc57e29c0,234
721fd227bb80,721fae8bc100,240
721fd227bb80,721fd3d70880,236
721fd227bb80,721fec712f80,362
72200a8be080,721f924c8980,232
72200a8be080,721fffa47880,230
72200a8be080,721fc57e29c0,230
72200a8be080,721fae8bc100,234
72200a8be080,721fd3d70880,234
72200a8be080,721fec712f80,230
72200a8be080,721fcded6a40,228
72200a8be080,721ffc081480,234
72200a8be080,721fb4acfc40,232
72200a8be080,721fd623f9c0,232
72200a8be080,721fcb708c40,232
72200a8be080,72200d281000,234
72200a8be080,721fa0b28380,234
72200a8be080,721ff60706c0,232
72200a8be080,721fbf744a80,230
72200a8be080,721ff829f000,232
72200a8be080,721fcd328640,230
72200a8be080,721fa326aac0,232
72200a8be080,721fe6735ec0,228
72200a8be080,721fc0ea9bc0,358
721fe7ce07c0,721f924c8980,232
721fe7ce07c0,721fffa47880,240
721fe7ce07c0,721fc57e29c0,234
721fe7ce07c0,721fae8bc100,238
721fe7ce07c0,721fd3d70880,234
721fe7ce07c0,721fec712f80,234
721fe7ce07c0,721fcded6a40,228
721fe7ce07c0,721ffc081480,240
721fe7ce07c0,721fb4acfc40,234
721fe7ce07c0,721fd623f9c0,240
721fe7ce07c0,721fcb708c40,230
721fe7ce07c0,72200d281000,236
721fe7ce07c0,721fa0b28380,236
721fe7ce07c0,721ff60706c0,232
721fe7ce07c0,721fbf744a80,230
721fe7ce07c0,721ff829f000,232
721fe7ce07c0,721fcd328640,234
721fe7ce07c0,721fa326aac0,232
721fe7ce07c0,721fe6735ec0,230
721fe7ce07c0,721fc0ea9bc0,236
721fe7ce07c0,721fbe278c40,240
721fe7ce07c0,721f97ef9640,232
721fe7ce07c0,721f94390480,364
721fe726adc0,721f924c8980,230
721fe726adc0,721fffa47880,232
721fe726adc0,721fc57e29c0,234
721fe726adc0,721fae8bc100,232
721fe726adc0,721fd3d70880,232
721fe726adc0,721fec712f80,234
721fe726adc0,721fcded6a40,232
721fe726adc0,721ffc081480,358
721f995b6bc0,721f924c8980,228
721f995b6bc0,721fffa47880,238
721f995b6bc0,721fc57e29c0,236
721f995b6bc0,721fae8bc100,236
721f995b6bc0,721fd3d70880,232
721f995b6bc0,721fec712f80,236
721f995b6bc0,721fcded6a40,232
721f995b6bc0,721ffc081480,236
721f995b6bc0,721fb4acfc40,236
721f995b6bc0,721fd623f9c0,236
721f995b6bc0,721fcb708c40,232
721f995b6bc0,72200d281000,232
721f995b6bc0,721fa0b28380,236
721f995b6bc0,721ff60706c0,230
721f995b6bc0,721fbf744a80,232
721f995b6bc0,721ff829f000,232
721f995b6bc0,721fcd328640,232
721f995b6bc0,721fa326aac0,358
721feb0f8080,721f924c8980,232
721feb0f8080,721fffa47880,240
721feb0f8080,721fc57e29c0,234
721feb0f8080,721fae8bc100,240
721feb0f8080,721fd3d70880,236
721feb0f8080,721fec712f80,234
721feb0f8080,721fcded6a40,230
721feb0f8080,721ffc081480,240
721feb0f8080,721fb4acfc40,234
721feb0f8080,721fd623f9c0,240
721feb0f8080,721fcb708c40,230
721feb0f8080,72200d281000,236
721feb0f8080,721fa0b28380,236
721feb0f8080,721ff60706c0,232
721feb0f8080,721fbf744a80,230
721feb0f8080,721ff829f000,232
721feb0f8080,721fcd328640,232
721feb0f8080,721fa326aac0,232
721feb0f8080,721fe6735ec0,230
721feb0f8080,721fc0ea9bc0,236
721feb0f8080,721fbe278c40,238
721feb0f8080,721f97ef9640,232
721feb0f8080,721f94390480,364
721fe8ee2540,721f924c8980,232
721fe8ee2540,721fffa47880,238
721fe8ee2540,721fc57e29c0,232
721fe8ee2540,721fae8bc100,242
721fe8ee2540,721fd3d70880,236
721fe8ee2540,721fec712f80,236
721fe8ee2540,721fcded6a40,358
721ffc73a700,721f924c8980,230
721ffc73a700,721fffa47880,234
721ffc73a700,721fc57e29c0,234
721ffc73a700,721fae8bc100,232
721ffc73a700,721fd3d70880,234
721ffc73a700,721fec712f80,234
721ffc73a700,721fcded6a40,232
721ffc73a700,721ffc081480,234
721ffc73a700,721fb4acfc40,234
721ffc73a700,721fd623f9c0,230
721ffc73a700,721fcb708c40,234
721ffc73a700,72200d281000,234
721ffc73a700,721fa0b28380,232
721ffc73a700,721ff60706c0,234
721ffc73a700,721fbf744a80,232
721ffc73a700,721ff829f000,230
721ffc73a700,721fcd328640,234
721ffc73a700,721fa326aac0,230
721ffc73a700,721fe6735ec0,232
721ffc73a700,721fc0ea9bc0,232
721ffc73a700,721fbe278c40,232
721ffc73a700,721f97ef9640,230
721ffc73a700,721f94390480,236
721ffc73a700,721fd0c990c0,234
721ffc73a700,721f96e97640,232
721ffc73a700,721faccb7f40,234
721ffc73a700,721f96156f40,232
721ffc73a700,721fcc4c3180,232
721ffc73a700,721fd27e6840,232
721ffc73a700,721fae018dc0,232
721ffc73a700,721fca6ddc40,360
721fca63c680,721f924c8980,230
721fca63c680,721fffa47880,234
721fca63c680,721fc57e29c0,232
721fca63c680,721fae8bc100,230
721fca63c680,721fd3d70880,230
721fca63c680,721fec712f80,234
721fca63c680,721fcded6a40,232
721fca63c680,721ffc081480,358
721fe9ebecc0,721f924c8980,232
721fe9ebecc0,721fffa47880,234
721fe9ebecc0,721fc57e29c0,236
721fe9ebecc0,721fae8bc100,238
721fe9ebecc0,721fd3d70880,236
721fe9ebecc0,721fec712f80,232
721fe9ebecc0,721fcded6a40,228
721fe9ebecc0,721ffc081480,236
721fe9ebecc0,721fb4acfc40,232
721fe9ebecc0,721fd623f9c0,238
721fe9ebecc0,721fcb708c40,230
721fe9ebecc0,72200d281000,236
721fe9ebecc0,721fa0b28380,234
721fe9ebecc0,721ff60706c0,232
721fe9ebecc0,721fbf744a80,232
721fe9ebecc0,721ff829f000,232
721fe9ebecc0,721fcd328640,230
721fe9ebecc0,721fa326aac0,232
721fe9ebecc0,721fe6735ec0,232
721fe9ebecc0,721fc0ea9bc0,234
721fe9ebecc0,721fbe278c40,238
721fe9ebecc0,721f97ef9640,232
721fe9ebecc0,721f94390480,234
721fe9ebecc0,721fd0c990c0,232
721fe9ebecc0,721f96e97640,238
721fe9ebecc0,721faccb7f40,238
721fe9ebecc0,721f96156f40,236
721fe9ebecc0,721fcc4c3180,236
721fe9ebecc0,721fd27e6840,228
721fe9ebecc0,721fae018dc0,356
721fcdc63d40,721f924c8980,232
721fcdc63d40,721fffa47880,236
721fcdc63d40,721fc57e29c0,232
721fcdc63d40,721fae8bc100,238
721fcdc63d40,721fd3d70880,236
721fcdc63d40,721fec712f80,234
721fcdc63d40,721fcded6a40,228
721fcdc63d40,721ffc081480,236
721fcdc63d40,721fb4acfc40,232
721fcdc63d40,721fd623f9c0,238
721fcdc63d40,721fcb708c40,230
721fcdc63d40,72200d281000,234
721fcdc63d40,721fa0b28380,236
721fcdc63d40,721ff60706c0,232
721fcdc63d40,721fbf744a80,228
721fcdc63d40,721ff829f000,232
721fcdc63d40,721fcd328640,232
721fcdc63d40,721fa326aac0,232
721fcdc63d40,721fe6735ec0,228
721fcdc63d40,721fc0ea9bc0,234
721fcdc63d40,721fbe278c40,238
721fcdc63d40,721f97ef9640,232
721fcdc63d40,721f94390480,236
721fcdc63d40,721fd0c990c0,232
721fcdc63d40,721f96e97640,238
721fcdc63d40,721faccb7f40,234
721fcdc63d40,721f96156f40,236
721fcdc63d40,721fcc4c3180,234
721fcdc63d40,721fd27e6840,356
721fdc352640,721f924c8980,232
721fdc352640,721fffa47880,366
721ff8e9a080,721f924c8980,228
721ff8e9a080,721fffa47880,238
721ff8e9a080,721fc57e29c0,236
721ff8e9a080,721fae8bc100,234
721ff8e9a080,721fd3d70880,234
721ff8e9a080,721fec712f80,236
721ff8e9a080,721fcded6a40,232
721ff8e9a080,721ffc081480,238
721ff8e9a080,721fb4acfc40,236
721ff8e9a080,721fd623f9c0,234
721ff8e9a080,721fcb708c40,232
721ff8e9a080,72200d281000,362
721fd96e6b00,721f924c8980,228
721fd96e6b00,721fffa47880,242
721fd96e6b00,721fc57e29c0,236
721fd96e6b00,721fae8bc100,240
721fd96e6b00,721fd3d70880,236
721fd96e6b00,721fec712f80,236
721fd96e6b00,721fcded6a40,232
721fd96e6b00,721ffc081480,238
721fd96e6b00,721fb4acfc40,236
721fd96e6b00,721fd623f9c0,238
721fd96e6b00,721fcb708c40,232
721fd96e6b00,72200d281000,234
721fd96e6b00,721fa0b28380,236
721fd96e6b00,721ff60706c0,230
721fd96e6b00,721fbf744a80,232
721fd96e6b00,721ff829f000,232
721fd96e6b00,721fcd328640,232
721fd96e6b00,721fa326aac0,232
721fd96e6b00,721fe6735ec0,232
721fd96e6b00,721fc0ea9bc0,238
721fd96e6b00,721fbe278c40,240
721fd96e6b00,721f97ef9640,230
721fd96e6b00,721f94390480,242
721fd96e6b00,721fd0c990c0,236
721fd96e6b00,721f96e97640,240
721fd96e6b00,721faccb7f40,242
721fd96e6b00,721f96156f40,362
721fb4de7bc0,721f924c8980,232
721fb4de7bc0,721fffa47880,238
721fb4de7bc0,721fc57e29c0,234
721fb4de7bc0,721fae8bc100,242
721fb4de7bc0,721fd3d70880,236
721fb4de7bc0,721fec712f80,236
721fb4de7bc0,721fcded6a40,358
721fa665b4c0,721f924c8980,228
721fa665b4c0,721fffa47880,240
721fa665b4c0,721fc57e29c0,236
721fa665b4c0,721fae8bc100,236
721fa665b4c0,721fd3d70880,234
721fa665b4c0,721fec712f80,234
721fa665b4c0,721fcded6a40,232
721fa665b4c0,721ffc081480,240
721fa665b4c0,721fb4acfc40,236
721fa665b4c0,721fd623f9c0,236
721fa665b4c0,721fcb708c40,232
721fa665b4c0,72200d281000,360
722007aa1a80,721f924c8980,228
722007aa1a80,721fffa47880,240
722007aa1a80,721fc57e29c0,236
722007aa1a80,721fae8bc100,240
722007aa1a80,721fd3d70880,234
722007aa1a80,721fec712f80,236
722007aa1a80,721fcded6a40,232
722007aa1a80,721ffc081480,242
722007aa1a80,721fb4acfc40,236
722007aa1a80,721fd623f9c0,238
722007aa1a80,721fcb708c40,232
722007aa1a80,72200d281000,362
721fc303b540,721f924c8980,232
721fc303b540,721fffa47880,230
721fc303b540,721fc57e29c0,234
721fc303b540,721fae8bc100,234
721fc303b540,721fd3d70880,232
721fc303b540,721fec712f80,230
721fc303b540,721fcded6a40,228
721fc303b540,721ffc081480,232
721fc303b540,721fb4acfc40,230
721fc303b540,721fd623f9c0,234
721fc303b540,721fcb708c40,230
721fc303b540,72200d281000,234
721fc303b540,721fa0b28380,232
721fc303b540,721ff60706c0,232
721fc303b540,721fbf744a80,232
721fc303b540,721ff829f000,232
721fc303b540,721fcd328640,230
721fc303b540,721fa326aac0,232
721fc303b540,721fe6735ec0,232
721fc303b540,721fc0ea9bc0,232
721fc303b540,721fbe278c40,234
721fc303b540,721f97ef9640,232
721fc303b540,721f94390480,228
721fc303b540,721fd0c990c0,232
721fc303b540,721f96e97640,234
721fc303b540,721faccb7f40,230
721fc303b540,721f96156f40,234
721fc303b540,721fcc4c3180,232
721fc303b540,721fd27e6840,228
721fc303b540,721fae018dc0,356
721fc67d05c0,721f924c8980,232
721fc67d05c0,721fffa47880,230
721fc67d05c0,721fc57e29c0,232
721fc67d05c0,721fae8bc100,232
721fc67d05c0,721fd3d70880,232
721fc67d05c0,721fec712f80,232
721fc67d05c0,721fcded6a40,232
721fc67d05c0,721ffc081480,232
721fc67d05c0,721fb4acfc40,232
721fc67d05c0,721fd623f9c0,234
721fc67d05c0,721fcb708c40,230
721fc67d05c0,72200d281000,234
721fc67d05c0,721fa0b28380,232
721fc67d05c0,721ff60706c0,232
721fc67d05c0,721fbf744a80,230
721fc67d05c0,721ff829f000,232
721fc67d05c0,721fcd328640,230
721fc67d05c0,721fa326aac0,232
721fc67d05c0,721fe6735ec0,228
721fc67d05c0,721fc0ea9bc0,232
721fc67d05c0,721fbe278c40,234
721fc67d05c0,721f97ef9640,232
721fc67d05c0,721f94390480,228
721fc67d05c0,721fd0c990c0,358
72200604c400,721f924c8980,228
72200604c400,721fffa47880,234
72200604c400,721fc57e29c0,232
72200604c400,721fae8bc100,230
72200604c400,721fd3d70880,232
72200604c400,721fec712f80,234
72200604c400,721fcded6a40,232
72200604c400,721ffc081480,232
72200604c400,721fb4acfc40,232
72200604c400,721fd623f9c0,230
72200604c400,721fcb708c40,232
72200604c400,72200d281000,230
72200604c400,721fa0b28380,234
72200604c400,721ff60706c0,230
72200604c400,721fbf744a80,232
72200604c400,721ff829f000,232
72200604c400,721fcd328640,232
72200604c400,721fa326aac0,356
721fda7b9d00,721f924c8980,230
721fda7b9d00,721fffa47880,234
721fda7b9d00,721fc57e29c0,232
721fda7b9d00,721fae8bc100,230
721fda7b9d00,721fd3d70880,232
721fda7b9d00,721fec712f80,234
721fda7b9d00,721fcded6a40,232
721fda7b9d00,721ffc081480,232
721fda7b9d00,721fb4acfc40,232
721fda7b9d00,721fd623f9c0,230
721fda7b9d00,721fcb708c40,232
721fda7b9d00,72200d281000,230
721fda7b9d00,721fa0b28380,234
721fda7b9d00,721ff60706c0,230
721fda7b9d00,721fbf744a80,234
721fda7b9d00,721ff829f000,232
721fda7b9d00,721fcd328640,232
721fda7b9d00,721fa326aac0,356
721fb11c7940,721f924c8980,232
721fb11c7940,721fffa47880,238
721fb11c7940,721fc57e29c0,234
721fb11c7940,721fae8bc100,244
721fb11c7940,721fd3d70880,236
721fb11c7940,721fec712f80,236
721fb11c7940,721fcded6a40,232
721fb11c7940,721ffc081480,240
721fb11c7940,721fb4acfc40,234
721fb11c7940,721fd623f9c0,240
721fb11c7940,721fcb708c40,232
721fb11c7940,72200d281000,236
721fb11c7940,721fa0b28380,236
721fb11c7940,721ff60706c0,234
721fb11c7940,721fbf744a80,230
721fb11c7940,721ff829f000,232
721fb11c7940,721fcd328640,232
721fb11c7940,721fa326aac0,232
721fb11c7940,721fe6735ec0,228
721fb11c7940,721fc0ea9bc0,234
721fb11c7940,721fbe278c40,242
721fb11c7940,721f97ef9640,232
721fb11c7940,721f94390480,238
721fb11c7940,721fd0c990c0,236
721fb11c7940,721f96e97640,242
721fb11c7940,721faccb7f40,366
721fa91a6c40,721f924c8980,232
721fa91a6c40,721fffa47880,240
721fa91a6c40,721fc57e29c0,236
721fa91a6c40,721fae8bc100,236
721fa91a6c40,721fd3d70880,234
721fa91a6c40,721fec712f80,236
721fa91a6c40,721fcded6a40,232
721fa91a6c40,721ffc081480,236
721fa91a6c40,721fb4acfc40,236
721fa91a6c40,721fd623f9c0,238
721fa91a6c40,721fcb708c40,232
721fa91a6c40,72200d281000,232
721fa91a6c40,721fa0b28380,234
721fa91a6c40,721ff60706c0,230
721fa91a6c40,721fbf744a80,232
721fa91a6c40,721ff829f000,228
721fa91a6c40,721fcd328640,232
721fa91a6c40,721fa326aac0,228
721fa91a6c40,721fe6735ec0,232
721fa91a6c40,721fc0ea9bc0,238
721fa91a6c40,721fbe278c40,236
721fa91a6c40,721f97ef9640,232
721fa91a6c40,721f94390480,240
721fa91a6c40,721fd0c990c0,236
721fa91a6c40,721f96e97640,364
721fd10c2640,721f924c8980,228
721fd10c2640,721fffa47880,232
721fd10c2640,721fc57e29c0,234
721fd10c2640,721fae8bc100,230
721fd10c2640,721fd3d70880,230
721fd10c2640,721fec712f80,232
721fd10c2640,721fcded6a40,232
721fd10c2640,721ffc081480,358
721faf583300,721f924c8980,228
721faf583300,721fffa47880,238
721faf583300,721fc57e29c0,236
721faf583300,721fae8bc100,238
721faf583300,721fd3d70880,236
721faf583300,721fec712f80,238
721faf583300,721fcded6a40,232
721faf583300,721ffc081480,238
721faf583300,721fb4acfc40,236
721faf583300,721fd623f9c0,362
721fb581acc0,721f924c8980,228
721fb581acc0,721fffa47880,232
721fb581acc0,721fc57e29c0,234
721fb581acc0,721fae8bc100,360
72200673e300,721f924c8980,230
72200673e300,721fffa47880,234
72200673e300,721fc57e29c0,234
72200673e300,721fae8bc100,232
72200673e300,721fd3d70880,232
72200673e300,721fec712f80,234
72200673e300,721fcded6a40,232
72200673e300,721ffc081480,234
72200673e300,721fb4acfc40,234
72200673e300,721fd623f9c0,232
72200673e300,721fcb708c40,232
72200673e300,72200d281000,234
72200673e300,721fa0b28380,232
72200673e300,721ff60706c0,360
721f99571400,721f924c8980,228
721f99571400,721fffa47880,238
721f99571400,721fc57e29c0,236
721f99571400,721fae8bc100,236
721f99571400,721fd3d70880,234
721f99571400,721fec712f80,238
721f99571400,721fcded6a40,232
721f99571400,721ffc081480,238
721f99571400,721fb4acfc40,236
721f99571400,721fd623f9c0,234
721f99571400,721fcb708c40,232
721f99571400,72200d281000,234
721f99571400,721fa0b28380,236
721f99571400,721ff60706c0,230
721f99571400,721fbf744a80,232
721f99571400,721ff829f000,232
721f99571400,721fcd328640,232
721f99571400,721fa326aac0,232
721f99571400,721fe6735ec0,232
721f99571400,721fc0ea9bc0,236
721f99571400,721fbe278c40,236
721f99571400,721f97ef9640,230
721f99571400,721f94390480,240
721f99571400,721fd0c990c0,236
721f99571400,721f96e97640,236
721f99571400,721faccb7f40,236
721f99571400,721f96156f40,362
721fb1716dc0,721f924c8980,232
721fb1716dc0,721fffa47880,240
721fb1716dc0,721fc57e29c0,236
721fb1716dc0,721fae8bc100,234
721fb1716dc0,721fd3d70880,234
721fb1716dc0,721fec712f80,234
721fb1716dc0,721fcded6a40,232
721fb1716dc0,721ffc081480,236
721fb1716dc0,721fb4acfc40,236
721fb1716dc0,721fd623f9c0,236
721fb1716dc0,721fcb708c40,232
721fb1716dc0,72200d281000,234
721fb1716dc0,721fa0b28380,234
721fb1716dc0,721ff60706c0,230
721fb1716dc0,721fbf744a80,232
721fb1716dc0,721ff829f000,228
721fb1716dc0,721fcd328640,234
721fb1716dc0,721fa326aac0,228
721fb1716dc0,721fe6735ec0,232
721fb1716dc0,721fc0ea9bc0,238
721fb1716dc0,721fbe278c40,238
721fb1716dc0,721f97ef9640,232
721fb1716dc0,721f94390480,240
721fb1716dc0,721fd0c990c0,236
721fb1716dc0,721f96e97640,240
721fb1716dc0,721faccb7f40,240
721fb1716dc0,721f96156f40,234
721fb1716dc0,721fcc4c3180,360
721faede1480,721f924c8980,232
721faede1480,721fffa47880,242
721faede1480,721fc57e29c0,234
721faede1480,721fae8bc100,242
721faede1480,721fd3d70880,236
721faede1480,721fec712f80,234
721faede1480,721fcded6a40,230
721faede1480,721ffc081480,242
721faede1480,721fb4acfc40,234
721faede1480,721fd623f9c0,242
721faede1480,721fcb708c40,230
721faede1480,72200d281000,236
721faede1480,721fa0b28380,236
721faede1480,721ff60706c0,232
721faede1480,721fbf744a80,230
721faede1480,721ff829f000,232
721faede1480,721fcd328640,232
721faede1480,721fa326aac0,232
721faede1480,721fe6735ec0,230
721faede1480,721fc0ea9bc0,234
721faede1480,721fbe278c40,242
721faede1480,721f97ef9640,232
721faede1480,721f94390480,242
721faede1480,721fd0c990c0,234
721faede1480,721f96e97640,242
721faede1480,721faccb7f40,238
721faede1480,721f96156f40,236
721faede1480,721fcc4c3180,236
721faede1480,721fd27e6840,356
721fdd882a80,721f924c8980,232
721fdd882a80,721fffa47880,232
721fdd882a80,721fc57e29c0,232
721fdd882a80,721fae8bc100,236
721fdd882a80,721fd3d70880,234
721fdd882a80,721fec712f80,360
721ff4b92980,721f924c8980,232
721ff4b92980,721fffa47880,242
721ff4b92980,721fc57e29c0,236
721ff4b92980,721fae8bc100,240
721ff4b92980,721fd3d70880,234
721ff4b92980,721fec712f80,236
721ff4b92980,721fcded6a40,232
721ff4b92980,721ffc081480,238
721ff4b92980,721fb4acfc40,236
721ff4b92980,721fd623f9c0,238
721ff4b92980,721fcb708c40,232
721ff4b92980,72200d281000,236
721ff4b92980,721fa0b28380,236
721ff4b92980,721ff60706c0,230
721ff4b92980,721fbf744a80,232
721ff4b92980,721ff829f000,228
721ff4b92980,721fcd328640,232
721ff4b92980,721fa326aac0,228
721ff4b92980,721fe6735ec0,232
721ff4b92980,721fc0ea9bc0,238
721ff4b92980,721fbe278c40,240
721ff4b92980,721f97ef9640,232
721ff4b92980,721f94390480,240
721ff4b92980,721fd0c990c0,236
721ff4b92980,721f96e97640,368
721faa89f500,721f924c8980,232
721faa89f500,721fffa47880,234
721faa89f500,721fc57e29c0,232
721faa89f500,721fae8bc100,234
721faa89f500,721fd3d70880,236
721faa89f500,721fec712f80,232
721faa89f500,721fcded6a40,230
721faa89f500,721ffc081480,234
721faa89f500,721fb4acfc40,232
721faa89f500,721fd623f9c0,234
721faa89f500,721fcb708c40,230
721faa89f500,72200d281000,234
721faa89f500,721fa0b28380,236
721faa89f500,721ff60706c0,232
721faa89f500,721fbf744a80,232
721faa89f500,721ff829f000,232
721faa89f500,721fcd328640,234
721faa89f500,721fa326aac0,232
721faa89f500,721fe6735ec0,230
721faa89f500,721fc0ea9bc0,232
721faa89f500,721fbe278c40,234
721faa89f500,721f97ef9640,232
721faa89f500,721f94390480,234
721faa89f500,721fd0c990c0,232
721faa89f500,721f96e97640,234
721faa89f500,721faccb7f40,230
721faa89f500,721f96156f40,234
721faa89f500,721fcc4c3180,236
721faa89f500,721fd27e6840,356
721fb6763240,721f924c8980,356
721fccffd740,721f924c8980,230
721fccffd740,721fffa47880,240
721fccffd740,721fc57e29c0,236
721fccffd740,721fae8bc100,238
721fccffd740,721fd3d70880,234
721fccffd740,721fec712f80,236
721fccffd740,721fcded6a40,232
721fccffd740,721ffc081480,238
721fccffd740,721fb4acfc40,236
721fccffd740,721fd623f9c0,238
721fccffd740,721fcb708c40,234
721fccffd740,72200d281000,234
721fccffd740,721fa0b28380,236
721fccffd740,721ff60706c0,230
721fccffd740,721fbf744a80,232
721fccffd740,721ff829f000,232
721fccffd740,721fcd328640,232
721fccffd740,721fa326aac0,232
721fccffd740,721fe6735ec0,232
721fccffd740,721fc0ea9bc0,238
721fccffd740,721fbe278c40,240
721fccffd740,721f97ef9640,230
721fccffd740,721f94390480,240
721fccffd740,721fd0c990c0,236
721fccffd740,721f96e97640,240
721fccffd740,721faccb7f40,242
721fccffd740,721f96156f40,362
721fb50560c0,721f924c8980,232
721fb50560c0,721fffa47880,240
721fb50560c0,721fc57e29c0,234
721fb50560c0,721fae8bc100,242
721fb50560c0,721fd3d70880,236
721fb50560c0,721fec712f80,234
721fb50560c0,721fcded6a40,230
721fb50560c0,721ffc081480,240
721fb50560c0,721fb4acfc40,234
721fb50560c0,721fd623f9c0,240
721fb50560c0,721fcb708c40,232
721fb50560c0,72200d281000,236
721fb50560c0,721fa0b28380,236
721fb50560c0,721ff60706c0,234
721fb50560c0,721fbf744a80,230
721fb50560c0,721ff829f000,232
721fb50560c0,721fcd328640,234
721fb50560c0,721fa326aac0,232
721fb50560c0,721fe6735ec0,230
721fb50560c0,721fc0ea9bc0,234
721fb50560c0,721fbe278c40,242
721fb50560c0,721f97ef9640,232
721fb50560c0,721f94390480,366
721f92a5b300,721f924c8980,232
721f92a5b300,721fffa47880,232
721f92a5b300,721fc57e29c0,232
721f92a5b300,721fae8bc100,234
721f92a5b300,721fd3d70880,234
721f92a5b300,721fec712f80,236
721f92a5b300,721fcded6a40,358
721fa70dfc80,721f924c8980,232
721fa70dfc80,721fffa47880,230
721fa70dfc80,721fc57e29c0,358
721fa2990800,721f924c8980,232
721fa2990800,721fffa47880,232
721fa2990800,721fc57e29c0,232
721fa2990800,721fae8bc100,234
721fa2990800,721fd3d70880,236
721fa2990800,721fec712f80,236
721fa2990800,721fcded6a40,358
721fce2979c0,721f924c8980,232
721fce2979c0,721fffa47880,358
72200219e980,721f924c8980,230
72200219e980,721fffa47880,240
72200219e980,721fc57e29c0,236
72200219e980,721fae8bc100,240
72200219e980,721fd3d70880,234
72200219e980,721fec712f80,236
72200219e980,721fcded6a40,232
72200219e980,721ffc081480,242
72200219e980,721fb4acfc40,236
72200219e980,721fd623f9c0,238
72200219e980,721fcb708c40,232
72200219e980,72200d281000,362
721fe17f4540,721f924c8980,232
721fe17f4540,721fffa47880,238
721fe17f4540,721fc57e29c0,234
721fe17f4540,721fae8bc100,242
721fe17f4540,721fd3d70880,236
721fe17f4540,721fec712f80,236
721fe17f4540,721fcded6a40,358
721f9b7ea000,721f924c8980,230
721f9b7ea000,721fffa47880,234
721f9b7ea000,721fc57e29c0,234
721f9b7ea000,721fae8bc100,232
721f9b7ea000,721fd3d70880,232
721f9b7ea000,721fec712f80,234
721f9b7ea000,721fcded6a40,232
721f9b7ea000,721ffc081480,234
721f9b7ea000,721fb4acfc40,234
721f9b7ea000,721fd623f9c0,230
721f9b7ea000,721fcb708c40,232
721f9b7ea000,72200d281000,232
721f9b7ea000,721fa0b28380,360
721fec238a00,721f924c8980,230
721fec238a00,721fffa47880,240
721fec238a00,721fc57e29c0,236
721fec238a00,721fae8bc100,236
721fec238a00,721fd3d70880,234
721fec238a00,721fec712f80,236
721fec238a00,721fcded6a40,232
721fec238a00,721ffc081480,238
721fec238a00,721fb4acfc40,236
721fec238a00,721fd623f9c0,236
721fec238a00,721fcb708c40,234
721fec238a00,72200d281000,234
721fec238a00,721fa0b28380,236
721fec238a00,721ff60706c0,230
721fec238a00,721fbf744a80,232
721fec238a00,721ff829f000,232
721fec238a00,721fcd328640,234
721fec238a00,721fa326aac0,358
721fac0db040,721f924c8980,232
721fac0db040,721fffa47880,230
721fac0db040,721fc57e29c0,232
721fac0db040,721fae8bc100,234
721fac0db040,721fd3d70880,232
721fac0db040,721fec712f80,358
721fc17d1c00,721f924c8980,358
722003a93f00,721f924c8980,228
722003a93f00,721fffa47880,242
722003a93f00,721fc57e29c0,236
722003a93f00,721fae8bc100,242
722003a93f00,721fd3d70880,236
722003a93f00,721fec712f80,236
722003a93f00,721fcded6a40,232
722003a93f00,721ffc081480,240
722003a93f00,721fb4acfc40,236
722003a93f00,721fd623f9c0,242
722003a93f00,721fcb708c40,232
722003a93f00,72200d281000,234
722003a93f00,721fa0b28380,234
722003a93f00,721ff60706c0,230
722003a93f00,721fbf744a80,232
722003a93f00,721ff829f000,228
722003a93f00,721fcd328640,232
722003a93f00,721fa326aac0,228
722003a93f00,721fe6735ec0,232
722003a93f00,721fc0ea9bc0,238
722003a93f00,721fbe278c40,366
721fa4d7cb00,721f924c8980,232
721fa4d7cb00,721fffa47880,232
721fa4d7cb00,721fc57e29c0,232
721fa4d7cb00,721fae8bc100,232
721fa4d7cb00,721fd3d70880,234
721fa4d7cb00,721fec712f80,232
721fa4d7cb00,721fcded6a40,230
721fa4d7cb00,721ffc081480,234
721fa4d7cb00,721fb4acfc40,230
721fa4d7cb00,721fd623f9c0,232
721fa4d7cb00,721fcb708c40,230
721fa4d7cb00,72200d281000,232
721fa4d7cb00,721fa0b28380,234
721fa4d7cb00,721ff60706c0,232
721fa4d7cb00,721fbf744a80,234
721fa4d7cb00,721ff829f000,232
721fa4d7cb00,721fcd328640,230
721fa4d7cb00,721fa326aac0,232
721fa4d7cb00,721fe6735ec0,358
721ff5a0d140,721f924c8980,230
721ff5a0d140,721fffa47880,232
721ff5a0d140,721fc57e29c0,234
721ff5a0d140,721fae8bc100,230
721ff5a0d140,721fd3d70880,230
721ff5a0d140,721fec712f80,232
721ff5a0d140,721fcded6a40,232
721ff5a0d140,721ffc081480,230
721ff5a0d140,721fb4acfc40,234
721ff5a0d140,721fd623f9c0,230
721ff5a0d140,721fcb708c40,232
721ff5a0d140,72200d281000,230
721ff5a0d140,721fa0b28380,234
721ff5a0d140,721ff60706c0,230
721ff5a0d140,721fbf744a80,232
721ff5a0d140,721ff829f000,356
721fbb4644c0,721f924c8980,232
721fbb4644c0,721fffa47880,234
721fbb4644c0,721fc57e29c0,236
721fbb4644c0,721fae8bc100,238
721fbb4644c0,721fd3d70880,236
721fbb4644c0,721fec712f80,234
721fbb4644c0,721fcded6a40,228
721fbb4644c0,721ffc081480,236
721fbb4644c0,721fb4acfc40,232
721fbb4644c0,721fd623f9c0,238
721fbb4644c0,721fcb708c40,230
721fbb4644c0,72200d281000,236
721fbb4644c0,721fa0b28380,236
721fbb4644c0,721ff60706c0,234
721fbb4644c0,721fbf744a80,232
721fbb4644c0,721ff829f000,232
721fbb4644c0,721fcd328640,230
721fbb4644c0,721fa326aac0,232
721fbb4644c0,721fe6735ec0,356
721f9bfc8f00,721f924c8980,230
721f9bfc8f00,721fffa47880,234
721f9bfc8f00,721fc57e29c0,234
721f9bfc8f00,721fae8bc100,232
721f9bfc8f00,721fd3d70880,232
721f9bfc8f00,721fec712f80,236
721f9bfc8f00,721fcded6a40,232
721f9bfc8f00,721ffc081480,360
721fc13c6e40,721f924c8980,228
721fc13c6e40,721fffa47880,242
721fc13c6e40,721fc57e29c0,236
721fc13c6e40,721fae8bc100,368
721fdd82be00,721f924c8980,232
721fdd82be00,721fffa47880,238
721fdd82be00,721fc57e29c0,236
721fdd82be00,721fae8bc100,242
721fdd82be00,721fd3d70880,236
721fdd82be00,721fec712f80,234
721fdd82be00,721fcded6a40,230
721fdd82be00,721ffc081480,240
721fdd82be00,721fb4acfc40,234
721fdd82be00,721fd623f9c0,242
721fdd82be00,721fcb708c40,230
721fdd82be00,72200d281000,236
721fdd82be00,721fa0b28380,236
721fdd82be00,721ff60706c0,232
721fdd82be00,721fbf744a80,232
721fdd82be00,721ff829f000,232
721fdd82be00,721fcd328640,230
721fdd82be00,721fa326aac0,232
721fdd82be00,721fe6735ec0,232
721fdd82be00,721fc0ea9bc0,234
721fdd82be00,721fbe278c40,242
721fdd82be00,721f97ef9640,232
721fdd82be00,721f94390480,238
721fdd82be00,721fd0c990c0,234
721fdd82be00,721f96e97640,242
721fdd82be00,721faccb7f40,238
721fdd82be00,721f96156f40,236
721fdd82be00,721fcc4c3180,236
721fdd82be00,721fd27e6840,228
721fdd82be00,721fae018dc0,356
721fb636fb80,721f924c8980,230
721fb636fb80,721fffa47880,240
721fb636fb80,721fc57e29c0,236
721fb636fb80,721fae8bc100,240
721fb636fb80,721fd3d70880,234
721fb636fb80,721fec712f80,236
721fb636fb80,721fcded6a40,232
721fb636fb80,721ffc081480,238
721fb636fb80,721fb4acfc40,236
721fb636fb80,721fd623f9c0,238
721fb636fb80,721fcb708c40,232
721fb636fb80,72200d281000,234
721fb636fb80,721fa0b28380,234
721fb636fb80,721ff60706c0,230
721fb636fb80,721fbf744a80,232
721fb636fb80,721ff829f000,230
721fb636fb80,721fcd328640,232
721fb636fb80,721fa326aac0,230
721fb636fb80,721fe6735ec0,232
721fb636fb80,721fc0ea9bc0,238
721fb636fb80,721fbe278c40,240
721fb636fb80,721f97ef9640,232
721fb636fb80,721f94390480,240
721fb636fb80,721fd0c990c0,236
721fb636fb80,721f96e97640,242
721fb636fb80,721faccb7f40,242
721fb636fb80,721f96156f40,234
721fb636fb80,721fcc4c3180,362
7220036894c0,721f924c8980,232
7220036894c0,721fffa47880,230
7220036894c0,721fc57e29c0,234
7220036894c0,721fae8bc100,232
7220036894c0,721fd3d70880,232
7220036894c0,721fec712f80,230
7220036894c0,721fcded6a40,230
7220036894c0,721ffc081480,232
7220036894c0,721fb4acfc40,232
7220036894c0,721fd623f9c0,234
7220036894c0,721fcb708c40,230
7220036894c0,72200d281000,232
7220036894c0,721fa0b28380,232
7220036894c0,721ff60706c0,232
7220036894c0,721fbf744a80,232
7220036894c0,721ff829f000,232
7220036894c0,721fcd328640,230
7220036894c0,721fa326aac0,232
7220036894c0,721fe6735ec0,356
721ffdfaf100,721f924c8980,232
721ffdfaf100,721fffa47880,240
721ffdfaf100,721fc57e29c0,236
721ffdfaf100,721fae8bc100,242
721ffdfaf100,721fd3d70880,236
721ffdfaf100,721fec712f80,234
721ffdfaf100,721fcded6a40,230
721ffdfaf100,721ffc081480,240
721ffdfaf100,721fb4acfc40,234
721ffdfaf100,721fd623f9c0,240
721ffdfaf100,721fcb708c40,232
721ffdfaf100,72200d281000,236
721ffdfaf100,721fa0b28380,236
721ffdfaf100,721ff60706c0,232
721ffdfaf100,721fbf744a80,232
721ffdfaf100,721ff829f000,232
721ffdfaf100,721fcd328640,230
721ffdfaf100,721fa326aac0,232
721ffdfaf100,721fe6735ec0,358
721fdcd8a840,721f924c8980,232
721fdcd8a840,721fffa47880,240
721fdcd8a840,721fc57e29c0,234
721fdcd8a840,721fae8bc100,242
721fdcd8a840,721fd3d70880,236
721fdcd8a840,721fec712f80,234
721fdcd8a840,721fcded6a40,230
721fdcd8a840,721ffc081480,240
721fdcd8a840,721fb4acfc40,234
721fdcd8a840,721fd623f9c0,242
721fdcd8a840,721fcb708c40,230
721fdcd8a840,72200d281000,236
721fdcd8a840,721fa0b28380,236
721fdcd8a840,721ff60706c0,232
721fdcd8a840,721fbf744a80,230
721fdcd8a840,721ff829f000,232
721fdcd8a840,721fcd328640,234
721fdcd8a840,721fa326aac0,232
721fdcd8a840,721fe6735ec0,230
721fdcd8a840,721fc0ea9bc0,236
721fdcd8a840,721fbe278c40,242
721fdcd8a840,721f97ef9640,232
721fdcd8a840,721f94390480,240
721fdcd8a840,721fd0c990c0,234
721fdcd8a840,721f96e97640,242
721fdcd8a840,721faccb7f40,240
721fdcd8a840,721f96156f40,236
721fdcd8a840,721fcc4c3180,236
721fdcd8a840,721fd27e6840,358
721ffafc77c0,721f924c8980,232
721ffafc77c0,721fffa47880,238
721ffafc77c0,721fc57e29c0,234
721ffafc77c0,721fae8bc100,242
721ffafc77c0,721fd3d70880,236
721ffafc77c0,721fec712f80,232
721ffafc77c0,721fcded6a40,230
721ffafc77c0,721ffc081480,242
721ffafc77c0,721fb4acfc40,236
721ffafc77c0,721fd623f9c0,242
721ffafc77c0,721fcb708c40,232
721ffafc77c0,72200d281000,236
721ffafc77c0,721fa0b28380,236
721ffafc77c0,721ff60706c0,234
721ffafc77c0,721fbf744a80,232
721ffafc77c0,721ff829f000,232
721ffafc77c0,721fcd328640,232
721ffafc77c0,721fa326aac0,232
721ffafc77c0,721fe6735ec0,230
721ffafc77c0,721fc0ea9bc0,362
722008720540,721f924c8980,232
722008720540,721fffa47880,238
722008720540,721fc57e29c0,234
722008720540,721fae8bc100,242
722008720540,721fd3d70880,236
722008720540,721fec712f80,232
722008720540,721fcded6a40,230
722008720540,721ffc081480,242
722008720540,721fb4acfc40,362
721fff6a1600,721f924c8980,228
721fff6a1600,721fffa47880,240
721fff6a1600,721fc57e29c0,236
721fff6a1600,721fae8bc100,236
721fff6a1600,721fd3d70880,234
721fff6a1600,721fec712f80,236
721fff6a1600,721fcded6a40,232
721fff6a1600,721ffc081480,240
721fff6a1600,721fb4acfc40,236
721fff6a1600,721fd623f9c0,236
721fff6a1600,721fcb708c40,232
721fff6a1600,72200d281000,236
721fff6a1600,721fa0b28380,234
721fff6a1600,721ff60706c0,232
721fff6a1600,721fbf744a80,232
721fff6a1600,721ff829f000,228
721fff6a1600,721fcd328640,232
721fff6a1600,721fa326aac0,230
721fff6a1600,721fe6735ec0,232
721fff6a1600,721fc0ea9bc0,238
721fff6a1600,721fbe278c40,236
721fff6a1600,721f97ef9640,230
721fff6a1600,721f94390480,240
721fff6a1600,721fd0c990c0,236
721fff6a1600,721f96e97640,236
721fff6a1600,721faccb7f40,240
721fff6a1600,721f96156f40,234
721fff6a1600,721fcc4c3180,234
721fff6a1600,721fd27e6840,232
721fff6a1600,721fae018dc0,232
721fff6a1600,721fca6ddc40,362
721f9afa8c40,721f924c8980,230
721f9afa8c40,721fffa47880,234
721f9afa8c40,721fc57e29c0,234
721f9afa8c40,721fae8bc100,232
721f9afa8c40,721fd3d70880,234
721f9afa8c40,721fec712f80,234
721f9afa8c40,721fcded6a40,232
721f9afa8c40,721ffc081480,232
721f9afa8c40,721fb4acfc40,234
721f9afa8c40,721fd623f9c0,234
721f9afa8c40,721fcb708c40,232
721f9afa8c40,72200d281000,232
721f9afa8c40,721fa0b28380,232
721f9afa8c40,721ff60706c0,232
721f9afa8c40,721fbf744a80,232
721f9afa8c40,721ff829f000,228
721f9afa8c40,721fcd328640,232
721f9afa8c40,721fa326aac0,230
721f9afa8c40,721fe6735ec0,232
721f9afa8c40,721fc0ea9bc0,234
721f9afa8c40,721fbe278c40,360
721fd71a3000,721f924c8980,232
721fd71a3000,721fffa47880,240
721fd71a3000,721fc57e29c0,234
721fd71a3000,721fae8bc100,240
721fd71a3000,721fd3d70880,236
721fd71a3000,721fec712f80,234
721fd71a3000,721fcded6a40,230
721fd71a3000,721ffc081480,240
721fd71a3000,721fb4acfc40,234
721fd71a3000,721fd623f9c0,240
721fd71a3000,721fcb708c40,230
721fd71a3000,72200d281000,236
721fd71a3000,721fa0b28380,236
721fd71a3000,721ff60706c0,232
721fd71a3000,721fbf744a80,230
721fd71a3000,721ff829f000,232
721fd71a3000,721fcd328640,232
721fd71a3000,721fa326aac0,232
721fd71a3000,721fe6735ec0,230
721fd71a3000,721fc0ea9bc0,236
721fd71a3000,721fbe278c40,238
721fd71a3000,721f97ef9640,232
721fd71a3000,721f94390480,240
721fd71a3000,721fd0c990c0,234
721fd71a3000,721f96e97640,238
721fd71a3000,721faccb7f40,236
721fd71a3000,721f96156f40,236
721fd71a3000,721fcc4c3180,236
721fd71a3000,721fd27e6840,356
721fe5433f80,721f924c8980,232
721fe5433f80,721fffa47880,236
721fe5433f80,721fc57e29c0,234
721fe5433f80,721fae8bc100,240
721fe5433f80,721fd3d70880,236
721fe5433f80,721fec712f80,234
721fe5433f80,721fcded6a40,230
721fe5433f80,721ffc081480,240
721fe5433f80,721fb4acfc40,236
721fe5433f80,721fd623f9c0,240
721fe5433f80,721fcb708c40,232
721fe5433f80,72200d281000,236
721fe5433f80,721fa0b28380,236
721fe5433f80,721ff60706c0,232
721fe5433f80,721fbf744a80,230
721fe5433f80,721ff829f000,232
721fe5433f80,721fcd328640,230
721fe5433f80,721fa326aac0,232
721fe5433f80,721fe6735ec0,230
721fe5433f80,721fc0ea9bc0,238
721fe5433f80,721fbe278c40,238
721fe5433f80,721f97ef9640,232
721fe5433f80,721f94390480,236
721fe5433f80,721fd0c990c0,234
721fe5433f80,721f96e97640,238
721fe5433f80,721faccb7f40,236
721fe5433f80,721f96156f40,236
721fe5433f80,721fcc4c3180,236
721fe5433f80,721fd27e6840,230
721fe5433f80,721fae018dc0,228
721fe5433f80,721fca6ddc40,238
721fe5433f80,721fd9682240,366
721fb6a48140,721f924c8980,232
721fb6a48140,721fffa47880,236
721fb6a48140,721fc57e29c0,234
721fb6a48140,721fae8bc100,240
721fb6a48140,721fd3d70880,236
721fb6a48140,721fec712f80,234
721fb6a48140,721fcded6a40,228
721fb6a48140,721ffc081480,240
721fb6a48140,721fb4acfc40,236
721fb6a48140,721fd623f9c0,240
721fb6a48140,721fcb708c40,232
721fb6a48140,72200d281000,236
721fb6a48140,721fa0b28380,236
721fb6a48140,721ff60706c0,232
721fb6a48140,721fbf744a80,230
721fb6a48140,721ff829f000,232
721fb6a48140,721fcd328640,230
721fb6a48140,721fa326aac0,232
721fb6a48140,721fe6735ec0,228
721fb6a48140,721fc0ea9bc0,362
721ffeb06280,721f924c8980,232
721ffeb06280,721fffa47880,236
721ffeb06280,721fc57e29c0,234
721ffeb06280,721fae8bc100,240
721ffeb06280,721fd3d70880,236
721ffeb06280,721fec712f80,234
721ffeb06280,721fcded6a40,230
721ffeb06280,721ffc081480,240
721ffeb06280,721fb4acfc40,362
721fa36316c0,721f924c8980,232
721fa36316c0,721fffa47880,238
721fa36316c0,721fc57e29c0,236
721fa36316c0,721fae8bc100,242
721fa36316c0,721fd3d70880,236
721fa36316c0,721fec712f80,234
721fa36316c0,721fcded6a40,230
721fa36316c0,721ffc081480,240
721fa36316c0,721fb4acfc40,232
721fa36316c0,721fd623f9c0,240
721fa36316c0,721fcb708c40,230
721fa36316c0,72200d281000,236
721fa36316c0,721fa0b28380,236
721fa36316c0,721ff60706c0,232
721fa36316c0,721fbf744a80,232
721fa36316c0,721ff829f000,230
721fa36316c0,721fcd328640,230
721fa36316c0,721fa326aac0,232
721fa36316c0,721fe6735ec0,232
721fa36316c0,721fc0ea9bc0,236
721fa36316c0,721fbe278c40,242
721fa36316c0,721f97ef9640,232
721fa36316c0,721f94390480,238
721fa36316c0,721fd0c990c0,232
721fa36316c0,721f96e97640,242
721fa36316c0,721faccb7f40,238
721fa36316c0,721f96156f40,236
721fa36316c0,721fcc4c3180,236
721fa36316c0,721fd27e6840,230
721fa36316c0,721fae018dc0,356
721fdcc9e240,721f924c8980,232
721fdcc9e240,721fffa47880,236
721fdcc9e240,721fc57e29c0,234
721fdcc9e240,721fae8bc100,240
721fdcc9e240,721fd3d70880,236
721fdcc9e240,721fec712f80,362
722002761580,721f924c8980,232
722002761580,721fffa47880,234
722002761580,721fc57e29c0,232
722002761580,721fae8bc100,232
722002761580,721fd3d70880,230
722002761580,721fec712f80,234
722002761580,721fcded6a40,232
722002761580,721ffc081480,230
722002761580,721fb4acfc40,232
722002761580,721fd623f9c0,230
722002761580,721fcb708c40,232
722002761580,72200d281000,232
722002761580,721fa0b28380,230
722002761580,721ff60706c0,230
722002761580,721fbf744a80,232
722002761580,721ff829f000,228
722002761580,721fcd328640,232
722002761580,721fa326aac0,228
722002761580,721fe6735ec0,232
722002761580,721fc0ea9bc0,232
722002761580,721fbe278c40,230
722002761580,721f97ef9640,232
722002761580,721f94390480,234
722002761580,721fd0c990c0,234
722002761580,721f96e97640,232
722002761580,721faccb7f40,232
722002761580,721f96156f40,230
722002761580,721fcc4c3180,358
721fbb911380,721f924c8980,232
721fbb911380,721fffa47880,232
721fbb911380,721fc57e29c0,232
721fbb911380,721fae8bc100,234
721fbb911380,721fd3d70880,234
721fbb911380,721fec712f80,232
721fbb911380,721fcded6a40,230
721fbb911380,721ffc081480,234
721fbb911380,721fb4acfc40,234
721fbb911380,721fd623f9c0,232
721fbb911380,721fcb708c40,358
721ff082ea40,721f924c8980,228
721ff082ea40,721fffa47880,232
721ff082ea40,721fc57e29c0,234
721ff082ea40,721fae8bc100,232
721ff082ea40,721fd3d70880,358
721fc1bf8f80,721f924c8980,228
721fc1bf8f80,721fffa47880,242
721fc1bf8f80,721fc57e29c0,236
721fc1bf8f80,721fae8bc100,240
721fc1bf8f80,721fd3d70880,234
721fc1bf8f80,721fec712f80,236
721fc1bf8f80,721fcded6a40,232
721fc1bf8f80,721ffc081480,240
721fc1bf8f80,721fb4acfc40,236
721fc1bf8f80,721fd623f9c0,238
721fc1bf8f80,721fcb708c40,232
721fc1bf8f80,72200d281000,234
721fc1bf8f80,721fa0b28380,236
721fc1bf8f80,721ff60706c0,232
721fc1bf8f80,721fbf744a80,232
721fc1bf8f80,721ff829f000,232
721fc1bf8f80,721fcd328640,232
721fc1bf8f80,721fa326aac0,356
721faecafd40,721f924c8980,232
721faecafd40,721fffa47880,232
721faecafd40,721fc57e29c0,234
721faecafd40,721fae8bc100,230
721faecafd40,721fd3d70880,230
721faecafd40,721fec712f80,232
721faecafd40,721fcded6a40,232
721faecafd40,721ffc081480,228
721faecafd40,721fb4acfc40,234
721faecafd40,721fd623f9c0,232
721faecafd40,721fcb708c40,232
721faecafd40,72200d281000,230
721faecafd40,721fa0b28380,230
721faecafd40,721ff60706c0,232
721faecafd40,721fbf744a80,232
721faecafd40,721ff829f000,228
721faecafd40,721fcd328640,232
721faecafd40,721fa326aac0,228
721faecafd40,721fe6735ec0,232
721faecafd40,721fc0ea9bc0,236
721faecafd40,721fbe278c40,230
721faecafd40,721f97ef9640,232
721faecafd40,721f94390480,232
721faecafd40,721fd0c990c0,234
721faecafd40,721f96e97640,234
721faecafd40,721faccb7f40,232
721faecafd40,721f96156f40,230
721faecafd40,721fcc4c3180,358
721fc3222fc0,721f924c8980,228
721fc3222fc0,721fffa47880,232
721fc3222fc0,721fc57e29c0,234
721fc3222fc0,721fae8bc100,230
721fc3222fc0,721fd3d70880,230
721fc3222fc0,721fec712f80,232
721fc3222fc0,721fcded6a40,232
721fc3222fc0,721ffc081480,232
721fc3222fc0,721fb4acfc40,234
721fc3222fc0,721fd623f9c0,230
721fc3222fc0,721fcb708c40,232
721fc3222fc0,72200d281000,232
721fc3222fc0,721fa0b28380,230
721fc3222fc0,721ff60706c0,232
721fc3222fc0,721fbf744a80,232
721fc3222fc0,721ff829f000,228
721fc3222fc0,721fcd328640,232
721fc3222fc0,721fa326aac0,228
721fc3222fc0,721fe6735ec0,232
721fc3222fc0,721fc0ea9bc0,234
721fc3222fc0,721fbe278c40,232
721fc3222fc0,721f97ef9640,228
721fc3222fc0,721f94390480,232
721fc3222fc0,721fd0c990c0,234
721fc3222fc0,721f96e97640,232
721fc3222fc0,721faccb7f40,234
721fc3222fc0,721f96156f40,232
721fc3222fc0,721fcc4c3180,230
721fc3222fc0,721fd27e6840,232
721fc3222fc0,721fae018dc0,232
721fc3222fc0,721fca6ddc40,360
721fce5e2fc0,721f924c8980,230
721fce5e2fc0,721fffa47880,232
721fce5e2fc0,721fc57e29c0,234
721fce5e2fc0,721fae8bc100,232
721fce5e2fc0,721fd3d70880,232
721fce5e2fc0,721fec712f80,234
721fce5e2fc0,721fcded6a40,232
721fce5e2fc0,721ffc081480,232
721fce5e2fc0,721fb4acfc40,234
721fce5e2fc0,721fd623f9c0,232
721fce5e2fc0,721fcb708c40,232
721fce5e2fc0,72200d281000,234
721fce5e2fc0,721fa0b28380,232
721fce5e2fc0,721ff60706c0,358
72200c0e8740,721f924c8980,230
72200c0e8740,721fffa47880,232
72200c0e8740,721fc57e29c0,234
72200c0e8740,721fae8bc100,230
72200c0e8740,721fd3d70880,232
72200c0e8740,721fec712f80,232
72200c0e8740,721fcded6a40,232
72200c0e8740,721ffc081480,232
72200c0e8740,721fb4acfc40,234
72200c0e8740,721fd623f9c0,230
72200c0e8740,721fcb708c40,232
72200c0e8740,72200d281000,358
721fe04fe040,721f924c8980,232
721fe04fe040,721fffa47880,240
721fe04fe040,721fc57e29c0,234
721fe04fe040,721fae8bc100,240
721fe04fe040,721fd3d70880,236
721fe04fe040,721fec712f80,234
721fe04fe040,721fcded6a40,230
721fe04fe040,721ffc081480,240
721fe04fe040,721fb4acfc40,234
721fe04fe040,721fd623f9c0,240
721fe04fe040,721fcb708c40,230
721fe04fe040,72200d281000,236
721fe04fe040,721fa0b28380,236
721fe04fe040,721ff60706c0,232
721fe04fe040,721fbf744a80,230
721fe04fe040,721ff829f000,232
721fe04fe040,721fcd328640,232
721fe04fe040,721fa326aac0,232
721fe04fe040,721fe6735ec0,228
721fe04fe040,721fc0ea9bc0,234
721fe04fe040,721fbe278c40,240
721fe04fe040,721f97ef9640,232
721fe04fe040,721f94390480,364
722000fb4bc0,721f924c8980,358
722000d7c640,721f924c8980,232
722000d7c640,721fffa47880,242
722000d7c640,721fc57e29c0,236
722000d7c640,721fae8bc100,240
722000d7c640,721fd3d70880,232
722000d7c640,721fec712f80,236
722000d7c640,721fcded6a40,232
722000d7c640,721ffc081480,238
722000d7c640,721fb4acfc40,236
722000d7c640,721fd623f9c0,238
722000d7c640,721fcb708c40,232
722000d7c640,72200d281000,232
722000d7c640,721fa0b28380,232
722000d7c640,721ff60706c0,232
722000d7c640,721fbf744a80,232
722000d7c640,721ff829f000,228
722000d7c640,721fcd328640,234
722000d7c640,721fa326aac0,230
722000d7c640,721fe6735ec0,232
722000d7c640,721fc0ea9bc0,238
722000d7c640,721fbe278c40,240
722000d7c640,721f97ef9640,232
722000d7c640,721f94390480,242
722000d7c640,721fd0c990c0,236
722000d7c640,721f96e97640,368
721ff647ab40,721f924c8980,228
721ff647ab40,721fffa47880,242
721ff647ab40,721fc57e29c0,236
721ff647ab40,721fae8bc100,242
721ff647ab40,721fd3d70880,362
721fe7bc1d00,721f924c8980,230
721fe7bc1d00,721fffa47880,238
721fe7bc1d00,721fc57e29c0,236
721fe7bc1d00,721fae8bc100,238
721fe7bc1d00,721fd3d70880,362
721fad3e0b40,721f924c8980,228
721fad3e0b40,721fffa47880,232
721fad3e0b40,721fc57e29c0,234
721fad3e0b40,721fae8bc100,230
721fad3e0b40,721fd3d70880,230
721fad3e0b40,721fec712f80,232
721fad3e0b40,721fcded6a40,232
721fad3e0b40,721ffc081480,232
721fad3e0b40,721fb4acfc40,234
721fad3e0b40,721fd623f9c0,232
721fad3e0b40,721fcb708c40,232
721fad3e0b40,72200d281000,234
721fad3e0b40,721fa0b28380,230
721fad3e0b40,721ff60706c0,232
721fad3e0b40,721fbf744a80,232
721fad3e0b40,721ff829f000,228
721fad3e0b40,721fcd328640,232
721fad3e0b40,721fa326aac0,230
721fad3e0b40,721fe6735ec0,232
721fad3e0b40,721fc0ea9bc0,234
721fad3e0b40,721fbe278c40,230
721fad3e0b40,721f97ef9640,228
721fad3e0b40,721f94390480,232
721fad3e0b40,721fd0c990c0,234
721fad3e0b40,721f96e97640,230
721fad3e0b40,721faccb7f40,234
721fad3e0b40,721f96156f40,230
721fad3e0b40,721fcc4c3180,230
721fad3e0b40,721fd27e6840,232
721fad3e0b40,721fae018dc0,232
721fad3e0b40,721fca6ddc40,358
722003643a80,721f924c8980,228
722003643a80,721fffa47880,242
722003643a80,721fc57e29c0,236
722003643a80,721fae8bc100,240
722003643a80,721fd3d70880,234
722003643a80,721fec712f80,236
722003643a80,721fcded6a40,232
722003643a80,721ffc081480,238
722003643a80,721fb4acfc40,236
722003643a80,721fd623f9c0,238
722003643a80,721fcb708c40,232
722003643a80,72200d281000,234
722003643a80,721fa0b28380,236
722003643a80,721ff60706c0,230
722003643a80,721fbf744a80,232
722003643a80,721ff829f000,232
722003643a80,721fcd328640,232
722003643a80,721fa326aac0,358
721f9a188b80,721f924c8980,228
721f9a188b80,721fffa47880,234
721f9a188b80,721fc57e29c0,232
721f9a188b80,721fae8bc100,232
721f9a188b80,721fd3d70880,230
721f9a188b80,721fec712f80,234
721f9a188b80,721fcded6a40,232
721f9a188b80,721ffc081480,234
721f9a188b80,721fb4acfc40,234
721f9a188b80,721fd623f9c0,230
721f9a188b80,721fcb708c40,232
721f9a188b80,72200d281000,360
721ffbe0c940,721f924c8980,232
721ffbe0c940,721fffa47880,236
721ffbe0c940,721fc57e29c0,234
721ffbe0c940,721fae8bc100,242
721ffbe0c940,721fd3d70880,236
721ffbe0c940,721fec712f80,234
721ffbe0c940,721fcded6a40,230
721ffbe0c940,721ffc081480,242
721ffbe0c940,721fb4acfc40,236
721ffbe0c940,721fd623f9c0,242
721ffbe0c940,721fcb708c40,232
721ffbe0c940,72200d281000,236
721ffbe0c940,721fa0b28380,236
721ffbe0c940,721ff60706c0,232
721ffbe0c940,721fbf744a80,230
721ffbe0c940,721ff829f000,232
721ffbe0c940,721fcd328640,230
721ffbe0c940,721fa326aac0,232
721ffbe0c940,721fe6735ec0,230
721ffbe0c940,721fc0ea9bc0,362
721faabb3600,721f924c8980,232
721faabb3600,721fffa47880,238
721faabb3600,721fc57e29c0,360
72200ea12040,721f924c8980,232
72200ea12040,721fffa47880,240
72200ea12040,721fc57e29c0,234
72200ea12040,721fae8bc100,242
72200ea12040,721fd3d70880,236
72200ea12040,721fec712f80,234
72200ea12040,721fcded6a40,230
72200ea12040,721ffc081480,242
72200ea12040,721fb4acfc40,234
72200ea12040,721fd623f9c0,242
72200ea12040,721fcb708c40,230
72200ea12040,72200d281000,236
72200ea12040,721fa0b28380,236
72200ea12040,721ff60706c0,232
72200ea12040,721fbf744a80,232
72200ea12040,721ff829f000,232
72200ea12040,721fcd328640,232
72200ea12040,721fa326aac0,232
72200ea12040,721fe6735ec0,230
72200ea12040,721fc0ea9bc0,236
72200ea12040,721fbe278c40,242
72200ea12040,721f97ef9640,232
72200ea12040,721f94390480,240
72200ea12040,721fd0c990c0,234
72200ea12040,721f96e97640,242
72200ea12040,721faccb7f40,238
72200ea12040,721f96156f40,236
72200ea12040,721fcc4c3180,238
72200ea12040,721fd27e6840,356
721feafbba80,721f924c8980,230
721feafbba80,721fffa47880,238
721feafbba80,721fc57e29c0,236
721feafbba80,721fae8bc100,236
721feafbba80,721fd3d70880,234
721feafbba80,721fec712f80,238
721feafbba80,721fcded6a40,232
721feafbba80,721ffc081480,236
721feafbba80,721fb4acfc40,236
721feafbba80,721fd623f9c0,234
721feafbba80,721fcb708c40,232
721feafbba80,72200d281000,234
721feafbba80,721fa0b28380,238
721feafbba80,721ff60706c0,230
721feafbba80,721fbf744a80,232
721feafbba80,721ff829f000,232
721feafbba80,721fcd328640,232
721feafbba80,721fa326aac0,232
721feafbba80,721fe6735ec0,232
721feafbba80,721fc0ea9bc0,236
721feafbba80,721fbe278c40,236
721feafbba80,721f97ef9640,228
721feafbba80,721f94390480,238
721feafbba80,721fd0c990c0,236
721feafbba80,721f96e97640,236
721feafbba80,721faccb7f40,236
721feafbba80,721f96156f40,360
721ff8b3de40,721f924c8980,232
721ff8b3de40,721fffa47880,236
721ff8b3de40,721fc57e29c0,232
721ff8b3de40,721fae8bc100,238
721ff8b3de40,721fd3d70880,234
721ff8b3de40,721fec712f80,234
721ff8b3de40,721fcded6a40,230
721ff8b3de40,721ffc081480,236
721ff8b3de40,721fb4acfc40,232
721ff8b3de40,721fd623f9c0,238
721ff8b3de40,721fcb708c40,230
721ff8b3de40,72200d281000,234
721ff8b3de40,721fa0b28380,236
721ff8b3de40,721ff60706c0,232
721ff8b3de40,721fbf744a80,228
721ff8b3de40,721ff829f000,232
721ff8b3de40,721fcd328640,358
721ffabd9840,721f924c8980,228
721ffabd9840,721fffa47880,236
721ffabd9840,721fc57e29c0,236
721ffabd9840,721fae8bc100,364
721fe48dc000,721f924c8980,232
721fe48dc000,721fffa47880,236
721fe48dc000,721fc57e29c0,234
721fe48dc000,721fae8bc100,240
721fe48dc000,721fd3d70880,236
721fe48dc000,721fec712f80,234
721fe48dc000,721fcded6a40,230
721fe48dc000,721ffc081480,240
721fe48dc000,721fb4acfc40,236
721fe48dc000,721fd623f9c0,240
721fe48dc000,721fcb708c40,358
721fe93df480,721f924c8980,232
721fe93df480,721fffa47880,236
721fe93df480,721fc57e29c0,234
721fe93df480,721fae8bc100,238
721fe93df480,721fd3d70880,236
721fe93df480,721fec712f80,234
721fe93df480,721fcded6a40,228
721fe93df480,721ffc081480,238
721fe93df480,721fb4acfc40,234
721fe93df480,721fd623f9c0,236
721fe93df480,721fcb708c40,232
721fe93df480,72200d281000,236
721fe93df480,721fa0b28380,236
721fe93df480,721ff60706c0,232
721fe93df480,721fbf744a80,230
721fe93df480,721ff829f000,232
721fe93df480,721fcd328640,230
721fe93df480,721fa326aac0,232
721fe93df480,721fe6735ec0,228
721fe93df480,721fc0ea9bc0,238
721fe93df480,721fbe278c40,238
721fe93df480,721f97ef9640,232
721fe93df480,721f94390480,236
721fe93df480,721fd0c990c0,234
721fe93df480,721f96e97640,238
721fe93df480,721faccb7f40,234
721fe93df480,721f96156f40,236
721fe93df480,721fcc4c3180,236
721fe93df480,721fd27e6840,230
721fe93df480,721fae018dc0,228
721fe93df480,721fca6ddc40,236
721fe93df480,721fd9682240,362
722006d82480,721f924c8980,232
722006d82480,721fffa47880,236
722006d82480,721fc57e29c0,236
722006d82480,721fae8bc100,240
722006d82480,721fd3d70880,236
722006d82480,721fec712f80,234
722006d82480,721fcded6a40,228
722006d82480,721ffc081480,240
722006d82480,721fb4acfc40,236
722006d82480,721fd623f9c0,240
722006d82480,721fcb708c40,234
722006d82480,72200d281000,236
722006d82480,721fa0b28380,236
722006d82480,721ff60706c0,232
722006d82480,721fbf744a80,228
722006d82480,721ff829f000,232
722006d82480,721fcd328640,230
722006d82480,721fa326aac0,232
722006d82480,721fe6735ec0,230
722006d82480,721fc0ea9bc0,238
722006d82480,721fbe278c40,238
722006d82480,721f97ef9640,232
722006d82480,721f94390480,236
722006d82480,721fd0c990c0,236
722006d82480,721f96e97640,238
722006d82480,721faccb7f40,236
722006d82480,721f96156f40,236
722006d82480,721fcc4c3180,236
722006d82480,721fd27e6840,230
722006d82480,721fae018dc0,228
722006d82480,721fca6ddc40,236
722006d82480,721fd9682240,366
721facc7f000,721f924c8980,232
721facc7f000,721fffa47880,238
721facc7f000,721fc57e29c0,234
721facc7f000,721fae8bc100,242
721facc7f000,721fd3d70880,236
721facc7f000,721fec712f80,234
721facc7f000,721fcded6a40,230
721facc7f000,721ffc081480,242
721facc7f000,721fb4acfc40,362
721fbfa13400,721f924c8980,230
721fbfa13400,721fffa47880,242
721fbfa13400,721fc57e29c0,236
721fbfa13400,721fae8bc100,240
721fbfa13400,721fd3d70880,234
721fbfa13400,721fec712f80,236
721fbfa13400,721fcded6a40,232
721fbfa13400,721ffc081480,238
721fbfa13400,721fb4acfc40,236
721fbfa13400,721fd623f9c0,238
721fbfa13400,721fcb708c40,232
721fbfa13400,72200d281000,234
721fbfa13400,721fa0b28380,362
721fae9ca600,721f924c8980,228
721fae9ca600,721fffa47880,240
721fae9ca600,721fc57e29c0,236
721fae9ca600,721fae8bc100,238
721fae9ca600,721fd3d70880,362
721f9c985280,721f924c8980,228
721f9c985280,721fffa47880,240
721f9c985280,721fc57e29c0,236
721f9c985280,721fae8bc100,240
721f9c985280,721fd3d70880,236
721f9c985280,721fec712f80,236
721f9c985280,721fcded6a40,232
721f9c985280,721ffc081480,236
721f9c985280,721fb4acfc40,236
721f9c985280,721fd623f9c0,366
721fd4244b00,721f924c8980,228
721fd4244b00,721fffa47880,240
721fd4244b00,721fc57e29c0,236
721fd4244b00,721fae8bc100,236
721fd4244b00,721fd3d70880,234
721fd4244b00,721fec712f80,236
721fd4244b00,721fcded6a40,232
721fd4244b00,721ffc081480,240
721fd4244b00,721fb4acfc40,236
721fd4244b00,721fd623f9c0,236
721fd4244b00,721fcb708c40,232
721fd4244b00,72200d281000,362
721ffc868840,721f924c8980,228
721ffc868840,721fffa47880,236
721ffc868840,721fc57e29c0,236
721ffc868840,721fae8bc100,234
721ffc868840,721fd3d70880,232
721ffc868840,721fec712f80,234
721ffc868840,721fcded6a40,232
721ffc868840,721ffc081480,234
721ffc868840,721fb4acfc40,236
721ffc868840,721fd623f9c0,236
721ffc868840,721fcb708c40,232
721ffc868840,72200d281000,362
721f902e6840,721f924c8980,228
721f902e6840,721fffa47880,236
721f902e6840,721fc57e29c0,236
721f902e6840,721fae8bc100,234
721f902e6840,721fd3d70880,234
721f902e6840,721fec712f80,234
721f902e6840,721fcded6a40,232
721f902e6840,721ffc081480,234
721f902e6840,721fb4acfc40,238
721f902e6840,721fd623f9c0,238
721f902e6840,721fcb708c40,232
721f902e6840,72200d281000,362
722000d55ec0,721f924c8980,232
722000d55ec0,721fffa47880,230
722000d55ec0,721fc57e29c0,234
722000d55ec0,721fae8bc100,234
722000d55ec0,721fd3d70880,234
722000d55ec0,721fec712f80,232
722000d55ec0,721fcded6a40,230
722000d55ec0,721ffc081480,234
722000d55ec0,721fb4acfc40,232
722000d55ec0,721fd623f9c0,234
722000d55ec0,721fcb708c40,230
722000d55ec0,72200d281000,234
722000d55ec0,721fa0b28380,234
722000d55ec0,721ff60706c0,232
722000d55ec0,721fbf744a80,234
722000d55ec0,721ff829f000,232
722000d55ec0,721fcd328640,232
722000d55ec0,721fa326aac0,232
722000d55ec0,721fe6735ec0,356
721fde2972c0,721f924c8980,232
721fde2972c0,721fffa47880,240
721fde2972c0,721fc57e29c0,234
721fde2972c0,721fae8bc100,242
721fde2972c0,721fd3d70880,236
721fde2972c0,721fec712f80,234
721fde2972c0,721fcded6a40,230
721fde2972c0,721ffc081480,240
721fde2972c0,721fb4acfc40,234
721fde2972c0,721fd623f9c0,240
721fde2972c0,721fcb708c40,230
721fde2972c0,72200d281000,236
721fde2972c0,721fa0b28380,236
721fde2972c0,721ff60706c0,234
721fde2972c0,721fbf744a80,232
721fde2972c0,721ff829f000,232
721fde2972c0,721fcd328640,358
721fc30df7c0,721f924c8980,232
721fc30df7c0,721fffa47880,238
721fc30df7c0,721fc57e29c0,236
721fc30df7c0,721fae8bc100,242
721fc30df7c0,721fd3d70880,236
721fc30df7c0,721fec712f80,232
721fc30df7c0,721fcded6a40,228
721fc30df7c0,721ffc081480,242
721fc30df7c0,721fb4acfc40,236
721fc30df7c0,721fd623f9c0,242
721fc30df7c0,721fcb708c40,230
721fc30df7c0,72200d281000,236
721fc30df7c0,721fa0b28380,236
721fc30df7c0,721ff60706c0,234
721fc30df7c0,721fbf744a80,232
721fc30df7c0,721ff829f000,232
721fc30df7c0,721fcd328640,232
721fc30df7c0,721fa326aac0,232
721fc30df7c0,721fe6735ec0,358
721fa0c05c00,721f924c8980,230
721fa0c05c00,721fffa47880,234
721fa0c05c00,721fc57e29c0,234
721fa0c05c00,721fae8bc100,232
721fa0c05c00,721fd3d70880,232
721fa0c05c00,721fec712f80,236
721fa0c05c00,721fcded6a40,232
721fa0c05c00,721ffc081480,232
721fa0c05c00,721fb4acfc40,234
721fa0c05c00,721fd623f9c0,230
721fa0c05c00,721fcb708c40,232
721fa0c05c00,72200d281000,232
721fa0c05c00,721fa0b28380,236
721fa0c05c00,721ff60706c0,232
721fa0c05c00,721fbf744a80,232
721fa0c05c00,721ff829f000,358
721f926ba280,721f924c8980,232
721f926ba280,721fffa47880,238
721f926ba280,721fc57e29c0,234
721f926ba280,721fae8bc100,242
721f926ba280,721fd3d70880,236
721f926ba280,721fec712f80,234
721f926ba280,721fcded6a40,230
721f926ba280,721ffc081480,242
721f926ba280,721fb4acfc40,236
721f926ba280,721fd623f9c0,242
721f926ba280,721fcb708c40,358
7220028c2780,721f924c8980,232
7220028c2780,721fffa47880,232
7220028c2780,721fc57e29c0,232
7220028c2780,721fae8bc100,236
7220028c2780,721fd3d70880,234
7220028c2780,721fec712f80,232
7220028c2780,721fcded6a40,230
7220028c2780,721ffc081480,234
7220028c2780,721fb4acfc40,236
7220028c2780,721fd623f9c0,232
7220028c2780,721fcb708c40,234
7220028c2780,72200d281000,234
7220028c2780,721fa0b28380,234
7220028c2780,721ff60706c0,232
7220028c2780,721fbf744a80,232
7220028c2780,721ff829f000,232
7220028c2780,721fcd328640,232
7220028c2780,721fa326aac0,232
7220028c2780,721fe6735ec0,230
7220028c2780,721fc0ea9bc0,358
721f9deee380,721f924c8980,232
721f9deee380,721fffa47880,240
721f9deee380,721fc57e29c0,236
721f9deee380,721fae8bc100,240
721f9deee380,721fd3d70880,234
721f9deee380,721fec712f80,236
721f9deee380,721fcded6a40,232
721f9deee380,721ffc081480,238
721f9deee380,721fb4acfc40,236
721f9deee380,721fd623f9c0,240
721f9deee380,721fcb708c40,234
721f9deee380,72200d281000,234
721f9deee380,721fa0b28380,234
721f9deee380,721ff60706c0,230
721f9deee380,721fbf744a80,232
721f9deee380,721ff829f000,230
721f9deee380,721fcd328640,232
721f9deee380,721fa326aac0,230
721f9deee380,721fe6735ec0,232
721f9deee380,721fc0ea9bc0,238
721f9deee380,721fbe278c40,240
721f9deee380,721f97ef9640,232
721f9deee380,721f94390480,242
721f9deee380,721fd0c990c0,236
721f9deee380,721f96e97640,242
721f9deee380,721faccb7f40,240
721f9deee380,721f96156f40,234
721f9deee380,721fcc4c3180,362
721fe3db8300,721f924c8980,232
721fe3db8300,721fffa47880,236
721fe3db8300,721fc57e29c0,236
721fe3db8300,721fae8bc100,240
721fe3db8300,721fd3d70880,236
721fe3db8300,721fec712f80,234
721fe3db8300,721fcded6a40,228
721fe3db8300,721ffc081480,240
721fe3db8300,721fb4acfc40,362
721ff4a77340,721f924c8980,232
721ff4a77340,721fffa47880,240
721ff4a77340,721fc57e29c0,236
721ff4a77340,721fae8bc100,240
721ff4a77340,721fd3d70880,234
721ff4a77340,721fec712f80,236
721ff4a77340,721fcded6a40,232
721ff4a77340,721ffc081480,238
721ff4a77340,721fb4acfc40,236
721ff4a77340,721fd623f9c0,238
721ff4a77340,721fcb708c40,232
721ff4a77340,72200d281000,232
721ff4a77340,721fa0b28380,234
721ff4a77340,721ff60706c0,232
721ff4a77340,721fbf744a80,232
721ff4a77340,721ff829f000,228
721ff4a77340,721fcd328640,234
721ff4a77340,721fa326aac0,230
721ff4a77340,721fe6735ec0,232
721ff4a77340,721fc0ea9bc0,238
721ff4a77340,721fbe278c40,240
721ff4a77340,721f97ef9640,232
721ff4a77340,721f94390480,242
721ff4a77340,721fd0c990c0,236
721ff4a77340,721f96e97640,242
721ff4a77340,721faccb7f40,242
721ff4a77340,721f96156f40,234
721ff4a77340,721fcc4c3180,360
721f8fe6aa00,721f924c8980,232
721f8fe6aa00,721fffa47880,230
721f8fe6aa00,721fc57e29c0,234
721f8fe6aa00,721fae8bc100,234
721f8fe6aa00,721fd3d70880,234
721f8fe6aa00,721fec712f80,232
721f8fe6aa00,721fcded6a40,230
721f8fe6aa00,721ffc081480,234
721f8fe6aa00,721fb4acfc40,230
721f8fe6aa00,721fd623f9c0,232
721f8fe6aa00,721fcb708c40,230
721f8fe6aa00,72200d281000,234
721f8fe6aa00,721fa0b28380,234
721f8fe6aa00,721ff60706c0,232
721f8fe6aa00,721fbf744a80,358
721fcb432e40,721f924c8980,232
721fcb432e40,721fffa47880,236
721fcb432e40,721fc57e29c0,234
721fcb432e40,721fae8bc100,238
721fcb432e40,721fd3d70880,236
721fcb432e40,721fec712f80,234
721fcb432e40,721fcded6a40,230
721fcb432e40,721ffc081480,236
721fcb432e40,721fb4acfc40,234
721fcb432e40,721fd623f9c0,238
721fcb432e40,721fcb708c40,230
721fcb432e40,72200d281000,234
721fcb432e40,721fa0b28380,234
721fcb432e40,721ff60706c0,232
721fcb432e40,721fbf744a80,228
721fcb432e40,721ff829f000,232
721fcb432e40,721fcd328640,358
721fcd839080,721f924c8980,228
721fcd839080,721fffa47880,238
721fcd839080,721fc57e29c0,236
721fcd839080,721fae8bc100,236
721fcd839080,721fd3d70880,234
721fcd839080,721fec712f80,236
721fcd839080,721fcded6a40,232
721fcd839080,721ffc081480,236
721fcd839080,721fb4acfc40,236
721fcd839080,721fd623f9c0,234
721fcd839080,721fcb708c40,234
721fcd839080,72200d281000,234
721fcd839080,721fa0b28380,236
721fcd839080,721ff60706c0,230
721fcd839080,721fbf744a80,232
721fcd839080,721ff829f000,232
721fcd839080,721fcd328640,232
721fcd839080,721fa326aac0,232
721fcd839080,721fe6735ec0,232
721fcd839080,721fc0ea9bc0,236
721fcd839080,721fbe278c40,236
721fcd839080,721f97ef9640,228
721fcd839080,721f94390480,238
721fcd839080,721fd0c990c0,234
721fcd839080,721f96e97640,236
721fcd839080,721faccb7f40,236
721fcd839080,721f96156f40,362
721fae44b540,721f924c8980,232
721fae44b540,721fffa47880,236
721fae44b540,721fc57e29c0,234
721fae44b540,721fae8bc100,238
721fae44b540,721fd3d70880,236
721fae44b540,721fec712f80,234
721fae44b540,721fcded6a40,228
721fae44b540,721ffc081480,236
721fae44b540,721fb4acfc40,236
721fae44b540,721fd623f9c0,238
721fae44b540,721fcb708c40,232
721fae44b540,72200d281000,236
721fae44b540,721fa0b28380,234
721fae44b540,721ff60706c0,232
721fae44b540,721fbf744a80,228
721fae44b540,721ff829f000,232
721fae44b540,721fcd328640,230
721fae44b540,721fa326aac0,232
721fae44b540,721fe6735ec0,228
721fae44b540,721fc0ea9bc0,238
721fae44b540,721fbe278c40,238
721fae44b540,721f97ef9640,232
721fae44b540,721f94390480,234
721fae44b540,721fd0c990c0,232
721fae44b540,721f96e97640,238
721fae44b540,721faccb7f40,236
721fae44b540,721f96156f40,236
721fae44b540,721fcc4c3180,234
721fae44b540,721fd27e6840,230
721fae44b540,721fae018dc0,230
721fae44b540,721fca6ddc40,236
721fae44b540,721fd9682240,362
721fbfc768c0,721f924c8980,230
721fbfc768c0,721fffa47880,232
721fbfc768c0,721fc57e29c0,234
721fbfc768c0,721fae8bc100,230
721fbfc768c0,721fd3d70880,232
721fbfc768c0,721fec712f80,234
721fbfc768c0,721fcded6a40,232
721fbfc768c0,721ffc081480,232
721fbfc768c0,721fb4acfc40,234
721fbfc768c0,721fd623f9c0,232
721fbfc768c0,721fcb708c40,232
721fbfc768c0,72200d281000,234
721fbfc768c0,721fa0b28380,232
721fbfc768c0,721ff60706c0,360
721fd8bc1c00,721f924c8980,232
721fd8bc1c00,721fffa47880,238
721fd8bc1c00,721fc57e29c0,234
721fd8bc1c00,721fae8bc100,238
721fd8bc1c00,721fd3d70880,236
721fd8bc1c00,721fec712f80,234
721fd8bc1c00,721fcded6a40,228
721fd8bc1c00,721ffc081480,240
721fd8bc1c00,721fb4acfc40,234
721fd8bc1c00,721fd623f9c0,236
721fd8bc1c00,721fcb708c40,230
721fd8bc1c00,72200d281000,236
721fd8bc1c00,721fa0b28380,236
721fd8bc1c00,721ff60706c0,232
721fd8bc1c00,721fbf744a80,230
721fd8bc1c00,721ff829f000,232
721fd8bc1c00,721fcd328640,358
721f9b457ec0,721f924c8980,232
721f9b457ec0,721fffa47880,362
721fdba29ec0,721f924c8980,232
721fdba29ec0,721fffa47880,230
721fdba29ec0,721fc57e29c0,230
721fdba29ec0,721fae8bc100,232
721fdba29ec0,721fd3d70880,232
721fdba29ec0,721fec712f80,358
721fd87d3c80,721f924c8980,228
721fd87d3c80,721fffa47880,240
721fd87d3c80,721fc57e29c0,236
721fd87d3c80,721fae8bc100,238
721fd87d3c80,721fd3d70880,234
721fd87d3c80,721fec712f80,236
721fd87d3c80,721fcded6a40,232
721fd87d3c80,721ffc081480,240
721fd87d3c80,721fb4acfc40,236
721fd87d3c80,721fd623f9c0,238
721fd87d3c80,721fcb708c40,232
721fd87d3c80,72200d281000,362
721ff7613980,721f924c8980,228
721ff7613980,721fffa47880,234
721ff7613980,721fc57e29c0,232
721ff7613980,721fae8bc100,232
721ff7613980,721fd3d70880,230
721ff7613980,721fec712f80,234
721ff7613980,721fcded6a40,232
721ff7613980,721ffc081480,230
721ff7613980,721fb4acfc40,232
721ff7613980,721fd623f9c0,230
721ff7613980,721fcb708c40,232
721ff7613980,72200d281000,232
721ff7613980,721fa0b28380,358
721fc5767d00,721f924c8980,228
721fc5767d00,721fffa47880,242
721fc5767d00,721fc57e29c0,236
721fc5767d00,721fae8bc100,240
721fc5767d00,721fd3d70880,234
721fc5767d00,721fec712f80,236
721fc5767d00,721fcded6a40,232
721fc5767d00,721ffc081480,242
721fc5767d00,721fb4acfc40,236
721fc5767d00,721fd623f9c0,238
721fc5767d00,721fcb708c40,232
721fc5767d00,72200d281000,362
721fc45ad4c0,721f924c8980,230
721fc45ad4c0,721fffa47880,232
721fc45ad4c0,721fc57e29c0,234
721fc45ad4c0,721fae8bc100,232
721fc45ad4c0,721fd3d70880,232
721fc45ad4c0,721fec712f80,234
721fc45ad4c0,721fcded6a40,232
721fc45ad4c0,721ffc081480,232
721fc45ad4c0,721fb4acfc40,234
721fc45ad4c0,721fd623f9c0,232
721fc45ad4c0,721fcb708c40,232
721fc45ad4c0,72200d281000,360
721fcd0ef980,721f924c8980,232
721fcd0ef980,721fffa47880,238
721fcd0ef980,721fc57e29c0,234
721fcd0ef980,721fae8bc100,240
721fcd0ef980,721fd3d70880,236
721fcd0ef980,721fec712f80,236
721fcd0ef980,721fcded6a40,232
721fcd0ef980,721ffc081480,240
721fcd0ef980,721fb4acfc40,234
721fcd0ef980,721fd623f9c0,240
721fcd0ef980,721fcb708c40,230
721fcd0ef980,72200d281000,236
721fcd0ef980,721fa0b28380,236
721fcd0ef980,721ff60706c0,232
721fcd0ef980,721fbf744a80,228
721fcd0ef980,721ff829f000,232
721fcd0ef980,721fcd328640,230
721fcd0ef980,721fa326aac0,232
721fcd0ef980,721fe6735ec0,228
721fcd0ef980,721fc0ea9bc0,236
721fcd0ef980,721fbe278c40,238
721fcd0ef980,721f97ef9640,232
721fcd0ef980,721f94390480,238
721fcd0ef980,721fd0c990c0,362
721f9fd47180,721f924c8980,232
721f9fd47180,721fffa47880,232
721f9fd47180,721fc57e29c0,232
721f9fd47180,721fae8bc100,236
721f9fd47180,721fd3d70880,234
721f9fd47180,721fec712f80,232
721f9fd47180,721fcded6a40,230
721f9fd47180,721ffc081480,234
721f9fd47180,721fb4acfc40,234
721f9fd47180,721fd623f9c0,232
721f9fd47180,721fcb708c40,358
721fbc52f940,721f924c8980,228
721fbc52f940,721fffa47880,232
721fbc52f940,721fc57e29c0,234
721fbc52f940,721fae8bc100,230
721fbc52f940,721fd3d70880,230
721fbc52f940,721fec712f80,232
721fbc52f940,721fcded6a40,232
721fbc52f940,721ffc081480,232
721fbc52f940,721fb4acfc40,234
721fbc52f940,721fd623f9c0,232
721fbc52f940,721fcb708c40,232
721fbc52f940,72200d281000,234
721fbc52f940,721fa0b28380,230
721fbc52f940,721ff60706c0,358
721feaf6e980,721f924c8980,232
721feaf6e980,721fffa47880,238
721feaf6e980,721fc57e29c0,234
721feaf6e980,721fae8bc100,242
721feaf6e980,721fd3d70880,236
721feaf6e980,721fec712f80,236
721feaf6e980,721fcded6a40,232
721feaf6e980,721ffc081480,240
721feaf6e980,721fb4acfc40,234
721feaf6e980,721fd623f9c0,242
721feaf6e980,721fcb708c40,230
721feaf6e980,72200d281000,236
721feaf6e980,721fa0b28380,236
721feaf6e980,721ff60706c0,232
721feaf6e980,721fbf744a80,230
721feaf6e980,721ff829f000,232
721feaf6e980,721fcd328640,230
721feaf6e980,721fa326aac0,232
721feaf6e980,721fe6735ec0,230
721feaf6e980,721fc0ea9bc0,234
721feaf6e980,721fbe278c40,242
721feaf6e980,721f97ef9640,232
721feaf6e980,721f94390480,238
721feaf6e980,721fd0c990c0,236
721feaf6e980,721f96e97640,242
721feaf6e980,721faccb7f40,366
721fd095a5c0,721f924c8980,230
721fd095a5c0,721fffa47880,236
721fd095a5c0,721fc57e29c0,232
721fd095a5c0,721fae8bc100,238
721fd095a5c0,721fd3d70880,234
721fd095a5c0,721fec712f80,234
721fd095a5c0,721fcded6a40,232
721fd095a5c0,721ffc081480,236
721fd095a5c0,721fb4acfc40,234
721fd095a5c0,721fd623f9c0,238
721fd095a5c0,721fcb708c40,230
721fd095a5c0,72200d281000,234
721fd095a5c0,721fa0b28380,234
721fd095a5c0,721ff60706c0,232
721fd095a5c0,721fbf744a80,230
721fd095a5c0,721ff829f000,232
721fd095a5c0,721fcd328640,230
721fd095a5c0,721fa326aac0,232
721fd095a5c0,721fe6735ec0,228
721fd095a5c0,721fc0ea9bc0,234
721fd095a5c0,721fbe278c40,238
721fd095a5c0,721f97ef9640,232
721fd095a5c0,721f94390480,234
721fd095a5c0,721fd0c990c0,236
721fd095a5c0,721f96e97640,240
721fd095a5c0,721faccb7f40,364
721fdc0f9f80,721f924c8980,232
721fdc0f9f80,721fffa47880,238
721fdc0f9f80,721fc57e29c0,236
721fdc0f9f80,721fae8bc100,242
721fdc0f9f80,721fd3d70880,236
721fdc0f9f80,721fec712f80,234
721fdc0f9f80,721fcded6a40,230
721fdc0f9f80,721ffc081480,240
721fdc0f9f80,721fb4acfc40,234
721fdc0f9f80,721fd623f9c0,240
721fdc0f9f80,721fcb708c40,232
721fdc0f9f80,72200d281000,236
721fdc0f9f80,721fa0b28380,236
721fdc0f9f80,721ff60706c0,232
721fdc0f9f80,721fbf744a80,358
721ff8af3c40,721f924c8980,356
721f95d9f100,721f924c8980,228
721f95d9f100,721fffa47880,234
721f95d9f100,721fc57e29c0,234
721f95d9f100,721fae8bc100,230
721f95d9f100,721fd3d70880,232
721f95d9f100,721fec712f80,234
721f95d9f100,721fcded6a40,232
721f95d9f100,721ffc081480,234
721f95d9f100,721fb4acfc40,232
721f95d9f100,721fd623f9c0,230
721f95d9f100,721fcb708c40,232
721f95d9f100,72200d281000,234
721f95d9f100,721fa0b28380,232
721f95d9f100,721ff60706c0,232
721f95d9f100,721fbf744a80,232
721f95d9f100,721ff829f000,228
721f95d9f100,721fcd328640,232
721f95d9f100,721fa326aac0,230
721f95d9f100,721fe6735ec0,232
721f95d9f100,721fc0ea9bc0,232
721f95d9f100,721fbe278c40,230
721f95d9f100,721f97ef9640,228
721f95d9f100,721f94390480,234
721f95d9f100,721fd0c990c0,234
721f95d9f100,721f96e97640,230
721f95d9f100,721faccb7f40,232
721f95d9f100,721f96156f40,230
721f95d9f100,721fcc4c3180,232
721f95d9f100,721fd27e6840,232
721f95d9f100,721fae018dc0,232
721f95d9f100,721fca6ddc40,358
721fc9b627c0,721f924c8980,358
721ff9fda480,721f924c8980,230
721ff9fda480,721fffa47880,234
721ff9fda480,721fc57e29c0,234
721ff9fda480,721fae8bc100,232
721ff9fda480,721fd3d70880,230
721ff9fda480,721fec712f80,234
721ff9fda480,721fcded6a40,232
721ff9fda480,721ffc081480,234
721ff9fda480,721fb4acfc40,232
721ff9fda480,721fd623f9c0,230
721ff9fda480,721fcb708c40,232
721ff9fda480,72200d281000,234
721ff9fda480,721fa0b28380,230
721ff9fda480,721ff60706c0,358
722007cf5000,721f924c8980,232
722007cf5000,721fffa47880,238
722007cf5000,721fc57e29c0,234
722007cf5000,721fae8bc100,238
722007cf5000,721fd3d70880,236
722007cf5000,721fec712f80,236
722007cf5000,721fcded6a40,232
722007cf5000,721ffc081480,238
722007cf5000,721fb4acfc40,234
722007cf5000,721fd623f9c0,236
722007cf5000,721fcb708c40,230
722007cf5000,72200d281000,236
722007cf5000,721fa0b28380,236
722007cf5000,721ff60706c0,232
722007cf5000,721fbf744a80,232
722007cf5000,721ff829f000,232
722007cf5000,721fcd328640,230
722007cf5000,721fa326aac0,232
722007cf5000,721fe6735ec0,228
722007cf5000,721fc0ea9bc0,234
722007cf5000,721fbe278c40,238
722007cf5000,721f97ef9640,232
722007cf5000,721f94390480,238
722007cf5000,721fd0c990c0,362
721f98ff9ac0,721f924c8980,232
721f98ff9ac0,721fffa47880,230
721f98ff9ac0,721fc57e29c0,232
721f98ff9ac0,721fae8bc100,234
721f98ff9ac0,721fd3d70880,234
721f98ff9ac0,721fec712f80,232
721f98ff9ac0,721fcded6a40,230
721f98ff9ac0,721ffc081480,232
721f98ff9ac0,721fb4acfc40,236
721f98ff9ac0,721fd623f9c0,234
721f98ff9ac0,721fcb708c40,234
721f98ff9ac0,72200d281000,234
721f98ff9ac0,721fa0b28380,234
721f98ff9ac0,721ff60706c0,232
721f98ff9ac0,721fbf744a80,230
721f98ff9ac0,721ff829f000,232
721f98ff9ac0,721fcd328640,230
721f98ff9ac0,721fa326aac0,232
721f98ff9ac0,721fe6735ec0,230
721f98ff9ac0,721fc0ea9bc0,360
721fae2b9c80,721f924c8980,232
721fae2b9c80,721fffa47880,230
721fae2b9c80,721fc57e29c0,230
721fae2b9c80,721fae8bc100,234
721fae2b9c80,721fd3d70880,234
721fae2b9c80,721fec712f80,230
721fae2b9c80,721fcded6a40,230
721fae2b9c80,721ffc081480,234
721fae2b9c80,721fb4acfc40,232
721fae2b9c80,721fd623f9c0,232
721fae2b9c80,721fcb708c40,232
721fae2b9c80,72200d281000,234
721fae2b9c80,721fa0b28380,234
721fae2b9c80,721ff60706c0,232
721fae2b9c80,721fbf744a80,230
721fae2b9c80,721ff829f000,232
721fae2b9c80,721fcd328640,230
721fae2b9c80,721fa326aac0,232
721fae2b9c80,721fe6735ec0,228
721fae2b9c80,721fc0ea9bc0,232
721fae2b9c80,721fbe278c40,232
721fae2b9c80,721f97ef9640,232
721fae2b9c80,721f94390480,230
721fae2b9c80,721fd0c990c0,230
721fae2b9c80,721f96e97640,232
721fae2b9c80,721faccb7f40,230
721fae2b9c80,721f96156f40,232
721fae2b9c80,721fcc4c3180,234
721fae2b9c80,721fd27e6840,230
721fae2b9c80,721fae018dc0,230
721fae2b9c80,721fca6ddc40,232
721fae2b9c80,721fd9682240,358
721f99afac00,721f924c8980,228
721f99afac00,721fffa47880,238
721f99afac00,721fc57e29c0,234
721f99afac00,721fae8bc100,236
721f99afac00,721fd3d70880,234
721f99afac00,721fec712f80,236
721f99afac00,721fcded6a40,232
721f99afac00,721ffc081480,238
721f99afac00,721fb4acfc40,234
721f99afac00,721fd623f9c0,234
721f99afac00,721fcb708c40,232
721f99afac00,72200d281000,234
721f99afac00,721fa0b28380,362
721f9c8b3d80,721f924c8980,232
721f9c8b3d80,721fffa47880,232
721f9c8b3d80,721fc57e29c0,232
721f9c8b3d80,721fae8bc100,234
721f9c8b3d80,721fd3d70880,234
721f9c8b3d80,721fec712f80,232
721f9c8b3d80,721fcded6a40,230
721f9c8b3d80,721ffc081480,234
721f9c8b3d80,721fb4acfc40,360
721fa1d7c400,721f924c8980,232
721fa1d7c400,721fffa47880,238
721fa1d7c400,721fc57e29c0,236
721fa1d7c400,721fae8bc100,240
721fa1d7c400,721fd3d70880,236
721fa1d7c400,721fec712f80,234
721fa1d7c400,721fcded6a40,230
721fa1d7c400,721ffc081480,240
721fa1d7c400,721fb4acfc40,234
721fa1d7c400,721fd623f9c0,240
721fa1d7c400,721fcb708c40,230
721fa1d7c400,72200d281000,236
721fa1d7c400,721fa0b28380,236
721fa1d7c400,721ff60706c0,232
721fa1d7c400,721fbf744a80,232
721fa1d7c400,721ff829f000,232
721fa1d7c400,721fcd328640,232
721fa1d7c400,721fa326aac0,232
721fa1d7c400,721fe6735ec0,232
721fa1d7c400,721fc0ea9bc0,234
721fa1d7c400,721fbe278c40,238
721fa1d7c400,721f97ef9640,232
721fa1d7c400,721f94390480,238
721fa1d7c400,721fd0c990c0,234
721fa1d7c400,721f96e97640,238
721fa1d7c400,721faccb7f40,236
721fa1d7c400,721f96156f40,236
721fa1d7c400,721fcc4c3180,236
721fa1d7c400,721fd27e6840,230
721fa1d7c400,721fae018dc0,358
721fa8be8fc0,721f924c8980,232
721fa8be8fc0,721fffa47880,242
721fa8be8fc0,721fc57e29c0,236
721fa8be8fc0,721fae8bc100,242
721fa8be8fc0,721fd3d70880,236
721fa8be8fc0,721fec712f80,232
721fa8be8fc0,721fcded6a40,228
721fa8be8fc0,721ffc081480,240
721fa8be8fc0,721fb4acfc40,236
721fa8be8fc0,721fd623f9c0,242
721fa8be8fc0,721fcb708c40,230
721fa8be8fc0,72200d281000,236
721fa8be8fc0,721fa0b28380,236
721fa8be8fc0,721ff60706c0,234
721fa8be8fc0,721fbf744a80,230
721fa8be8fc0,721ff829f000,232
721fa8be8fc0,721fcd328640,234
721fa8be8fc0,721fa326aac0,232
721fa8be8fc0,721fe6735ec0,228
721fa8be8fc0,721fc0ea9bc0,236
721fa8be8fc0,721fbe278c40,244
721fa8be8fc0,721f97ef9640,232
721fa8be8fc0,721f94390480,366
721ff186c080,721f924c8980,232
721ff186c080,721fffa47880,232
721ff186c080,721fc57e29c0,234
721ff186c080,721fae8bc100,236
721ff186c080,721fd3d70880,234
721ff186c080,721fec712f80,232
721ff186c080,721fcded6a40,230
721ff186c080,721ffc081480,234
721ff186c080,721fb4acfc40,232
721ff186c080,721fd623f9c0,234
721ff186c080,721fcb708c40,230
721ff186c080,72200d281000,234
721ff186c080,721fa0b28380,234
721ff186c080,721ff60706c0,232
721ff186c080,721fbf744a80,234
721ff186c080,721ff829f000,232
721ff186c080,721fcd328640,232
721ff186c080,721fa326aac0,232
721ff186c080,721fe6735ec0,232
721ff186c080,721fc0ea9bc0,230
721ff186c080,721fbe278c40,234
721ff186c080,721f97ef9640,232
721ff186c080,721f94390480,232
721ff186c080,721fd0c990c0,232
721ff186c080,721f96e97640,234
721ff186c080,721faccb7f40,230
721ff186c080,721f96156f40,234
721ff186c080,721fcc4c3180,234
721ff186c080,721fd27e6840,230
721ff186c080,721fae018dc0,358
7220079f3780,721f924c8980,230
7220079f3780,721fffa47880,366
721fa9c53a00,721f924c8980,232
721fa9c53a00,721fffa47880,242
721fa9c53a00,721fc57e29c0,236
721fa9c53a00,721fae8bc100,240
721fa9c53a00,721fd3d70880,234
721fa9c53a00,721fec712f80,236
721fa9c53a00,721fcded6a40,232
721fa9c53a00,721ffc081480,240
721fa9c53a00,721fb4acfc40,238
721fa9c53a00,721fd623f9c0,238
721fa9c53a00,721fcb708c40,232
721fa9c53a00,72200d281000,234
721fa9c53a00,721fa0b28380,234
721fa9c53a00,721ff60706c0,230
721fa9c53a00,721fbf744a80,230
721fa9c53a00,721ff829f000,228
721fa9c53a00,721fcd328640,234
721fa9c53a00,721fa326aac0,228
721fa9c53a00,721fe6735ec0,232
721fa9c53a00,721fc0ea9bc0,238
721fa9c53a00,721fbe278c40,240
721fa9c53a00,721f97ef9640,356
721fade9eec0,721f924c8980,230
721fade9eec0,721fffa47880,242
721fade9eec0,721fc57e29c0,236
721fade9eec0,721fae8bc100,240
721fade9eec0,721fd3d70880,232
721fade9eec0,721fec712f80,236
721fade9eec0,721fcded6a40,232
721fade9eec0,721ffc081480,240
721fade9eec0,721fb4acfc40,236
721fade9eec0,721fd623f9c0,238
721fade9eec0,721fcb708c40,232
721fade9eec0,72200d281000,236
721fade9eec0,721fa0b28380,232
721fade9eec0,721ff60706c0,358
721fc642c800,721f924c8980,228
721fc642c800,721fffa47880,242
721fc642c800,721fc57e29c0,236
721fc642c800,721fae8bc100,240
721fc642c800,721fd3d70880,234
721fc642c800,721fec712f80,236
721fc642c800,721fcded6a40,232
721fc642c800,721ffc081480,242
721fc642c800,721fb4acfc40,236
721fc642c800,721fd623f9c0,238
721fc642c800,721fcb708c40,232
721fc642c800,72200d281000,236
721fc642c800,721fa0b28380,234
721fc642c800,721ff60706c0,232
721fc642c800,721fbf744a80,232
721fc642c800,721ff829f000,228
721fc642c800,721fcd328640,234
721fc642c800,721fa326aac0,228
721fc642c800,721fe6735ec0,232
721fc642c800,721fc0ea9bc0,238
721fc642c800,721fbe278c40,240
721fc642c800,721f97ef9640,228
721fc642c800,721f94390480,242
721fc642c800,721fd0c990c0,236
721fc642c800,721f96e97640,240
721fc642c800,721faccb7f40,242
721fc642c800,721f96156f40,234
721fc642c800,721fcc4c3180,234
721fc642c800,721fd27e6840,232
721fc642c800,721fae018dc0,232
721fc642c800,721fca6ddc40,360
721fc929ef40,721f924c8980,228
721fc929ef40,721fffa47880,240
721fc929ef40,721fc57e29c0,236
721fc929ef40,721fae8bc100,238
721fc929ef40,721fd3d70880,234
721fc929ef40,721fec712f80,236
721fc929ef40,721fcded6a40,232
721fc929ef40,721ffc081480,240
721fc929ef40,721fb4acfc40,236
721fc929ef40,721fd623f9c0,238
721fc929ef40,721fcb708c40,232
721fc929ef40,72200d281000,236
721fc929ef40,721fa0b28380,234
721fc929ef40,721ff60706c0,358
721fded157c0,721f924c8980,228
721fded157c0,721fffa47880,240
721fded157c0,721fc57e29c0,236
721fded157c0,721fae8bc100,368
721f901ee440,721f924c8980,232
721f901ee440,721fffa47880,236
721f901ee440,721fc57e29c0,236
721f901ee440,721fae8bc100,242
721f901ee440,721fd3d70880,236
721f901ee440,721fec712f80,234
721f901ee440,721fcded6a40,228
721f901ee440,721ffc081480,240
721f901ee440,721fb4acfc40,234
721f901ee440,721fd623f9c0,242
721f901ee440,721fcb708c40,232
721f901ee440,72200d281000,236
721f901ee440,721fa0b28380,236
721f901ee440,721ff60706c0,232
721f901ee440,721fbf744a80,230
721f901ee440,721ff829f000,232
721f901ee440,721fcd328640,230
721f901ee440,721fa326aac0,232
721f901ee440,721fe6735ec0,356
721fd58f6e40,721f924c8980,232
721fd58f6e40,721fffa47880,230
721fd58f6e40,721fc57e29c0,234
721fd58f6e40,721fae8bc100,232
721fd58f6e40,721fd3d70880,232
721fd58f6e40,721fec712f80,230
721fd58f6e40,721fcded6a40,230
721fd58f6e40,721ffc081480,232
721fd58f6e40,721fb4acfc40,230
721fd58f6e40,721fd623f9c0,234
721fd58f6e40,721fcb708c40,230
721fd58f6e40,72200d281000,232
721fd58f6e40,721fa0b28380,232
721fd58f6e40,721ff60706c0,232
721fd58f6e40,721fbf744a80,232
721fd58f6e40,721ff829f000,232
721fd58f6e40,721fcd328640,230
721fd58f6e40,721fa326aac0,232
721fd58f6e40,721fe6735ec0,358
721fab93f6c0,721f924c8980,228
721fab93f6c0,721fffa47880,236
721fab93f6c0,721fc57e29c0,236
721fab93f6c0,721fae8bc100,234
721fab93f6c0,721fd3d70880,234
721fab93f6c0,721fec712f80,234
721fab93f6c0,721fcded6a40,232
721fab93f6c0,721ffc081480,236
721fab93f6c0,721fb4acfc40,236
721fab93f6c0,721fd623f9c0,234
721fab93f6c0,721fcb708c40,232
721fab93f6c0,72200d281000,360
721fd9bc20c0,721f924c8980,232
721fd9bc20c0,721fffa47880,362
721fbe10a7c0,721f924c8980,228
721fbe10a7c0,721fffa47880,232
721fbe10a7c0,721fc57e29c0,234
721fbe10a7c0,721fae8bc100,234
721fbe10a7c0,721fd3d70880,358
721fe22a7400,721f924c8980,230
721fe22a7400,721fffa47880,234
721fe22a7400,721fc57e29c0,234
721fe22a7400,721fae8bc100,232
721fe22a7400,721fd3d70880,232
721fe22a7400,721fec712f80,236
721fe22a7400,721fcded6a40,232
721fe22a7400,721ffc081480,234
721fe22a7400,721fb4acfc40,234
721fe22a7400,721fd623f9c0,230
721fe22a7400,721fcb708c40,232
721fe22a7400,72200d281000,234
721fe22a7400,721fa0b28380,232
721fe22a7400,721ff60706c0,234
721fe22a7400,721fbf744a80,232
721fe22a7400,721ff829f000,230
721fe22a7400,721fcd328640,232
721fe22a7400,721fa326aac0,230
721fe22a7400,721fe6735ec0,232
721fe22a7400,721fc0ea9bc0,234
721fe22a7400,721fbe278c40,232
721fe22a7400,721f97ef9640,230
721fe22a7400,721f94390480,234
721fe22a7400,721fd0c990c0,234
721fe22a7400,721f96e97640,232
721fe22a7400,721faccb7f40,232
721fe22a7400,721f96156f40,232
721fe22a7400,721fcc4c3180,232
721fe22a7400,721fd27e6840,232
721fe22a7400,721fae018dc0,232
721fe22a7400,721fca6ddc40,360
721f8f36f580,721f924c8980,232
721f8f36f580,721fffa47880,234
721f8f36f580,721fc57e29c0,234
721f8f36f580,721fae8bc100,232
721f8f36f580,721fd3d70880,232
721f8f36f580,721fec712f80,234
721f8f36f580,721fcded6a40,232
721f8f36f580,721ffc081480,232
721f8f36f580,721fb4acfc40,234
721f8f36f580,721fd623f9c0,230
721f8f36f580,721fcb708c40,232
721f8f36f580,72200d281000,232
721f8f36f580,721fa0b28380,232
721f8f36f580,721ff60706c0,230
721f8f36f580,721fbf744a80,234
721f8f36f580,721ff829f000,230
721f8f36f580,721fcd328640,232
721f8f36f580,721fa326aac0,230
721f8f36f580,721fe6735ec0,232
721f8f36f580,721fc0ea9bc0,234
721f8f36f580,721fbe278c40,232
721f8f36f580,721f97ef9640,232
721f8f36f580,721f94390480,234
721f8f36f580,721fd0c990c0,234
721f8f36f580,721f96e97640,234
721f8f36f580,721faccb7f40,232
721f8f36f580,721f96156f40,232
721f8f36f580,721fcc4c3180,360
721ffc3fa180,721f924c8980,230
721ffc3fa180,721fffa47880,234
721ffc3fa180,721fc57e29c0,232
721ffc3fa180,721fae8bc100,232
721ffc3fa180,721fd3d70880,230
721ffc3fa180,721fec712f80,234
721ffc3fa180,721fcded6a40,232
721ffc3fa180,721ffc081480,232
721ffc3fa180,721fb4acfc40,232
721ffc3fa180,721fd623f9c0,230
721ffc3fa180,721fcb708c40,232
721ffc3fa180,72200d281000,234
721ffc3fa180,721fa0b28380,230
721ffc3fa180,721ff60706c0,358
721ff31ee580,721f924c8980,232
721ff31ee580,721fffa47880,238
721ff31ee580,721fc57e29c0,234
721ff31ee580,721fae8bc100,242
721ff31ee580,721fd3d70880,236
721ff31ee580,721fec712f80,234
721ff31ee580,721fcded6a40,230
721ff31ee580,721ffc081480,240
721ff31ee580,721fb4acfc40,362
721fbca9ef00,721f924c8980,232
721fbca9ef00,721fffa47880,238
721fbca9ef00,721fc57e29c0,362
721fd8568b00,721f924c8980,232
721fd8568b00,721fffa47880,232
721fd8568b00,721fc57e29c0,230
721fd8568b00,721fae8bc100,234
721fd8568b00,721fd3d70880,234
721fd8568b00,721fec712f80,232
721fd8568b00,721fcded6a40,228
721fd8568b00,721ffc081480,234
721fd8568b00,721fb4acfc40,232
721fd8568b00,721fd623f9c0,232
721fd8568b00,721fcb708c40,358
721fb4d48b80,721f924c8980,230
721fb4d48b80,721fffa47880,234
721fb4d48b80,721fc57e29c0,234
721fb4d48b80,721fae8bc100,234
721fb4d48b80,721fd3d70880,360
722009d98e80,721f924c8980,232
722009d98e80,721fffa47880,236
722009d98e80,721fc57e29c0,234
722009d98e80,721fae8bc100,240
722009d98e80,721fd3d70880,236
722009d98e80,721fec712f80,234
722009d98e80,721fcded6a40,230
722009d98e80,721ffc081480,238
722009d98e80,721fb4acfc40,234
722009d98e80,721fd623f9c0,236
722009d98e80,721fcb708c40,230
722009d98e80,72200d281000,236
722009d98e80,721fa0b28380,236
722009d98e80,721ff60706c0,232
722009d98e80,721fbf744a80,232
722009d98e80,721ff829f000,232
722009d98e80,721fcd328640,230
722009d98e80,721fa326aac0,232
722009d98e80,721fe6735ec0,232
722009d98e80,721fc0ea9bc0,234
722009d98e80,721fbe278c40,238
722009d98e80,721f97ef9640,232
722009d98e80,721f94390480,236
722009d98e80,721fd0c990c0,234
722009d98e80,721f96e97640,236
722009d98e80,721faccb7f40,234
722009d98e80,721f96156f40,236
722009d98e80,721fcc4c3180,236
722009d98e80,721fd27e6840,228
722009d98e80,721fae018dc0,358
721fc225c780,721f924c8980,232
721fc225c780,721fffa47880,236
721fc225c780,721fc57e29c0,362
721fbbce7cc0,721f924c8980,232
721fbbce7cc0,721fffa47880,238
721fbbce7cc0,721fc57e29c0,234
721fbbce7cc0,721fae8bc100,242
721fbbce7cc0,721fd3d70880,236
721fbbce7cc0,721fec712f80,362
721fc4afb680,721f924c8980,232
721fc4afb680,721fffa47880,238
721fc4afb680,721fc57e29c0,234
721fc4afb680,721fae8bc100,242
721fc4afb680,721fd3d70880,236
721fc4afb680,721fec712f80,236
721fc4afb680,721fcded6a40,358
721fad436c40,721f924c8980,232
721fad436c40,721fffa47880,242
721fad436c40,721fc57e29c0,236
721fad436c40,721fae8bc100,240
721fad436c40,721fd3d70880,232
721fad436c40,721fec712f80,236
721fad436c40,721fcded6a40,232
721fad436c40,721ffc081480,238
721fad436c40,721fb4acfc40,236
721fad436c40,721fd623f9c0,238
721fad436c40,721fcb708c40,234
721fad436c40,72200d281000,232
721fad436c40,721fa0b28380,232
721fad436c40,721ff60706c0,230
721fad436c40,721fbf744a80,232
721fad436c40,721ff829f000,230
721fad436c40,721fcd328640,234
721fad436c40,721fa326aac0,228
721fad436c40,721fe6735ec0,232
721fad436c40,721fc0ea9bc0,238
721fad436c40,721fbe278c40,240
721fad436c40,721f97ef9640,232
721fad436c40,721f94390480,240
721fad436c40,721fd0c990c0,236
721fad436c40,721f96e97640,368
721fb4bdccc0,721f924c8980,232
721fb4bdccc0,721fffa47880,234
721fb4bdccc0,721fc57e29c0,236
721fb4bdccc0,721fae8bc100,238
721fb4bdccc0,721fd3d70880,236
721fb4bdccc0,721fec712f80,232
721fb4bdccc0,721fcded6a40,230
721fb4bdccc0,721ffc081480,236
721fb4bdccc0,721fb4acfc40,232
721fb4bdccc0,721fd623f9c0,238
721fb4bdccc0,721fcb708c40,230
721fb4bdccc0,72200d281000,234
721fb4bdccc0,721fa0b28380,234
721fb4bdccc0,721ff60706c0,232
721fb4bdccc0,721fbf744a80,230
721fb4bdccc0,721ff829f000,232
721fb4bdccc0,721fcd328640,230
721fb4bdccc0,721fa326aac0,232
721fb4bdccc0,721fe6735ec0,232
721fb4bdccc0,721fc0ea9bc0,234
721fb4bdccc0,721fbe278c40,238
721fb4bdccc0,721f97ef9640,232
721fb4bdccc0,721f94390480,234
721fb4bdccc0,721fd0c990c0,232
721fb4bdccc0,721f96e97640,238
721fb4bdccc0,721faccb7f40,236
721fb4bdccc0,721f96156f40,236
721fb4bdccc0,721fcc4c3180,234
721fb4bdccc0,721fd27e6840,228
721fb4bdccc0,721fae018dc0,358
721fcecf5140,721f924c8980,358
721fcc8f08c0,721f924c8980,232
721fcc8f08c0,721fffa47880,236
721fcc8f08c0,721fc57e29c0,232
721fcc8f08c0,721fae8bc100,238
721fcc8f08c0,721fd3d70880,236
721fcc8f08c0,721fec712f80,232
721fcc8f08c0,721fcded6a40,230
721fcc8f08c0,721ffc081480,234
721fcc8f08c0,721fb4acfc40,232
721fcc8f08c0,721fd623f9c0,238
721fcc8f08c0,721fcb708c40,230
721fcc8f08c0,72200d281000,236
721fcc8f08c0,721fa0b28380,236
721fcc8f08c0,721ff60706c0,232
721fcc8f08c0,721fbf744a80,228
721fcc8f08c0,721ff829f000,232
721fcc8f08c0,721fcd328640,358
721fbf8d7900,721f924c8980,232
721fbf8d7900,721fffa47880,238
721fbf8d7900,721fc57e29c0,362
721fdc7a8f00,721f924c8980,228
721fdc7a8f00,721fffa47880,242
721fdc7a8f00,721fc57e29c0,234
721fdc7a8f00,721fae8bc100,242
721fdc7a8f00,721fd3d70880,234
721fdc7a8f00,721fec712f80,236
721fdc7a8f00,721fcded6a40,232
721fdc7a8f00,721ffc081480,238
721fdc7a8f00,721fb4acfc40,234
721fdc7a8f00,721fd623f9c0,366
721fdf86cd00,721f924c8980,232
721fdf86cd00,721fffa47880,232
721fdf86cd00,721fc57e29c0,230
721fdf86cd00,721fae8bc100,234
721fdf86cd00,721fd3d70880,234
721fdf86cd00,721fec712f80,232
721fdf86cd00,721fcded6a40,230
721fdf86cd00,721ffc081480,234
721fdf86cd00,721fb4acfc40,358
721fd96c0900,721f924c8980,230
721fd96c0900,721fffa47880,234
721fd96c0900,721fc57e29c0,234
721fd96c0900,721fae8bc100,232
721fd96c0900,721fd3d70880,232
721fd96c0900,721fec712f80,234
721fd96c0900,721fcded6a40,232
721fd96c0900,721ffc081480,232
721fd96c0900,721fb4acfc40,234
721fd96c0900,721fd623f9c0,230
721fd96c0900,721fcb708c40,232
721fd96c0900,72200d281000,232
721fd96c0900,721fa0b28380,234
721fd96c0900,721ff60706c0,232
721fd96c0900,721fbf744a80,232
721fd96c0900,721ff829f000,232
721fd96c0900,721fcd328640,232
721fd96c0900,721fa326aac0,232
721fd96c0900,721fe6735ec0,232
721fd96c0900,721fc0ea9bc0,234
721fd96c0900,721fbe278c40,232
721fd96c0900,721f97ef9640,230
721fd96c0900,721f94390480,234
721fd96c0900,721fd0c990c0,234
721fd96c0900,721f96e97640,232
721fd96c0900,721faccb7f40,234
721fd96c0900,721f96156f40,360
721fbf214f80,721f924c8980,228
721fbf214f80,721fffa47880,238
721fbf214f80,721fc57e29c0,236
721fbf214f80,721fae8bc100,234
721fbf214f80,721fd3d70880,234
721fbf214f80,721fec712f80,236
721fbf214f80,721fcded6a40,232
721fbf214f80,721ffc081480,238
721fbf214f80,721fb4acfc40,236
721fbf214f80,721fd623f9c0,234
721fbf214f80,721fcb708c40,232
721fbf214f80,72200d281000,362
721fd8460480,721f924c8980,230
721fd8460480,721fffa47880,234
721fd8460480,721fc57e29c0,232
721fd8460480,721fae8bc100,360
721ff4514300,721f924c8980,228
721ff4514300,721fffa47880,240
721ff4514300,721fc57e29c0,236
721ff4514300,721fae8bc100,236
721ff4514300,721fd3d70880,234
721ff4514300,721fec712f80,236
721ff4514300,721fcded6a40,232
721ff4514300,721ffc081480,238
721ff4514300,721fb4acfc40,236
721ff4514300,721fd623f9c0,236
721ff4514300,721fcb708c40,232
721ff4514300,72200d281000,234
721ff4514300,721fa0b28380,236
721ff4514300,721ff60706c0,230
721ff4514300,721fbf744a80,232
721ff4514300,721ff829f000,232
721ff4514300,721fcd328640,232
721ff4514300,721fa326aac0,232
721ff4514300,721fe6735ec0,232
721ff4514300,721fc0ea9bc0,238
721ff4514300,721fbe278c40,236
721ff4514300,721f97ef9640,230
721ff4514300,721f94390480,240
721ff4514300,721fd0c990c0,236
721ff4514300,721f96e97640,236
721ff4514300,721faccb7f40,240
721ff4514300,721f96156f40,362
721fde2b3e40,721f924c8980,232
721fde2b3e40,721fffa47880,238
721fde2b3e40,721fc57e29c0,236
721fde2b3e40,721fae8bc100,242
721fde2b3e40,721fd3d70880,236
721fde2b3e40,721fec712f80,362
721f8fa8ccc0,721f924c8980,232
721f8fa8ccc0,721fffa47880,238
721f8fa8ccc0,721fc57e29c0,236
721f8fa8ccc0,721fae8bc100,242
721f8fa8ccc0,721fd3d70880,236
721f8fa8ccc0,721fec712f80,234
721f8fa8ccc0,721fcded6a40,230
721f8fa8ccc0,721ffc081480,240
721f8fa8ccc0,721fb4acfc40,234
721f8fa8ccc0,721fd623f9c0,240
721f8fa8ccc0,721fcb708c40,230
721f8fa8ccc0,72200d281000,236
721f8fa8ccc0,721fa0b28380,236
721f8fa8ccc0,721ff60706c0,234
721f8fa8ccc0,721fbf744a80,356
721fae9b3280,721f924c8980,232
721fae9b3280,721fffa47880,240
721fae9b3280,721fc57e29c0,236
721fae9b3280,721fae8bc100,238
721fae9b3280,721fd3d70880,234
721fae9b3280,721fec712f80,236
721fae9b3280,721fcded6a40,232
721fae9b3280,721ffc081480,238
721fae9b3280,721fb4acfc40,236
721fae9b3280,721fd623f9c0,238
721fae9b3280,721fcb708c40,232
721fae9b3280,72200d281000,234
721fae9b3280,721fa0b28380,234
721fae9b3280,721ff60706c0,230
721fae9b3280,721fbf744a80,232
721fae9b3280,721ff829f000,230
721fae9b3280,721fcd328640,232
721fae9b3280,721fa326aac0,228
721fae9b3280,721fe6735ec0,232
721fae9b3280,721fc0ea9bc0,238
721fae9b3280,721fbe278c40,236
721fae9b3280,721f97ef9640,232
721fae9b3280,721f94390480,240
721fae9b3280,721fd0c990c0,236
721fae9b3280,721f96e97640,238
721fae9b3280,721faccb7f40,240
721fae9b3280,721f96156f40,236
721fae9b3280,721fcc4c3180,360
721fae1c9640,721f924c8980,232
721fae1c9640,721fffa47880,238
721fae1c9640,721fc57e29c0,362
721f90e7b140,721f924c8980,228
721f90e7b140,721fffa47880,232
721f90e7b140,721fc57e29c0,234
721f90e7b140,721fae8bc100,230
721f90e7b140,721fd3d70880,230
721f90e7b140,721fec712f80,234
721f90e7b140,721fcded6a40,232
721f90e7b140,721ffc081480,358
721ff54aa100,721f924c8980,228
721ff54aa100,721fffa47880,238
721ff54aa100,721fc57e29c0,236
721ff54aa100,721fae8bc100,236
721ff54aa100,721fd3d70880,234
721ff54aa100,721fec712f80,236
721ff54aa100,721fcded6a40,232
721ff54aa100,721ffc081480,240
721ff54aa100,721fb4acfc40,236
721ff54aa100,721fd623f9c0,234
721ff54aa100,721fcb708c40,232
721ff54aa100,72200d281000,236
721ff54aa100,721fa0b28380,234
721ff54aa100,721ff60706c0,358
721fcad08d00,721f924c8980,228
721fcad08d00,721fffa47880,238
721fcad08d00,721fc57e29c0,234
721fcad08d00,721fae8bc100,364
721fdbc3d200,721f924c8980,230
721fdbc3d200,721fffa47880,234
721fdbc3d200,721fc57e29c0,234
721fdbc3d200,721fae8bc100,232
721fdbc3d200,721fd3d70880,232
721fdbc3d200,721fec712f80,234
721fdbc3d200,721fcded6a40,232
721fdbc3d200,721ffc081480,234
721fdbc3d200,721fb4acfc40,234
721fdbc3d200,721fd623f9c0,230
721fdbc3d200,721fcb708c40,232
721fdbc3d200,72200d281000,234
721fdbc3d200,721fa0b28380,232
721fdbc3d200,721ff60706c0,234
721fdbc3d200,721fbf744a80,232
721fdbc3d200,721ff829f000,230
721fdbc3d200,721fcd328640,232
721fdbc3d200,721fa326aac0,230
721fdbc3d200,721fe6735ec0,232
721fdbc3d200,721fc0ea9bc0,232
721fdbc3d200,721fbe278c40,232
721fdbc3d200,721f97ef9640,230
721fdbc3d200,721f94390480,234
721fdbc3d200,721fd0c990c0,234
721fdbc3d200,721f96e97640,232
721fdbc3d200,721faccb7f40,232
721fdbc3d200,721f96156f40,232
721fdbc3d200,721fcc4c3180,232
721fdbc3d200,721fd27e6840,232
721fdbc3d200,721fae018dc0,232
721fdbc3d200,721fca6ddc40,360
721fa47b4900,721f924c8980,232
721fa47b4900,721fffa47880,240
721fa47b4900,721fc57e29c0,234
721fa47b4900,721fae8bc100,242
721fa47b4900,721fd3d70880,236
721fa47b4900,721fec712f80,234
721fa47b4900,721fcded6a40,230
721fa47b4900,721ffc081480,242
721fa47b4900,721fb4acfc40,236
721fa47b4900,721fd623f9c0,242
721fa47b4900,721fcb708c40,358
721f9e1b0100,721f924c8980,228
721f9e1b0100,721fffa47880,240
721f9e1b0100,721fc57e29c0,236
721f9e1b0100,721fae8bc100,236
721f9e1b0100,721fd3d70880,234
721f9e1b0100,721fec712f80,236
721f9e1b0100,721fcded6a40,232
721f9e1b0100,721ffc081480,238
721f9e1b0100,721fb4acfc40,236
721f9e1b0100,721fd623f9c0,236
721f9e1b0100,721fcb708c40,232
721f9e1b0100,72200d281000,234
721f9e1b0100,721fa0b28380,362
721fdc1ac7c0,721f924c8980,230
721fdc1ac7c0,721fffa47880,240
721fdc1ac7c0,721fc57e29c0,236
721fdc1ac7c0,721fae8bc100,240
721fdc1ac7c0,721fd3d70880,234
721fdc1ac7c0,721fec712f80,236
721fdc1ac7c0,721fcded6a40,232
721fdc1ac7c0,721ffc081480,240
721fdc1ac7c0,721fb4acfc40,236
721fdc1ac7c0,721fd623f9c0,240
721fdc1ac7c0,721fcb708c40,232
721fdc1ac7c0,72200d281000,236
721fdc1ac7c0,721fa0b28380,234
721fdc1ac7c0,721ff60706c0,234
721fdc1ac7c0,721fbf744a80,234
721fdc1ac7c0,721ff829f000,230
721fdc1ac7c0,721fcd328640,234
721fdc1ac7c0,721fa326aac0,230
721fdc1ac7c0,721fe6735ec0,232
721fdc1ac7c0,721fc0ea9bc0,238
721fdc1ac7c0,721fbe278c40,240
721fdc1ac7c0,721f97ef9640,230
721fdc1ac7c0,721f94390480,240
721fdc1ac7c0,721fd0c990c0,236
721fdc1ac7c0,721f96e97640,240
721fdc1ac7c0,721faccb7f40,240
721fdc1ac7c0,721f96156f40,234
721fdc1ac7c0,721fcc4c3180,234
721fdc1ac7c0,721fd27e6840,232
721fdc1ac7c0,721fae018dc0,232
721fdc1ac7c0,721fca6ddc40,362
721f91daea80,721f924c8980,232
721f91daea80,721fffa47880,234
721f91daea80,721fc57e29c0,232
721f91daea80,721fae8bc100,232
721f91daea80,721fd3d70880,230
721f91daea80,721fec712f80,234
721f91daea80,721fcded6a40,232
721f91daea80,721ffc081480,230
721f91daea80,721fb4acfc40,232
721f91daea80,721fd623f9c0,230
721f91daea80,721fcb708c40,232
721f91daea80,72200d281000,232
721f91daea80,721fa0b28380,232
721f91daea80,721ff60706c0,230
721f91daea80,721fbf744a80,234
721f91daea80,721ff829f000,230
721f91daea80,721fcd328640,232
721f91daea80,721fa326aac0,230
721f91daea80,721fe6735ec0,232
721f91daea80,721fc0ea9bc0,232
721f91daea80,721fbe278c40,230
721f91daea80,721f97ef9640,232
721f91daea80,721f94390480,234
721f91daea80,721fd0c990c0,232
721f91daea80,721f96e97640,234
721f91daea80,721faccb7f40,232
721f91daea80,721f96156f40,230
721f91daea80,721fcc4c3180,358
72200259e6c0,721f924c8980,232
72200259e6c0,721fffa47880,358
722009e4b6c0,721f924c8980,232
722009e4b6c0,721fffa47880,234
722009e4b6c0,721fc57e29c0,234
722009e4b6c0,721fae8bc100,232
722009e4b6c0,721fd3d70880,232
722009e4b6c0,721fec712f80,234
722009e4b6c0,721fcded6a40,232
722009e4b6c0,721ffc081480,232
722009e4b6c0,721fb4acfc40,236
722009e4b6c0,721fd623f9c0,232
722009e4b6c0,721fcb708c40,232
722009e4b6c0,72200d281000,232
722009e4b6c0,721fa0b28380,232
722009e4b6c0,721ff60706c0,232
722009e4b6c0,721fbf744a80,232
722009e4b6c0,721ff829f000,230
722009e4b6c0,721fcd328640,232
722009e4b6c0,721fa326aac0,230
722009e4b6c0,721fe6735ec0,232
722009e4b6c0,721fc0ea9bc0,234
722009e4b6c0,721fbe278c40,232
722009e4b6c0,721f97ef9640,358
721fdb5175c0,721f924c8980,228
721fdb5175c0,721fffa47880,242
721fdb5175c0,721fc57e29c0,236
721fdb5175c0,721fae8bc100,240
721fdb5175c0,721fd3d70880,234
721fdb5175c0,721fec712f80,236
721fdb5175c0,721fcded6a40,232
721fdb5175c0,721ffc081480,238
721fdb5175c0,721fb4acfc40,236
721fdb5175c0,721fd623f9c0,238
721fdb5175c0,721fcb708c40,232
721fdb5175c0,72200d281000,234
721fdb5175c0,721fa0b28380,362
721fa84e7280,721f924c8980,232
721fa84e7280,721fffa47880,238
721fa84e7280,721fc57e29c0,234
721fa84e7280,721fae8bc100,242
721fa84e7280,721fd3d70880,236
721fa84e7280,721fec712f80,236
721fa84e7280,721fcded6a40,232
721fa84e7280,721ffc081480,242
721fa84e7280,721fb4acfc40,234
721fa84e7280,721fd623f9c0,242
721fa84e7280,721fcb708c40,230
721fa84e7280,72200d281000,236
721fa84e7280,721fa0b28380,236
721fa84e7280,721ff60706c0,232
721fa84e7280,721fbf744a80,230
721fa84e7280,721ff829f000,232
721fa84e7280,721fcd328640,230
721fa84e7280,721fa326aac0,232
721fa84e7280,721fe6735ec0,230
721fa84e7280,721fc0ea9bc0,234
721fa84e7280,721fbe278c40,242
721fa84e7280,721f97ef9640,232
721fa84e7280,721f94390480,238
721fa84e7280,721fd0c990c0,236
721fa84e7280,721f96e97640,242
721fa84e7280,721faccb7f40,366
722004de4580,721f924c8980,228
722004de4580,721fffa47880,238
722004de4580,721fc57e29c0,236
722004de4580,721fae8bc100,240
722004de4580,721fd3d70880,236
722004de4580,721fec712f80,236
722004de4580,721fcded6a40,232
722004de4580,721ffc081480,236
722004de4580,721fb4acfc40,236
722004de4580,721fd623f9c0,362
72200e973d40,721f924c8980,232
72200e973d40,721fffa47880,230
72200e973d40,721fc57e29c0,232
72200e973d40,721fae8bc100,234
72200e973d40,721fd3d70880,234
72200e973d40,721fec712f80,232
72200e973d40,721fcded6a40,230
72200e973d40,721ffc081480,234
72200e973d40,721fb4acfc40,360
721fd53cef40,721f924c8980,232
721fd53cef40,721fffa47880,236
721fd53cef40,721fc57e29c0,234
721fd53cef40,721fae8bc100,238
721fd53cef40,721fd3d70880,236
721fd53cef40,721fec712f80,232
721fd53cef40,721fcded6a40,230
721fd53cef40,721ffc081480,236
721fd53cef40,721fb4acfc40,236
721fd53cef40,721fd623f9c0,238
721fd53cef40,721fcb708c40,232
721fd53cef40,72200d281000,234
721fd53cef40,721fa0b28380,234
721fd53cef40,721ff60706c0,232
721fd53cef40,721fbf744a80,228
721fd53cef40,721ff829f000,232
721fd53cef40,721fcd328640,230
721fd53cef40,721fa326aac0,232
721fd53cef40,721fe6735ec0,228
721fd53cef40,721fc0ea9bc0,238
721fd53cef40,721fbe278c40,238
721fd53cef40,721f97ef9640,232
721fd53cef40,721f94390480,234
721fd53cef40,721fd0c990c0,234
721fd53cef40,721f96e97640,238
721fd53cef40,721faccb7f40,234
721fd53cef40,721f96156f40,236
721fd53cef40,721fcc4c3180,236
721fd53cef40,721fd27e6840,228
721fd53cef40,721fae018dc0,230
721fd53cef40,721fca6ddc40,236
721fd53cef40,721fd9682240,362
721fbaadfc40,721f924c8980,232
721fbaadfc40,721fffa47880,232
721fbaadfc40,721fc57e29c0,234
721fbaadfc40,721fae8bc100,230
721fbaadfc40,721fd3d70880,230
721fbaadfc40,721fec712f80,234
721fbaadfc40,721fcded6a40,232
721fbaadfc40,721ffc081480,228
721fbaadfc40,721fb4acfc40,234
721fbaadfc40,721fd623f9c0,232
721fbaadfc40,721fcb708c40,232
721fbaadfc40,72200d281000,230
721fbaadfc40,721fa0b28380,230
721fbaadfc40,721ff60706c0,230
721fbaadfc40,721fbf744a80,232
721fbaadfc40,721ff829f000,228
721fbaadfc40,721fcd328640,232
721fbaadfc40,721fa326aac0,228
721fbaadfc40,721fe6735ec0,232
721fbaadfc40,721fc0ea9bc0,234
721fbaadfc40,721fbe278c40,230
721fbaadfc40,721f97ef9640,356
721facfaa980,721f924c8980,228
721facfaa980,721fffa47880,240
721facfaa980,721fc57e29c0,236
721facfaa980,721fae8bc100,236
721facfaa980,721fd3d70880,234
721facfaa980,721fec712f80,236
721facfaa980,721fcded6a40,232
721facfaa980,721ffc081480,366
721ffb1abc40,721f924c8980,232
721ffb1abc40,721fffa47880,240
721ffb1abc40,721fc57e29c0,236
721ffb1abc40,721fae8bc100,238
721ffb1abc40,721fd3d70880,234
721ffb1abc40,721fec712f80,236
721ffb1abc40,721fcded6a40,232
721ffb1abc40,721ffc081480,240
721ffb1abc40,721fb4acfc40,236
721ffb1abc40,721fd623f9c0,238
721ffb1abc40,721fcb708c40,234
721ffb1abc40,72200d281000,234
721ffb1abc40,721fa0b28380,234
721ffb1abc40,721ff60706c0,230
721ffb1abc40,721fbf744a80,232
721ffb1abc40,721ff829f000,230
721ffb1abc40,721fcd328640,234
721ffb1abc40,721fa326aac0,230
721ffb1abc40,721fe6735ec0,232
721ffb1abc40,721fc0ea9bc0,238
721ffb1abc40,721fbe278c40,240
721ffb1abc40,721f97ef9640,232
721ffb1abc40,721f94390480,242
721ffb1abc40,721fd0c990c0,236
721ffb1abc40,721f96e97640,368
721ffa9d4dc0,721f924c8980,228
721ffa9d4dc0,721fffa47880,236
721ffa9d4dc0,721fc57e29c0,236
721ffa9d4dc0,721fae8bc100,234
721ffa9d4dc0,721fd3d70880,232
721ffa9d4dc0,721fec712f80,234
721ffa9d4dc0,721fcded6a40,232
721ffa9d4dc0,721ffc081480,236
721ffa9d4dc0,721fb4acfc40,236
721ffa9d4dc0,721fd623f9c0,234
721ffa9d4dc0,721fcb708c40,232
721ffa9d4dc0,72200d281000,234
721ffa9d4dc0,721fa0b28380,232
721ffa9d4dc0,721ff60706c0,358
721feaa9b280,721f924c8980,228
721feaa9b280,721fffa47880,240
721feaa9b280,721fc57e29c0,236
721feaa9b280,721fae8bc100,238
721feaa9b280,721fd3d70880,234
721feaa9b280,721fec712f80,236
721feaa9b280,721fcded6a40,232
721feaa9b280,721ffc081480,236
721feaa9b280,721fb4acfc40,236
721feaa9b280,721fd623f9c0,236
721feaa9b280,721fcb708c40,232
721feaa9b280,72200d281000,234
721feaa9b280,721fa0b28380,236
721feaa9b280,721ff60706c0,230
721feaa9b280,721fbf744a80,232
721feaa9b280,721ff829f000,232
721feaa9b280,721fcd328640,232
721feaa9b280,721fa326aac0,232
721feaa9b280,721fe6735ec0,232
721feaa9b280,721fc0ea9bc0,238
721feaa9b280,721fbe278c40,236
721feaa9b280,721f97ef9640,230
721feaa9b280,721f94390480,240
721feaa9b280,721fd0c990c0,236
721feaa9b280,721f96e97640,236
721feaa9b280,721faccb7f40,240
721feaa9b280,721f96156f40,360
721fabc83580,721f924c8980,232
721fabc83580,721fffa47880,242
721fabc83580,721fc57e29c0,236
721fabc83580,721fae8bc100,240
721fabc83580,721fd3d70880,234
721fabc83580,721fec712f80,236
721fabc83580,721fcded6a40,232
721fabc83580,721ffc081480,238
721fabc83580,721fb4acfc40,236
721fabc83580,721fd623f9c0,238
721fabc83580,721fcb708c40,232
721fabc83580,72200d281000,234
721fabc83580,721fa0b28380,234
721fabc83580,721ff60706c0,230
721fabc83580,721fbf744a80,232
721fabc83580,721ff829f000,228
721fabc83580,721fcd328640,232
721fabc83580,721fa326aac0,228
721fabc83580,721fe6735ec0,232
721fabc83580,721fc0ea9bc0,238
721fabc83580,721fbe278c40,240
721fabc83580,721f97ef9640,232
721fabc83580,721f94390480,242
721fabc83580,721fd0c990c0,236
721fabc83580,721f96e97640,242
721fabc83580,721faccb7f40,242
721fabc83580,721f96156f40,234
721fabc83580,721fcc4c3180,360
721fc837dcc0,721f924c8980,232
721fc837dcc0,721fffa47880,242
721fc837dcc0,721fc57e29c0,236
721fc837dcc0,721fae8bc100,240
721fc837dcc0,721fd3d70880,234
721fc837dcc0,721fec712f80,236
721fc837dcc0,721fcded6a40,232
721fc837dcc0,721ffc081480,238
721fc837dcc0,721fb4acfc40,236
721fc837dcc0,721fd623f9c0,238
721fc837dcc0,721fcb708c40,232
721fc837dcc0,72200d281000,234
721fc837dcc0,721fa0b28380,234
721fc837dcc0,721ff60706c0,232
721fc837dcc0,721fbf744a80,232
721fc837dcc0,721ff829f000,228
721fc837dcc0,721fcd328640,234
721fc837dcc0,721fa326aac0,230
721fc837dcc0,721fe6735ec0,232
721fc837dcc0,721fc0ea9bc0,238
721fc837dcc0,721fbe278c40,240
721fc837dcc0,721f97ef9640,358
721fbb507f80,721f924c8980,228
721fbb507f80,721fffa47880,242
721fbb507f80,721fc57e29c0,236
721fbb507f80,721fae8bc100,240
721fbb507f80,721fd3d70880,234
721fbb507f80,721fec712f80,236
721fbb507f80,721fcded6a40,232
721fbb507f80,721ffc081480,238
721fbb507f80,721fb4acfc40,236
721fbb507f80,721fd623f9c0,238
721fbb507f80,721fcb708c40,232
721fbb507f80,72200d281000,234
721fbb507f80,721fa0b28380,236
721fbb507f80,721ff60706c0,230
721fbb507f80,721fbf744a80,232
721fbb507f80,721ff829f000,232
721fbb507f80,721fcd328640,234
721fbb507f80,721fa326aac0,356
721ff6543e80,721f924c8980,230
721ff6543e80,721fffa47880,238
721ff6543e80,721fc57e29c0,236
721ff6543e80,721fae8bc100,234
721ff6543e80,721fd3d70880,234
721ff6543e80,721fec712f80,236
721ff6543e80,721fcded6a40,232
721ff6543e80,721ffc081480,236
721ff6543e80,721fb4acfc40,236
721ff6543e80,721fd623f9c0,234
721ff6543e80,721fcb708c40,232
721ff6543e80,72200d281000,234
721ff6543e80,721fa0b28380,362
721ff8792c40,721f924c8980,228
721ff8792c40,721fffa47880,242
721ff8792c40,721fc57e29c0,236
721ff8792c40,721fae8bc100,242
721ff8792c40,721fd3d70880,362
722004b68440,721f924c8980,230
722004b68440,721fffa47880,240
722004b68440,721fc57e29c0,236
722004b68440,721fae8bc100,238
722004b68440,721fd3d70880,234
722004b68440,721fec712f80,236
722004b68440,721fcded6a40,232
722004b68440,721ffc081480,240
722004b68440,721fb4acfc40,236
722004b68440,721fd623f9c0,238
722004b68440,721fcb708c40,234
722004b68440,72200d281000,236
722004b68440,721fa0b28380,234
722004b68440,721ff60706c0,234
722004b68440,721fbf744a80,234
722004b68440,721ff829f000,230
722004b68440,721fcd328640,234
722004b68440,721fa326aac0,230
722004b68440,721fe6735ec0,232
722004b68440,721fc0ea9bc0,238
722004b68440,721fbe278c40,240
722004b68440,721f97ef9640,230
722004b68440,721f94390480,240
722004b68440,721fd0c990c0,236
722004b68440,721f96e97640,240
722004b68440,721faccb7f40,240
722004b68440,721f96156f40,234
722004b68440,721fcc4c3180,234
722004b68440,721fd27e6840,232
722004b68440,721fae018dc0,232
722004b68440,721fca6ddc40,362
721fdbc58180,721f924c8980,232
721fdbc58180,721fffa47880,240
721fdbc58180,721fc57e29c0,236
721fdbc58180,721fae8bc100,236
721fdbc58180,721fd3d70880,234
721fdbc58180,721fec712f80,236
721fdbc58180,721fcded6a40,232
721fdbc58180,721ffc081480,238
721fdbc58180,721fb4acfc40,236
721fdbc58180,721fd623f9c0,238
721fdbc58180,721fcb708c40,232
721fdbc58180,72200d281000,234
721fdbc58180,721fa0b28380,234
721fdbc58180,721ff60706c0,230
721fdbc58180,721fbf744a80,232
721fdbc58180,721ff829f000,228
721fdbc58180,721fcd328640,232
721fdbc58180,721fa326aac0,230
721fdbc58180,721fe6735ec0,232
721fdbc58180,721fc0ea9bc0,238
721fdbc58180,721fbe278c40,236
721fdbc58180,721f97ef9640,232
721fdbc58180,721f94390480,240
721fdbc58180,721fd0c990c0,236
721fdbc58180,721f96e97640,240
721fdbc58180,721faccb7f40,240
721fdbc58180,721f96156f40,234
721fdbc58180,721fcc4c3180,362
721fc7c46ac0,721f924c8980,228
721fc7c46ac0,721fffa47880,240
721fc7c46ac0,721fc57e29c0,236
721fc7c46ac0,721fae8bc100,238
721fc7c46ac0,721fd3d70880,236
721fc7c46ac0,721fec712f80,236
721fc7c46ac0,721fcded6a40,232
721fc7c46ac0,721ffc081480,236
721fc7c46ac0,721fb4acfc40,236
721fc7c46ac0,721fd623f9c0,364
7220057f5140,721f924c8980,228
7220057f5140,721fffa47880,232
7220057f5140,721fc57e29c0,234
7220057f5140,721fae8bc100,234
7220057f5140,721fd3d70880,232
7220057f5140,721fec712f80,232
7220057f5140,721fcded6a40,232
7220057f5140,721ffc081480,230
7220057f5140,721fb4acfc40,234
7220057f5140,721fd623f9c0,234
7220057f5140,721fcb708c40,232
7220057f5140,72200d281000,230
7220057f5140,721fa0b28380,230
7220057f5140,721ff60706c0,230
7220057f5140,721fbf744a80,232
7220057f5140,721ff829f000,228
7220057f5140,721fcd328640,232
7220057f5140,721fa326aac0,230
7220057f5140,721fe6735ec0,232
7220057f5140,721fc0ea9bc0,234
7220057f5140,721fbe278c40,360
721ffb80b440,721f924c8980,232
721ffb80b440,721fffa47880,230
721ffb80b440,721fc57e29c0,232
721ffb80b440,721fae8bc100,234
721ffb80b440,721fd3d70880,234
721ffb80b440,721fec712f80,232
721ffb80b440,721fcded6a40,230
721ffb80b440,721ffc081480,232
721ffb80b440,721fb4acfc40,234
721ffb80b440,721fd623f9c0,234
721ffb80b440,721fcb708c40,232
721ffb80b440,72200d281000,234
721ffb80b440,721fa0b28380,234
721ffb80b440,721ff60706c0,232
721ffb80b440,721fbf744a80,232
721ffb80b440,721ff829f000,232
721ffb80b440,721fcd328640,232
721ffb80b440,721fa326aac0,232
721ffb80b440,721fe6735ec0,230
721ffb80b440,721fc0ea9bc0,360
721fe7010100,721f924c8980,232
721fe7010100,721fffa47880,236
721fe7010100,721fc57e29c0,234
721fe7010100,721fae8bc100,238
721fe7010100,721fd3d70880,236
721fe7010100,721fec712f80,234
721fe7010100,721fcded6a40,230
721fe7010100,721ffc081480,238
721fe7010100,721fb4acfc40,236
721fe7010100,721fd623f9c0,236
721fe7010100,721fcb708c40,358
722007870280,721f924c8980,232
722007870280,721fffa47880,238
722007870280,721fc57e29c0,234
722007870280,721fae8bc100,238
722007870280,721fd3d70880,236
722007870280,721fec712f80,234
722007870280,721fcded6a40,230
722007870280,721ffc081480,238
722007870280,721fb4acfc40,234
722007870280,721fd623f9c0,236
722007870280,721fcb708c40,230
722007870280,72200d281000,236
722007870280,721fa0b28380,236
722007870280,721ff60706c0,232
722007870280,721fbf744a80,230
722007870280,721ff829f000,232
722007870280,721fcd328640,232
722007870280,721fa326aac0,232
722007870280,721fe6735ec0,228
722007870280,721fc0ea9bc0,236
722007870280,721fbe278c40,238
722007870280,721f97ef9640,232
722007870280,721f94390480,238
722007870280,721fd0c990c0,234
722007870280,721f96e97640,238
722007870280,721faccb7f40,234
722007870280,721f96156f40,236
722007870280,721fcc4c3180,236
722007870280,721fd27e6840,356
721fe1eb5540,721f924c8980,232
721fe1eb5540,721fffa47880,230
721fe1eb5540,721fc57e29c0,232
721fe1eb5540,721fae8bc100,234
721fe1eb5540,721fd3d70880,234
721fe1eb5540,721fec712f80,232
721fe1eb5540,721fcded6a40,230
721fe1eb5540,721ffc081480,234
721fe1eb5540,721fb4acfc40,360
721fa2f18e40,721f924c8980,228
721fa2f18e40,721fffa47880,232
721fa2f18e40,721fc57e29c0,236
721fa2f18e40,721fae8bc100,232
721fa2f18e40,721fd3d70880,232
721fa2f18e40,721fec712f80,234
721fa2f18e40,721fcded6a40,232
721fa2f18e40,721ffc081480,232
721fa2f18e40,721fb4acfc40,234
721fa2f18e40,721fd623f9c0,232
721fa2f18e40,721fcb708c40,232
721fa2f18e40,72200d281000,234
721fa2f18e40,721fa0b28380,232
721fa2f18e40,721ff60706c0,234
721fa2f18e40,721fbf744a80,232
721fa2f18e40,721ff829f000,228
721fa2f18e40,721fcd328640,232
721fa2f18e40,721fa326aac0,230
721fa2f18e40,721fe6735ec0,232
721fa2f18e40,721fc0ea9bc0,234
721fa2f18e40,721fbe278c40,232
721fa2f18e40,721f97ef9640,230
721fa2f18e40,721f94390480,232
721fa2f18e40,721fd0c990c0,234
721fa2f18e40,721f96e97640,232
721fa2f18e40,721faccb7f40,234
721fa2f18e40,721f96156f40,232
721fa2f18e40,721fcc4c3180,232
721fa2f18e40,721fd27e6840,232
721fa2f18e40,721fae018dc0,232
721fa2f18e40,721fca6ddc40,360
721fd46ad4c0,721f924c8980,230
721fd46ad4c0,721fffa47880,234
721fd46ad4c0,721fc57e29c0,236
721fd46ad4c0,721fae8bc100,232
721fd46ad4c0,721fd3d70880,232
721fd46ad4c0,721fec712f80,234
721fd46ad4c0,721fcded6a40,232
721fd46ad4c0,721ffc081480,234
721fd46ad4c0,721fb4acfc40,234
721fd46ad4c0,721fd623f9c0,232
721fd46ad4c0,721fcb708c40,232
721fd46ad4c0,72200d281000,234
721fd46ad4c0,721fa0b28380,232
721fd46ad4c0,721ff60706c0,234
721fd46ad4c0,721fbf744a80,232
721fd46ad4c0,721ff829f000,230
721fd46ad4c0,721fcd328640,232
721fd46ad4c0,721fa326aac0,230
721fd46ad4c0,721fe6735ec0,232
721fd46ad4c0,721fc0ea9bc0,234
721fd46ad4c0,721fbe278c40,232
721fd46ad4c0,721f97ef9640,230
721fd46ad4c0,721f94390480,234
721fd46ad4c0,721fd0c990c0,234
721fd46ad4c0,721f96e97640,232
721fd46ad4c0,721faccb7f40,234
721fd46ad4c0,721f96156f40,232
721fd46ad4c0,721fcc4c3180,232
721fd46ad4c0,721fd27e6840,232
721fd46ad4c0,721fae018dc0,232
721fd46ad4c0,721fca6ddc40,360
721ff7869e40,721f924c8980,230
721ff7869e40,721fffa47880,232
721ff7869e40,721fc57e29c0,234
721ff7869e40,721fae8bc100,232
721ff7869e40,721fd3d70880,358
721fb22c8f40,721f924c8980,232
721fb22c8f40,721fffa47880,230
721fb22c8f40,721fc57e29c0,232
721fb22c8f40,721fae8bc100,232
721fb22c8f40,721fd3d70880,232
721fb22c8f40,721fec712f80,230
721fb22c8f40,721fcded6a40,230
721fb22c8f40,721ffc081480,232
721fb22c8f40,721fb4acfc40,232
721fb22c8f40,721fd623f9c0,234
721fb22c8f40,721fcb708c40,358
721fa1a59c80,721f924c8980,230
721fa1a59c80,721fffa47880,234
721fa1a59c80,721fc57e29c0,232
721fa1a59c80,721fae8bc100,234
721fa1a59c80,721fd3d70880,358
721ffa8188c0,721f924c8980,228
721ffa8188c0,721fffa47880,240
721ffa8188c0,721fc57e29c0,236
721ffa8188c0,721fae8bc100,234
721ffa8188c0,721fd3d70880,234
721ffa8188c0,721fec712f80,236
721ffa8188c0,721fcded6a40,232
721ffa8188c0,721ffc081480,240
721ffa8188c0,721fb4acfc40,236
721ffa8188c0,721fd623f9c0,238
721ffa8188c0,721fcb708c40,232
721ffa8188c0,72200d281000,362
721fa5a67640,721f924c8980,232
721fa5a67640,721fffa47880,238
721fa5a67640,721fc57e29c0,236
721fa5a67640,721fae8bc100,242
721fa5a67640,721fd3d70880,236
721fa5a67640,721fec712f80,234
721fa5a67640,721fcded6a40,230
721fa5a67640,721ffc081480,240
721fa5a67640,721fb4acfc40,232
721fa5a67640,721fd623f9c0,240
721fa5a67640,721fcb708c40,230
721fa5a67640,72200d281000,236
721fa5a67640,721fa0b28380,236
721fa5a67640,721ff60706c0,232
721fa5a67640,721fbf744a80,230
721fa5a67640,721ff829f000,232
721fa5a67640,721fcd328640,230
721fa5a67640,721fa326aac0,232
721fa5a67640,721fe6735ec0,232
721fa5a67640,721fc0ea9bc0,234
721fa5a67640,721fbe278c40,242
721fa5a67640,721f97ef9640,232
721fa5a67640,721f94390480,238
721fa5a67640,721fd0c990c0,234
721fa5a67640,721f96e97640,242
721fa5a67640,721faccb7f40,238
721fa5a67640,721f96156f40,236
721fa5a67640,721fcc4c3180,236
721fa5a67640,721fd27e6840,228
721fa5a67640,721fae018dc0,356
721f9caa5380,721f924c8980,232
721f9caa5380,721fffa47880,234
721f9caa5380,721fc57e29c0,234
721f9caa5380,721fae8bc100,232
721f9caa5380,721fd3d70880,232
721f9caa5380,721fec712f80,234
721f9caa5380,721fcded6a40,232
721f9caa5380,721ffc081480,232
721f9caa5380,721fb4acfc40,234
721f9caa5380,721fd623f9c0,230
721f9caa5380,721fcb708c40,234
721f9caa5380,72200d281000,232
721f9caa5380,721fa0b28380,232
721f9caa5380,721ff60706c0,232
721f9caa5380,721fbf744a80,232
721f9caa5380,721ff829f000,230
721f9caa5380,721fcd328640,234
721f9caa5380,721fa326aac0,230
721f9caa5380,721fe6735ec0,232
721f9caa5380,721fc0ea9bc0,234
721f9caa5380,721fbe278c40,232
721f9caa5380,721f97ef9640,358
721fc6f2fec0,721f924c8980,230
721fc6f2fec0,721fffa47880,234
721fc6f2fec0,721fc57e29c0,234
721fc6f2fec0,721fae8bc100,238
721fc6f2fec0,721fd3d70880,236
721fc6f2fec0,721fec712f80,234
721fc6f2fec0,721fcded6a40,230
721fc6f2fec0,721ffc081480,236
721fc6f2fec0,721fb4acfc40,236
721fc6f2fec0,721fd623f9c0,238
721fc6f2fec0,721fcb708c40,358
721fbf14e8c0,721f924c8980,232
721fbf14e8c0,721fffa47880,232
721fbf14e8c0,721fc57e29c0,234
721fbf14e8c0,721fae8bc100,232
721fbf14e8c0,721fd3d70880,232
721fbf14e8c0,721fec712f80,234
721fbf14e8c0,721fcded6a40,232
721fbf14e8c0,721ffc081480,232
721fbf14e8c0,721fb4acfc40,234
721fbf14e8c0,721fd623f9c0,232
721fbf14e8c0,721fcb708c40,232
721fbf14e8c0,72200d281000,232
721fbf14e8c0,721fa0b28380,232
721fbf14e8c0,721ff60706c0,230
721fbf14e8c0,721fbf744a80,232
721fbf14e8c0,721ff829f000,230
721fbf14e8c0,721fcd328640,232
721fbf14e8c0,721fa326aac0,230
721fbf14e8c0,721fe6735ec0,232
721fbf14e8c0,721fc0ea9bc0,234
721fbf14e8c0,721fbe278c40,232
721fbf14e8c0,721f97ef9640,232
721fbf14e8c0,721f94390480,234
721fbf14e8c0,721fd0c990c0,234
721fbf14e8c0,721f96e97640,360
721f92a89940,721f924c8980,230
721f92a89940,721fffa47880,232
721f92a89940,721fc57e29c0,236
721f92a89940,721fae8bc100,232
721f92a89940,721fd3d70880,232
721f92a89940,721fec712f80,234
721f92a89940,721fcded6a40,232
721f92a89940,721ffc081480,232
721f92a89940,721fb4acfc40,234
721f92a89940,721fd623f9c0,232
721f92a89940,721fcb708c40,234
721f92a89940,72200d281000,232
721f92a89940,721fa0b28380,234
721f92a89940,721ff60706c0,232
721f92a89940,721fbf744a80,232
721f92a89940,721ff829f000,232
721f92a89940,721fcd328640,234
721f92a89940,721fa326aac0,358
721fc6aa3c00,721f924c8980,358
72200571d840,721f924c8980,228
72200571d840,721fffa47880,240
72200571d840,721fc57e29c0,236
72200571d840,721fae8bc100,242
72200571d840,721fd3d70880,362
721fbe769580,721f924c8980,228
721fbe769580,721fffa47880,240
721fbe769580,721fc57e29c0,236
721fbe769580,721fae8bc100,242
721fbe769580,721fd3d70880,236
721fbe769580,721fec712f80,236
721fbe769580,721fcded6a40,232
721fbe769580,721ffc081480,238
721fbe769580,721fb4acfc40,236
721fbe769580,721fd623f9c0,242
721fbe769580,721fcb708c40,232
721fbe769580,72200d281000,234
721fbe769580,721fa0b28380,234
721fbe769580,721ff60706c0,230
721fbe769580,721fbf744a80,232
721fbe769580,721ff829f000,230
721fbe769580,721fcd328640,232
721fbe769580,721fa326aac0,228
721fbe769580,721fe6735ec0,232
721fbe769580,721fc0ea9bc0,238
721fbe769580,721fbe278c40,368
721fe4c4e5c0,721f924c8980,232
721fe4c4e5c0,721fffa47880,238
721fe4c4e5c0,721fc57e29c0,236
721fe4c4e5c0,721fae8bc100,242
721fe4c4e5c0,721fd3d70880,236
721fe4c4e5c0,721fec712f80,234
721fe4c4e5c0,721fcded6a40,230
721fe4c4e5c0,721ffc081480,240
721fe4c4e5c0,721fb4acfc40,234
721fe4c4e5c0,721fd623f9c0,240
721fe4c4e5c0,721fcb708c40,230
721fe4c4e5c0,72200d281000,236
721fe4c4e5c0,721fa0b28380,236
721fe4c4e5c0,721ff60706c0,234
721fe4c4e5c0,721fbf744a80,358
721ff1ac9480,721f924c8980,232
721ff1ac9480,721fffa47880,242
721ff1ac9480,721fc57e29c0,236
721ff1ac9480,721fae8bc100,240
721ff1ac9480,721fd3d70880,234
721ff1ac9480,721fec712f80,236
721ff1ac9480,721fcded6a40,232
721ff1ac9480,721ffc081480,238
721ff1ac9480,721fb4acfc40,236
721ff1ac9480,721fd623f9c0,238
721ff1ac9480,721fcb708c40,232
721ff1ac9480,72200d281000,234
721ff1ac9480,721fa0b28380,234
721ff1ac9480,721ff60706c0,230
721ff1ac9480,721fbf744a80,232
721ff1ac9480,721ff829f000,228
721ff1ac9480,721fcd328640,232
721ff1ac9480,721fa326aac0,230
721ff1ac9480,721fe6735ec0,232
721ff1ac9480,721fc0ea9bc0,238
721ff1ac9480,721fbe278c40,240
721ff1ac9480,721f97ef9640,232
721ff1ac9480,721f94390480,242
721ff1ac9480,721fd0c990c0,236
721ff1ac9480,721f96e97640,368
721faa33e340,721f924c8980,230
721faa33e340,721fffa47880,232
721faa33e340,721fc57e29c0,236
721faa33e340,721fae8bc100,232
721faa33e340,721fd3d70880,234
721faa33e340,721fec712f80,234
721faa33e340,721fcded6a40,232
721faa33e340,721ffc081480,234
721faa33e340,721fb4acfc40,234
721faa33e340,721fd623f9c0,232
721faa33e340,721fcb708c40,232
721faa33e340,72200d281000,234
721faa33e340,721fa0b28380,232
721faa33e340,721ff60706c0,360
721fc08e9880,721f924c8980,232
721fc08e9880,721fffa47880,366
72200e94ca00,721f924c8980,228
72200e94ca00,721fffa47880,238
72200e94ca00,721fc57e29c0,234
72200e94ca00,721fae8bc100,238
72200e94ca00,721fd3d70880,236
72200e94ca00,721fec712f80,236
72200e94ca00,721fcded6a40,232
72200e94ca00,721ffc081480,238
72200e94ca00,721fb4acfc40,234
72200e94ca00,721fd623f9c0,236
72200e94ca00,721fcb708c40,232
72200e94ca00,72200d281000,234
72200e94ca00,721fa0b28380,234
72200e94ca00,721ff60706c0,230
72200e94ca00,721fbf744a80,232
72200e94ca00,721ff829f000,228
72200e94ca00,721fcd328640,232
72200e94ca00,721fa326aac0,230
72200e94ca00,721fe6735ec0,232
72200e94ca00,721fc0ea9bc0,236
72200e94ca00,721fbe278c40,364
721fe38bc000,721f924c8980,228
721fe38bc000,721fffa47880,240
721fe38bc000,721fc57e29c0,236
721fe38bc000,721fae8bc100,240
721fe38bc000,721fd3d70880,362
721fecff1840,721f924c8980,228
721fecff1840,721fffa47880,242
721fecff1840,721fc57e29c0,236
721fecff1840,721fae8bc100,368
721ff60908c0,721f924c8980,232
721ff60908c0,721fffa47880,230
721ff60908c0,721fc57e29c0,232
721ff60908c0,721fae8bc100,234
721ff60908c0,721fd3d70880,234
721ff60908c0,721fec712f80,232
721ff60908c0,721fcded6a40,230
721ff60908c0,721ffc081480,234
721ff60908c0,721fb4acfc40,234
721ff60908c0,721fd623f9c0,234
721ff60908c0,721fcb708c40,358
721fcd24ec80,721f924c8980,230
721fcd24ec80,721fffa47880,234
721fcd24ec80,721fc57e29c0,232
721fcd24ec80,721fae8bc100,232
721fcd24ec80,721fd3d70880,230
721fcd24ec80,721fec712f80,234
721fcd24ec80,721fcded6a40,232
721fcd24ec80,721ffc081480,230
721fcd24ec80,721fb4acfc40,232
721fcd24ec80,721fd623f9c0,230
721fcd24ec80,721fcb708c40,232
721fcd24ec80,72200d281000,232
721fcd24ec80,721fa0b28380,234
721fcd24ec80,721ff60706c0,230
721fcd24ec80,721fbf744a80,232
721fcd24ec80,721ff829f000,232
721fcd24ec80,721fcd328640,232
721fcd24ec80,721fa326aac0,356
721fe2d59c80,721f924c8980,232
721fe2d59c80,721fffa47880,234
721fe2d59c80,721fc57e29c0,236
721fe2d59c80,721fae8bc100,238
721fe2d59c80,721fd3d70880,236
721fe2d59c80,721fec712f80,234
721fe2d59c80,721fcded6a40,228
721fe2d59c80,721ffc081480,238
721fe2d59c80,721fb4acfc40,234
721fe2d59c80,721fd623f9c0,236
721fe2d59c80,721fcb708c40,230
721fe2d59c80,72200d281000,236
721fe2d59c80,721fa0b28380,236
721fe2d59c80,721ff60706c0,232
721fe2d59c80,721fbf744a80,358
721fc2ee8a80,721f924c8980,232
721fc2ee8a80,721fffa47880,242
721fc2ee8a80,721fc57e29c0,236
721fc2ee8a80,721fae8bc100,240
721fc2ee8a80,721fd3d70880,236
721fc2ee8a80,721fec712f80,236
721fc2ee8a80,721fcded6a40,232
721fc2ee8a80,721ffc081480,238
721fc2ee8a80,721fb4acfc40,236
721fc2ee8a80,721fd623f9c0,238
721fc2ee8a80,721fcb708c40,232
721fc2ee8a80,72200d281000,236
721fc2ee8a80,721fa0b28380,236
721fc2ee8a80,721ff60706c0,230
721fc2ee8a80,721fbf744a80,232
721fc2ee8a80,721ff829f000,228
721fc2ee8a80,721fcd328640,232
721fc2ee8a80,721fa326aac0,228
721fc2ee8a80,721fe6735ec0,232
721fc2ee8a80,721fc0ea9bc0,238
721fc2ee8a80,721fbe278c40,240
721fc2ee8a80,721f97ef9640,232
721fc2ee8a80,721f94390480,240
721fc2ee8a80,721fd0c990c0,236
721fc2ee8a80,721f96e97640,368
722006095740,721f924c8980,230
722006095740,721fffa47880,240
722006095740,721fc57e29c0,236
722006095740,721fae8bc100,368
721fd974ee00,721f924c8980,232
721fd974ee00,721fffa47880,238
721fd974ee00,721fc57e29c0,236
721fd974ee00,721fae8bc100,242
721fd974ee00,721fd3d70880,236
721fd974ee00,721fec712f80,236
721fd974ee00,721fcded6a40,228
721fd974ee00,721ffc081480,240
721fd974ee00,721fb4acfc40,234
721fd974ee00,721fd623f9c0,242
721fd974ee00,721fcb708c40,230
721fd974ee00,72200d281000,236
721fd974ee00,721fa0b28380,236
721fd974ee00,721ff60706c0,232
721fd974ee00,721fbf744a80,232
721fd974ee00,721ff829f000,232
721fd974ee00,721fcd328640,230
721fd974ee00,721fa326aac0,232
721fd974ee00,721fe6735ec0,358
721faf8f3ec0,721f924c8980,230
721faf8f3ec0,721fffa47880,240
721faf8f3ec0,721fc57e29c0,236
721faf8f3ec0,721fae8bc100,238
721faf8f3ec0,721fd3d70880,234
721faf8f3ec0,721fec712f80,236
721faf8f3ec0,721fcded6a40,232
721faf8f3ec0,721ffc081480,240
721faf8f3ec0,721fb4acfc40,236
721faf8f3ec0,721fd623f9c0,238
721faf8f3ec0,721fcb708c40,232
721faf8f3ec0,72200d281000,362
721fde2a5880,721f924c8980,226
721fde2a5880,721fffa47880,240
721fde2a5880,721fc57e29c0,236
721fde2a5880,721fae8bc100,238
721fde2a5880,721fd3d70880,234
721fde2a5880,721fec712f80,236
721fde2a5880,721fcded6a40,232
721fde2a5880,721ffc081480,240
721fde2a5880,721fb4acfc40,236
721fde2a5880,721fd623f9c0,236
721fde2a5880,721fcb708c40,232
721fde2a5880,72200d281000,362
721fd21bf0c0,721f924c8980,228
721fd21bf0c0,721fffa47880,240
721fd21bf0c0,721fc57e29c0,236
721fd21bf0c0,721fae8bc100,236
721fd21bf0c0,721fd3d70880,232
721fd21bf0c0,721fec712f80,236
721fd21bf0c0,721fcded6a40,232
721fd21bf0c0,721ffc081480,236
721fd21bf0c0,721fb4acfc40,236
721fd21bf0c0,721fd623f9c0,236
721fd21bf0c0,721fcb708c40,234
721fd21bf0c0,72200d281000,232
721fd21bf0c0,721fa0b28380,360
7220029a9400,721f924c8980,232
7220029a9400,721fffa47880,238
7220029a9400,721fc57e29c0,234
7220029a9400,721fae8bc100,238
7220029a9400,721fd3d70880,236
7220029a9400,721fec712f80,236
7220029a9400,721fcded6a40,358
721ff23be6c0,721f924c8980,228
721ff23be6c0,721fffa47880,242
721ff23be6c0,721fc57e29c0,236
721ff23be6c0,721fae8bc100,368
721f97a6c580,721f924c8980,232
721f97a6c580,721fffa47880,242
721f97a6c580,721fc57e29c0,234
721f97a6c580,721fae8bc100,242
721f97a6c580,721fd3d70880,236
721f97a6c580,721fec712f80,234
721f97a6c580,721fcded6a40,230
721f97a6c580,721ffc081480,242
721f97a6c580,721fb4acfc40,234
721f97a6c580,721fd623f9c0,240
721f97a6c580,721fcb708c40,230
721f97a6c580,72200d281000,236
721f97a6c580,721fa0b28380,236
721f97a6c580,721ff60706c0,232
721f97a6c580,721fbf744a80,230
721f97a6c580,721ff829f000,232
721f97a6c580,721fcd328640,232
721f97a6c580,721fa326aac0,232
721f97a6c580,721fe6735ec0,228
721f97a6c580,721fc0ea9bc0,234
721f97a6c580,721fbe278c40,242
721f97a6c580,721f97ef9640,232
721f97a6c580,721f94390480,242
721f97a6c580,721fd0c990c0,234
721f97a6c580,721f96e97640,242
721f97a6c580,721faccb7f40,238
721f97a6c580,721f96156f40,236
721f97a6c580,721fcc4c3180,236
721f97a6c580,721fd27e6840,356
721feb413280,721f924c8980,228
721feb413280,721fffa47880,240
721feb413280,721fc57e29c0,236
721feb413280,721fae8bc100,240
721feb413280,721fd3d70880,234
721feb413280,721fec712f80,236
721feb413280,721fcded6a40,232
721feb413280,721ffc081480,238
721feb413280,721fb4acfc40,236
721feb413280,721fd623f9c0,238
721feb413280,721fcb708c40,232
721feb413280,72200d281000,234
721feb413280,721fa0b28380,236
721feb413280,721ff60706c0,230
721feb413280,721fbf744a80,232
721feb413280,721ff829f000,232
721feb413280,721fcd328640,232
721feb413280,721fa326aac0,356
721f95887640,721f924c8980,232
721f95887640,721fffa47880,240
721f95887640,721fc57e29c0,234
721f95887640,721fae8bc100,238
721f95887640,721fd3d70880,234
721f95887640,721fec712f80,234
721f95887640,721fcded6a40,230
721f95887640,721ffc081480,240
721f95887640,721fb4acfc40,234
721f95887640,721fd623f9c0,240
721f95887640,721fcb708c40,230
721f95887640,72200d281000,236
721f95887640,721fa0b28380,236
721f95887640,721ff60706c0,232
721f95887640,721fbf744a80,230
721f95887640,721ff829f000,232
721f95887640,721fcd328640,232
721f95887640,721fa326aac0,232
721f95887640,721fe6735ec0,230
721f95887640,721fc0ea9bc0,234
721f95887640,721fbe278c40,240
721f95887640,721f97ef9640,232
721f95887640,721f94390480,238
721f95887640,721fd0c990c0,234
721f95887640,721f96e97640,240
721f95887640,721faccb7f40,236
721f95887640,721f96156f40,236
721f95887640,721fcc4c3180,236
721f95887640,721fd27e6840,356
721faa6c6240,721f924c8980,230
721faa6c6240,721fffa47880,234
721faa6c6240,721fc57e29c0,234
721faa6c6240,721fae8bc100,234
721faa6c6240,721fd3d70880,234
721faa6c6240,721fec712f80,234
721faa6c6240,721fcded6a40,232
721faa6c6240,721ffc081480,228
721faa6c6240,721fb4acfc40,234
721faa6c6240,721fd623f9c0,234
721faa6c6240,721fcb708c40,232
721faa6c6240,72200d281000,230
721faa6c6240,721fa0b28380,230
721faa6c6240,721ff60706c0,230
721faa6c6240,721fbf744a80,232
721faa6c6240,721ff829f000,230
721faa6c6240,721fcd328640,232
721faa6c6240,721fa326aac0,230
721faa6c6240,721fe6735ec0,232
721faa6c6240,721fc0ea9bc0,234
721faa6c6240,721fbe278c40,358
721fd6e2bb40,721f924c8980,228
721fd6e2bb40,721fffa47880,232
721fd6e2bb40,721fc57e29c0,234
721fd6e2bb40,721fae8bc100,232
721fd6e2bb40,721fd3d70880,232
721fd6e2bb40,721fec712f80,234
721fd6e2bb40,721fcded6a40,232
721fd6e2bb40,721ffc081480,232
721fd6e2bb40,721fb4acfc40,234
721fd6e2bb40,721fd623f9c0,232
721fd6e2bb40,721fcb708c40,232
721fd6e2bb40,72200d281000,232
721fd6e2bb40,721fa0b28380,358
721fac4eec80,721f924c8980,232
721fac4eec80,721fffa47880,230
721fac4eec80,721fc57e29c0,230
721fac4eec80,721fae8bc100,234
721fac4eec80,721fd3d70880,234
721fac4eec80,721fec712f80,234
721fac4eec80,721fcded6a40,232
721fac4eec80,721ffc081480,234
721fac4eec80,721fb4acfc40,230
721fac4eec80,721fd623f9c0,232
721fac4eec80,721fcb708c40,230
721fac4eec80,72200d281000,234
721fac4eec80,721fa0b28380,234
721fac4eec80,721ff60706c0,232
721fac4eec80,721fbf744a80,230
721fac4eec80,721ff829f000,232
721fac4eec80,721fcd328640,230
721fac4eec80,721fa326aac0,232
721fac4eec80,721fe6735ec0,230
721fac4eec80,721fc0ea9bc0,230
721fac4eec80,721fbe278c40,232
721fac4eec80,721f97ef9640,232
721fac4eec80,721f94390480,230
721fac4eec80,721fd0c990c0,358
721fb836b600,721f924c8980,232
721fb836b600,721fffa47880,242
721fb836b600,721fc57e29c0,236
721fb836b600,721fae8bc100,240
721fb836b600,721fd3d70880,234
721fb836b600,721fec712f80,236
721fb836b600,721fcded6a40,232
721fb836b600,721ffc081480,240
721fb836b600,721fb4acfc40,236
721fb836b600,721fd623f9c0,238
721fb836b600,721fcb708c40,232
721fb836b600,72200d281000,234
721fb836b600,721fa0b28380,234
721fb836b600,721ff60706c0,230
721fb836b600,721fbf744a80,232
721fb836b600,721ff829f000,228
721fb836b600,721fcd328640,234
721fb836b600,721fa326aac0,228
721fb836b600,721fe6735ec0,232
721fb836b600,721fc0ea9bc0,238
721fb836b600,721fbe278c40,240
721fb836b600,721f97ef9640,358
721f8ef5ba40,721f924c8980,230
721f8ef5ba40,721fffa47880,240
721f8ef5ba40,721fc57e29c0,236
721f8ef5ba40,721fae8bc100,364
721fdc83d540,721f924c8980,228
721fdc83d540,721fffa47880,236
721fdc83d540,721fc57e29c0,236
721fdc83d540,721fae8bc100,234
721fdc83d540,721fd3d70880,234
721fdc83d540,721fec712f80,236
721fdc83d540,721fcded6a40,232
721fdc83d540,721ffc081480,236
721fdc83d540,721fb4acfc40,236
721fdc83d540,721fd623f9c0,238
721fdc83d540,721fcb708c40,232
721fdc83d540,72200d281000,236
721fdc83d540,721fa0b28380,234
721fdc83d540,721ff60706c0,358
721fbbff4f40,721f924c8980,228
721fbbff4f40,721fffa47880,236
721fbbff4f40,721fc57e29c0,236
721fbbff4f40,721fae8bc100,362
721fc6bff640,721f924c8980,230
721fc6bff640,721fffa47880,232
721fc6bff640,721fc57e29c0,234
721fc6bff640,721fae8bc100,230
721fc6bff640,721fd3d70880,230
721fc6bff640,721fec712f80,232
721fc6bff640,721fcded6a40,232
721fc6bff640,721ffc081480,232
721fc6bff640,721fb4acfc40,234
721fc6bff640,721fd623f9c0,232
721fc6bff640,721fcb708c40,232
721fc6bff640,72200d281000,358
721fd315adc0,721f924c8980,232
721fd315adc0,721fffa47880,240
721fd315adc0,721fc57e29c0,234
721fd315adc0,721fae8bc100,240
721fd315adc0,721fd3d70880,236
721fd315adc0,721fec712f80,234
721fd315adc0,721fcded6a40,228
721fd315adc0,721ffc081480,240
721fd315adc0,721fb4acfc40,234
721fd315adc0,721fd623f9c0,240
721fd315adc0,721fcb708c40,230
721fd315adc0,72200d281000,236
721fd315adc0,721fa0b28380,236
721fd315adc0,721ff60706c0,232
721fd315adc0,721fbf744a80,230
721fd315adc0,721ff829f000,232
721fd315adc0,721fcd328640,358
721feb95e500,721f924c8980,228
721feb95e500,721fffa47880,238
721feb95e500,721fc57e29c0,236
721feb95e500,721fae8bc100,236
721feb95e500,721fd3d70880,234
721feb95e500,721fec712f80,236
721feb95e500,721fcded6a40,232
721feb95e500,721ffc081480,238
721feb95e500,721fb4acfc40,236
721feb95e500,721fd623f9c0,234
721feb95e500,721fcb708c40,232
721feb95e500,72200d281000,236
721feb95e500,721fa0b28380,234
721feb95e500,721ff60706c0,358
721f9ca4dc40,721f924c8980,232
721f9ca4dc40,721fffa47880,230
721f9ca4dc40,721fc57e29c0,232
721f9ca4dc40,721fae8bc100,232
721f9ca4dc40,721fd3d70880,232
721f9ca4dc40,721fec712f80,232
721f9ca4dc40,721fcded6a40,356
721fb5e24240,721f924c8980,228
721fb5e24240,721fffa47880,242
721fb5e24240,721fc57e29c0,236
721fb5e24240,721fae8bc100,240
721fb5e24240,721fd3d70880,234
721fb5e24240,721fec712f80,236
721fb5e24240,721fcded6a40,232
721fb5e24240,721ffc081480,238
721fb5e24240,721fb4acfc40,236
721fb5e24240,721fd623f9c0,238
721fb5e24240,721fcb708c40,232
721fb5e24240,72200d281000,234
721fb5e24240,721fa0b28380,362
722006e9c840,721f924c8980,356
721fce5374c0,721f924c8980,232
721fce5374c0,721fffa47880,242
721fce5374c0,721fc57e29c0,232
721fce5374c0,721fae8bc100,242
721fce5374c0,721fd3d70880,236
721fce5374c0,721fec712f80,234
721fce5374c0,721fcded6a40,230
721fce5374c0,721ffc081480,240
721fce5374c0,721fb4acfc40,232
721fce5374c0,721fd623f9c0,242
721fce5374c0,721fcb708c40,230
721fce5374c0,72200d281000,236
721fce5374c0,721fa0b28380,236
721fce5374c0,721ff60706c0,232
721fce5374c0,721fbf744a80,230
721fce5374c0,721ff829f000,232
721fce5374c0,721fcd328640,356
721fb5970c80,721f924c8980,228
721fb5970c80,721fffa47880,238
721fb5970c80,721fc57e29c0,234
721fb5970c80,721fae8bc100,364
721fdb958880,721f924c8980,232
721fdb958880,721fffa47880,234
721fdb958880,721fc57e29c0,232
721fdb958880,721fae8bc100,232
721fdb958880,721fd3d70880,230
721fdb958880,721fec712f80,234
721fdb958880,721fcded6a40,232
721fdb958880,721ffc081480,230
721fdb958880,721fb4acfc40,232
721fdb958880,721fd623f9c0,230
721fdb958880,721fcb708c40,232
721fdb958880,72200d281000,232
721fdb958880,721fa0b28380,230
721fdb958880,721ff60706c0,230
721fdb958880,721fbf744a80,232
721fdb958880,721ff829f000,230
721fdb958880,721fcd328640,232
721fdb958880,721fa326aac0,230
721fdb958880,721fe6735ec0,232
721fdb958880,721fc0ea9bc0,232
721fdb958880,721fbe278c40,230
721fdb958880,721f97ef9640,232
721fdb958880,721f94390480,234
721fdb958880,721fd0c990c0,234
721fdb958880,721f96e97640,358
721fac728d00,721f924c8980,232
721fac728d00,721fffa47880,240
721fac728d00,721fc57e29c0,234
721fac728d00,721fae8bc100,244
721fac728d00,721fd3d70880,236
721fac728d00,721fec712f80,234
721fac728d00,721fcded6a40,228
721fac728d00,721ffc081480,240
721fac728d00,721fb4acfc40,234
721fac728d00,721fd623f9c0,242
721fac728d00,721fcb708c40,230
721fac728d00,72200d281000,236
721fac728d00,721fa0b28380,236
721fac728d00,721ff60706c0,232
721fac728d00,721fbf744a80,230
721fac728d00,721ff829f000,232
721fac728d00,721fcd328640,358
721f9cc01580,721f924c8980,232
721f9cc01580,721fffa47880,236
721f9cc01580,721fc57e29c0,234
721f9cc01580,721fae8bc100,240
721f9cc01580,721fd3d70880,236
721f9cc01580,721fec712f80,234
721f9cc01580,721fcded6a40,230
721f9cc01580,721ffc081480,240
721f9cc01580,721fb4acfc40,236
721f9cc01580,721fd623f9c0,240
721f9cc01580,721fcb708c40,232
721f9cc01580,72200d281000,236
721f9cc01580,721fa0b28380,236
721f9cc01580,721ff60706c0,232
721f9cc01580,721fbf744a80,230
721f9cc01580,721ff829f000,232
721f9cc01580,721fcd328640,230
721f9cc01580,721fa326aac0,232
721f9cc01580,721fe6735ec0,230
721f9cc01580,721fc0ea9bc0,362
721f99da7540,721f924c8980,232
721f99da7540,721fffa47880,230
721f99da7540,721fc57e29c0,234
721f99da7540,721fae8bc100,232
721f99da7540,721fd3d70880,232
721f99da7540,721fec712f80,230
721f99da7540,721fcded6a40,228
721f99da7540,721ffc081480,232
721f99da7540,721fb4acfc40,230
721f99da7540,721fd623f9c0,234
721f99da7540,721fcb708c40,230
721f99da7540,72200d281000,232
721f99da7540,721fa0b28380,232
721f99da7540,721ff60706c0,232
721f99da7540,721fbf744a80,232
721f99da7540,721ff829f000,232
721f99da7540,721fcd328640,230
721f99da7540,721fa326aac0,232
721f99da7540,721fe6735ec0,232
721f99da7540,721fc0ea9bc0,232
721f99da7540,721fbe278c40,234
721f99da7540,721f97ef9640,232
721f99da7540,721f94390480,228
721f99da7540,721fd0c990c0,232
721f99da7540,721f96e97640,234
721f99da7540,721faccb7f40,230
721f99da7540,721f96156f40,234
721f99da7540,721fcc4c3180,232
721f99da7540,721fd27e6840,230
721f99da7540,721fae018dc0,358
7220006829c0,721f924c8980,230
7220006829c0,721fffa47880,232
7220006829c0,721fc57e29c0,234
7220006829c0,721fae8bc100,232
7220006829c0,721fd3d70880,358
721fd0cea000,721f924c8980,232
721fd0cea000,721fffa47880,230
721fd0cea000,721fc57e29c0,230
721fd0cea000,721fae8bc100,234
721fd0cea000,721fd3d70880,234
721fd0cea000,721fec712f80,234
721fd0cea000,721fcded6a40,356
721f9103cc80,721f924c8980,228
721f9103cc80,721fffa47880,238
721f9103cc80,721fc57e29c0,234
721f9103cc80,721fae8bc100,236
721f9103cc80,721fd3d70880,234
721f9103cc80,721fec712f80,236
721f9103cc80,721fcded6a40,232
721f9103cc80,721ffc081480,236
721f9103cc80,721fb4acfc40,234
721f9103cc80,721fd623f9c0,234
721f9103cc80,721fcb708c40,232
721f9103cc80,72200d281000,234
721f9103cc80,721fa0b28380,236
721f9103cc80,721ff60706c0,230
721f9103cc80,721fbf744a80,232
721f9103cc80,721ff829f000,358
721fcafd17c0,721f924c8980,232
721fcafd17c0,721fffa47880,230
721fcafd17c0,721fc57e29c0,230
721fcafd17c0,721fae8bc100,232
721fcafd17c0,721fd3d70880,232
721fcafd17c0,721fec712f80,234
721fcafd17c0,721fcded6a40,232
721fcafd17c0,721ffc081480,232
721fcafd17c0,721fb4acfc40,232
721fcafd17c0,721fd623f9c0,234
721fcafd17c0,721fcb708c40,230
721fcafd17c0,72200d281000,234
721fcafd17c0,721fa0b28380,232
721fcafd17c0,721ff60706c0,232
721fcafd17c0,721fbf744a80,230
721fcafd17c0,721ff829f000,232
721fcafd17c0,721fcd328640,230
721fcafd17c0,721fa326aac0,232
721fcafd17c0,721fe6735ec0,228
721fcafd17c0,721fc0ea9bc0,230
721fcafd17c0,721fbe278c40,234
721fcafd17c0,721f97ef9640,232
721fcafd17c0,721f94390480,230
721fcafd17c0,721fd0c990c0,232
721fcafd17c0,721f96e97640,234
721fcafd17c0,721faccb7f40,358
721ff17ddf00,721f924c8980,232
721ff17ddf00,721fffa47880,238
721ff17ddf00,721fc57e29c0,234
721ff17ddf00,721fae8bc100,242
721ff17ddf00,721fd3d70880,236
721ff17ddf00,721fec712f80,234
721ff17ddf00,721fcded6a40,228
721ff17ddf00,721ffc081480,242
721ff17ddf00,721fb4acfc40,236
721ff17ddf00,721fd623f9c0,240
721ff17ddf00,721fcb708c40,358
721fe04e2540,721f924c8980,232
721fe04e2540,721fffa47880,238
721fe04e2540,721fc57e29c0,236
721fe04e2540,721fae8bc100,242
721fe04e2540,721fd3d70880,236
721fe04e2540,721fec712f80,234
721fe04e2540,721fcded6a40,228
721fe04e2540,721ffc081480,242
721fe04e2540,721fb4acfc40,360
72200e3908c0,721f924c8980,232
72200e3908c0,721fffa47880,236
72200e3908c0,721fc57e29c0,232
72200e3908c0,721fae8bc100,238
72200e3908c0,721fd3d70880,236
72200e3908c0,721fec712f80,234
72200e3908c0,721fcded6a40,356
721fe5387300,721f924c8980,232
721fe5387300,721fffa47880,242
721fe5387300,721fc57e29c0,234
721fe5387300,721fae8bc100,242
721fe5387300,721fd3d70880,236
721fe5387300,721fec712f80,234
721fe5387300,721fcded6a40,228
721fe5387300,721ffc081480,242
721fe5387300,721fb4acfc40,234
721fe5387300,721fd623f9c0,242
721fe5387300,721fcb708c40,230
721fe5387300,72200d281000,236
721fe5387300,721fa0b28380,236
721fe5387300,721ff60706c0,232
721fe5387300,721fbf744a80,230
721fe5387300,721ff829f000,232
721fe5387300,721fcd328640,232
721fe5387300,721fa326aac0,232
721fe5387300,721fe6735ec0,228
721fe5387300,721fc0ea9bc0,234
721fe5387300,721fbe278c40,242
721fe5387300,721f97ef9640,232
721fe5387300,721f94390480,366
721fc3aa0c00,721f924c8980,356
721f96ffce40,721f924c8980,230
721f96ffce40,721fffa47880,242
721f96ffce40,721fc57e29c0,236
721f96ffce40,721fae8bc100,242
721f96ffce40,721fd3d70880,236
721f96ffce40,721fec712f80,236
721f96ffce40,721fcded6a40,232
721f96ffce40,721ffc081480,240
721f96ffce40,721fb4acfc40,236
721f96ffce40,721fd623f9c0,240
721f96ffce40,721fcb708c40,232
721f96ffce40,72200d281000,234
721f96ffce40,721fa0b28380,234
721f96ffce40,721ff60706c0,230
721f96ffce40,721fbf744a80,232
721f96ffce40,721ff829f000,230
721f96ffce40,721fcd328640,234
721f96ffce40,721fa326aac0,230
721f96ffce40,721fe6735ec0,232
721f96ffce40,721fc0ea9bc0,238
721f96ffce40,721fbe278c40,366
721fc199a5c0,721f924c8980,232
721fc199a5c0,721fffa47880,236
721fc199a5c0,721fc57e29c0,234
721fc199a5c0,721fae8bc100,238
721fc199a5c0,721fd3d70880,236
721fc199a5c0,721fec712f80,236
721fc199a5c0,721fcded6a40,232
721fc199a5c0,721ffc081480,240
721fc199a5c0,721fb4acfc40,234
721fc199a5c0,721fd623f9c0,240
721fc199a5c0,721fcb708c40,230
721fc199a5c0,72200d281000,236
721fc199a5c0,721fa0b28380,236
721fc199a5c0,721ff60706c0,232
721fc199a5c0,721fbf744a80,230
721fc199a5c0,721ff829f000,232
721fc199a5c0,721fcd328640,230
721fc199a5c0,721fa326aac0,232
721fc199a5c0,721fe6735ec0,228
721fc199a5c0,721fc0ea9bc0,234
721fc199a5c0,721fbe278c40,240
721fc199a5c0,721f97ef9640,232
721fc199a5c0,721f94390480,236
721fc199a5c0,721fd0c990c0,236
721fc199a5c0,721f96e97640,240
721fc199a5c0,721faccb7f40,366
721fca528280,721f924c8980,228
721fca528280,721fffa47880,240
721fca528280,721fc57e29c0,236
721fca528280,721fae8bc100,240
721fca528280,721fd3d70880,234
721fca528280,721fec712f80,236
721fca528280,721fcded6a40,232
721fca528280,721ffc081480,242
721fca528280,721fb4acfc40,236
721fca528280,721fd623f9c0,238
721fca528280,721fcb708c40,232
721fca528280,72200d281000,236
721fca528280,721fa0b28380,234
721fca528280,721ff60706c0,232
721fca528280,721fbf744a80,232
721fca528280,721ff829f000,228
721fca528280,721fcd328640,232
721fca528280,721fa326aac0,230
721fca528280,721fe6735ec0,232
721fca528280,721fc0ea9bc0,238
721fca528280,721fbe278c40,240
721fca528280,721f97ef9640,228
721fca528280,721f94390480,242
721fca528280,721fd0c990c0,236
721fca528280,721f96e97640,240
721fca528280,721faccb7f40,242
721fca528280,721f96156f40,234
721fca528280,721fcc4c3180,234
721fca528280,721fd27e6840,232
721fca528280,721fae018dc0,232
721fca528280,721fca6ddc40,362
721fb28c3080,721f924c8980,228
721fb28c3080,721fffa47880,242
721fb28c3080,721fc57e29c0,236
721fb28c3080,721fae8bc100,242
721fb28c3080,721fd3d70880,360
7220099c6140,721f924c8980,232
7220099c6140,721fffa47880,358
721fe7c16f00,721f924c8980,230
721fe7c16f00,721fffa47880,240
721fe7c16f00,721fc57e29c0,236
721fe7c16f00,721fae8bc100,240
721fe7c16f00,721fd3d70880,234
721fe7c16f00,721fec712f80,238
721fe7c16f00,721fcded6a40,232
721fe7c16f00,721ffc081480,242
721fe7c16f00,721fb4acfc40,236
721fe7c16f00,721fd623f9c0,238
721fe7c16f00,721fcb708c40,234
721fe7c16f00,72200d281000,236
721fe7c16f00,721fa0b28380,234
721fe7c16f00,721ff60706c0,232
721fe7c16f00,721fbf744a80,232
721fe7c16f00,721ff829f000,228
721fe7c16f00,721fcd328640,234
721fe7c16f00,721fa326aac0,230
721fe7c16f00,721fe6735ec0,232
721fe7c16f00,721fc0ea9bc0,238
721fe7c16f00,721fbe278c40,240
721fe7c16f00,721f97ef9640,230
721fe7c16f00,721f94390480,242
721fe7c16f00,721fd0c990c0,236
721fe7c16f00,721f96e97640,240
721fe7c16f00,721faccb7f40,240
721fe7c16f00,721f96156f40,234
721fe7c16f00,721fcc4c3180,234
721fe7c16f00,721fd27e6840,232
721fe7c16f00,721fae018dc0,232
721fe7c16f00,721fca6ddc40,362
721fdbe2e6c0,721f924c8980,232
721fdbe2e6c0,721fffa47880,240
721fdbe2e6c0,721fc57e29c0,236
721fdbe2e6c0,721fae8bc100,240
721fdbe2e6c0,721fd3d70880,234
721fdbe2e6c0,721fec712f80,236
721fdbe2e6c0,721fcded6a40,232
721fdbe2e6c0,721ffc081480,240
721fdbe2e6c0,721fb4acfc40,236
721fdbe2e6c0,721fd623f9c0,238
721fdbe2e6c0,721fcb708c40,234
721fdbe2e6c0,72200d281000,234
721fdbe2e6c0,721fa0b28380,234
721fdbe2e6c0,721ff60706c0,230
721fdbe2e6c0,721fbf744a80,234
721fdbe2e6c0,721ff829f000,230
721fdbe2e6c0,721fcd328640,234
721fdbe2e6c0,721fa326aac0,230
721fdbe2e6c0,721fe6735ec0,232
721fdbe2e6c0,721fc0ea9bc0,238
721fdbe2e6c0,721fbe278c40,240
721fdbe2e6c0,721f97ef9640,232
721fdbe2e6c0,721f94390480,240
721fdbe2e6c0,721fd0c990c0,236
721fdbe2e6c0,721f96e97640,242
721fdbe2e6c0,721faccb7f40,242
721fdbe2e6c0,721f96156f40,234
721fdbe2e6c0,721fcc4c3180,362
722009b21b80,721f924c8980,232
722009b21b80,721fffa47880,236
722009b21b80,721fc57e29c0,234
722009b21b80,721fae8bc100,240
722009b21b80,721fd3d70880,236
722009b21b80,721fec712f80,234
722009b21b80,721fcded6a40,230
722009b21b80,721ffc081480,240
722009b21b80,721fb4acfc40,236
722009b21b80,721fd623f9c0,240
722009b21b80,721fcb708c40,232
722009b21b80,72200d281000,236
722009b21b80,721fa0b28380,236
722009b21b80,721ff60706c0,232
722009b21b80,721fbf744a80,230
722009b21b80,721ff829f000,232
722009b21b80,721fcd328640,230
722009b21b80,721fa326aac0,232
722009b21b80,721fe6735ec0,230
722009b21b80,721fc0ea9bc0,364
721fb5654480,721f924c8980,232
721fb5654480,721fffa47880,360
722009023600,721f924c8980,232
722009023600,721fffa47880,240
722009023600,721fc57e29c0,234
722009023600,721fae8bc100,242
722009023600,721fd3d70880,236
722009023600,721fec712f80,236
722009023600,721fcded6a40,228
722009023600,721ffc081480,240
722009023600,721fb4acfc40,234
722009023600,721fd623f9c0,242
722009023600,721fcb708c40,230
722009023600,72200d281000,236
722009023600,721fa0b28380,236
722009023600,721ff60706c0,232
722009023600,721fbf744a80,230
722009023600,721ff829f000,232
722009023600,721fcd328640,232
722009023600,721fa326aac0,232
722009023600,721fe6735ec0,228
722009023600,721fc0ea9bc0,234
722009023600,721fbe278c40,242
722009023600,721f97ef9640,232
722009023600,721f94390480,366
721fc1921200,721f924c8980,228
721fc1921200,721fffa47880,238
721fc1921200,721fc57e29c0,234
721fc1921200,721fae8bc100,364
721ff99af240,721f924c8980,232
721ff99af240,721fffa47880,238
721ff99af240,721fc57e29c0,232
721ff99af240,721fae8bc100,242
721ff99af240,721fd3d70880,236
721ff99af240,721fec712f80,236
721ff99af240,721fcded6a40,232
721ff99af240,721ffc081480,240
721ff99af240,721fb4acfc40,232
721ff99af240,721fd623f9c0,242
721ff99af240,721fcb708c40,230
721ff99af240,72200d281000,236
721ff99af240,721fa0b28380,236
721ff99af240,721ff60706c0,232
721ff99af240,721fbf744a80,230
721ff99af240,721ff829f000,232
721ff99af240,721fcd328640,230
721ff99af240,721fa326aac0,232
721ff99af240,721fe6735ec0,228
721ff99af240,721fc0ea9bc0,234
721ff99af240,721fbe278c40,242
721ff99af240,721f97ef9640,232
721ff99af240,721f94390480,238
721ff99af240,721fd0c990c0,362
721fe5b81b00,721f924c8980,358
721fcf56ee40,721f924c8980,228
721fcf56ee40,721fffa47880,232
721fcf56ee40,721fc57e29c0,234
721fcf56ee40,721fae8bc100,232
721fcf56ee40,721fd3d70880,232
721fcf56ee40,721fec712f80,234
721fcf56ee40,721fcded6a40,232
721fcf56ee40,721ffc081480,358
721fa09d34c0,721f924c8980,230
721fa09d34c0,721fffa47880,362
721fddc1e380,721f924c8980,232
721fddc1e380,721fffa47880,232
721fddc1e380,721fc57e29c0,234
721fddc1e380,721fae8bc100,236
721fddc1e380,721fd3d70880,234
721fddc1e380,721fec712f80,232
721fddc1e380,721fcded6a40,228
721fddc1e380,721ffc081480,234
721fddc1e380,721fb4acfc40,232
721fddc1e380,721fd623f9c0,234
721fddc1e380,721fcb708c40,230
721fddc1e380,72200d281000,236
721fddc1e380,721fa0b28380,234
721fddc1e380,721ff60706c0,232
721fddc1e380,721fbf744a80,360
72200eca6340,721f924c8980,232
72200eca6340,721fffa47880,232
72200eca6340,721fc57e29c0,360
721fc7544180,721f924c8980,228
721fc7544180,721fffa47880,234
721fc7544180,721fc57e29c0,234
721fc7544180,721fae8bc100,230
721fc7544180,721fd3d70880,230
721fc7544180,721fec712f80,234
721fc7544180,721fcded6a40,232
721fc7544180,721ffc081480,234
721fc7544180,721fb4acfc40,234
721fc7544180,721fd623f9c0,230
721fc7544180,721fcb708c40,232
721fc7544180,72200d281000,234
721fc7544180,721fa0b28380,230
721fc7544180,721ff60706c0,358
721faa776c40,721f924c8980,232
721faa776c40,721fffa47880,234
721faa776c40,721fc57e29c0,234
721faa776c40,721fae8bc100,232
721faa776c40,721fd3d70880,232
721faa776c40,721fec712f80,234
721faa776c40,721fcded6a40,232
721faa776c40,721ffc081480,232
721faa776c40,721fb4acfc40,234
721faa776c40,721fd623f9c0,232
721faa776c40,721fcb708c40,232
721faa776c40,72200d281000,232
721faa776c40,721fa0b28380,232
721faa776c40,721ff60706c0,232
721faa776c40,721fbf744a80,232
721faa776c40,721ff829f000,228
721faa776c40,721fcd328640,232
721faa776c40,721fa326aac0,230
721faa776c40,721fe6735ec0,232
721faa776c40,721fc0ea9bc0,234
721faa776c40,721fbe278c40,232
721faa776c40,721f97ef9640,232
721faa776c40,721f94390480,234
721faa776c40,721fd0c990c0,234
721faa776c40,721f96e97640,234
721faa776c40,721faccb7f40,234
721faa776c40,721f96156f40,232
721faa776c40,721fcc4c3180,360
721fac5cf040,721f924c8980,232
721fac5cf040,721fffa47880,238
721fac5cf040,721fc57e29c0,236
721fac5cf040,721fae8bc100,242
721fac5cf040,721fd3d70880,236
721fac5cf040,721fec712f80,234
721fac5cf040,721fcded6a40,230
721fac5cf040,721ffc081480,240
721fac5cf040,721fb4acfc40,232
721fac5cf040,721fd623f9c0,242
721fac5cf040,721fcb708c40,230
721fac5cf040,72200d281000,236
721fac5cf040,721fa0b28380,236
721fac5cf040,721ff60706c0,232
721fac5cf040,721fbf744a80,358
721fd5345700,721f924c8980,228
721fd5345700,721fffa47880,240
721fd5345700,721fc57e29c0,236
721fd5345700,721fae8bc100,236
721fd5345700,721fd3d70880,234
721fd5345700,721fec712f80,236
721fd5345700,721fcded6a40,232
721fd5345700,721ffc081480,236
721fd5345700,721fb4acfc40,236
721fd5345700,721fd623f9c0,236
721fd5345700,721fcb708c40,232
721fd5345700,72200d281000,234
721fd5345700,721fa0b28380,236
721fd5345700,721ff60706c0,230
721fd5345700,721fbf744a80,234
721fd5345700,721ff829f000,232
721fd5345700,721fcd328640,232
721fd5345700,721fa326aac0,232
721fd5345700,721fe6735ec0,232
721fd5345700,721fc0ea9bc0,238
721fd5345700,721fbe278c40,236
721fd5345700,721f97ef9640,230
721fd5345700,721f94390480,240
721fd5345700,721fd0c990c0,236
721fd5345700,721f96e97640,236
721fd5345700,721faccb7f40,240
721fd5345700,721f96156f40,360
721fb571e180,721f924c8980,230
721fb571e180,721fffa47880,234
721fb571e180,721fc57e29c0,234
721fb571e180,721fae8bc100,232
721fb571e180,721fd3d70880,232
721fb571e180,721fec712f80,234
721fb571e180,721fcded6a40,232
721fb571e180,721ffc081480,234
721fb571e180,721fb4acfc40,234
721fb571e180,721fd623f9c0,230
721fb571e180,721fcb708c40,232
721fb571e180,72200d281000,360
721f9de51a00,721f924c8980,232
721f9de51a00,721fffa47880,230
721f9de51a00,721fc57e29c0,230
721f9de51a00,721fae8bc100,234
721f9de51a00,721fd3d70880,234
721f9de51a00,721fec712f80,358
721f9722f700,721f924c8980,230
721f9722f700,721fffa47880,234
721f9722f700,721fc57e29c0,234
721f9722f700,721fae8bc100,234
721f9722f700,721fd3d70880,234
721f9722f700,721fec712f80,234
721f9722f700,721fcded6a40,232
721f9722f700,721ffc081480,232
721f9722f700,721fb4acfc40,234
721f9722f700,721fd623f9c0,358
721fb795ae40,721f924c8980,228
721fb795ae40,721fffa47880,240
721fb795ae40,721fc57e29c0,236
721fb795ae40,721fae8bc100,234
721fb795ae40,721fd3d70880,234
721fb795ae40,721fec712f80,236
721fb795ae40,721fcded6a40,232
721fb795ae40,721ffc081480,240
721fb795ae40,721fb4acfc40,236
721fb795ae40,721fd623f9c0,238
721fb795ae40,721fcb708c40,232
721fb795ae40,72200d281000,236
721fb795ae40,721fa0b28380,234
721fb795ae40,721ff60706c0,358
721fda023200,721f924c8980,232
721fda023200,721fffa47880,238
721fda023200,721fc57e29c0,236
721fda023200,721fae8bc100,240
721fda023200,721fd3d70880,236
721fda023200,721fec712f80,234
721fda023200,721fcded6a40,228
721fda023200,721ffc081480,240
721fda023200,721fb4acfc40,234
721fda023200,721fd623f9c0,240
721fda023200,721fcb708c40,230
721fda023200,72200d281000,236
721fda023200,721fa0b28380,236
721fda023200,721ff60706c0,232
721fda023200,721fbf744a80,232
721fda023200,721ff829f000,232
721fda023200,721fcd328640,230
721fda023200,721fa326aac0,232
721fda023200,721fe6735ec0,358
721ff9c0d600,721f924c8980,232
721ff9c0d600,721fffa47880,240
721ff9c0d600,721fc57e29c0,236
721ff9c0d600,721fae8bc100,240
721ff9c0d600,721fd3d70880,234
721ff9c0d600,721fec712f80,236
721ff9c0d600,721fcded6a40,232
721ff9c0d600,721ffc081480,238
721ff9c0d600,721fb4acfc40,236
721ff9c0d600,721fd623f9c0,240
721ff9c0d600,721fcb708c40,234
721ff9c0d600,72200d281000,234
721ff9c0d600,721fa0b28380,234
721ff9c0d600,721ff60706c0,230
721ff9c0d600,721fbf744a80,232
721ff9c0d600,721ff829f000,230
721ff9c0d600,721fcd328640,232
721ff9c0d600,721fa326aac0,230
721ff9c0d600,721fe6735ec0,232
721ff9c0d600,721fc0ea9bc0,238
721ff9c0d600,721fbe278c40,240
721ff9c0d600,721f97ef9640,232
721ff9c0d600,721f94390480,242
721ff9c0d600,721fd0c990c0,236
721ff9c0d600,721f96e97640,242
721ff9c0d600,721faccb7f40,240
721ff9c0d600,721f96156f40,234
721ff9c0d600,721fcc4c3180,362
72200903d380,721f924c8980,232
72200903d380,721fffa47880,240
72200903d380,721fc57e29c0,234
72200903d380,721fae8bc100,242
72200903d380,721fd3d70880,236
72200903d380,721fec712f80,234
72200903d380,721fcded6a40,230
72200903d380,721ffc081480,242
72200903d380,721fb4acfc40,236
72200903d380,721fd623f9c0,240
72200903d380,721fcb708c40,356
721fd95b3ac0,721f924c8980,230
721fd95b3ac0,721fffa47880,240
721fd95b3ac0,721fc57e29c0,236
721fd95b3ac0,721fae8bc100,238
721fd95b3ac0,721fd3d70880,234
721fd95b3ac0,721fec712f80,236
721fd95b3ac0,721fcded6a40,232
721fd95b3ac0,721ffc081480,240
721fd95b3ac0,721fb4acfc40,236
721fd95b3ac0,721fd623f9c0,238
721fd95b3ac0,721fcb708c40,234
721fd95b3ac0,72200d281000,234
721fd95b3ac0,721fa0b28380,236
721fd95b3ac0,721ff60706c0,230
721fd95b3ac0,721fbf744a80,232
721fd95b3ac0,721ff829f000,230
721fd95b3ac0,721fcd328640,234
721fd95b3ac0,721fa326aac0,232
721fd95b3ac0,721fe6735ec0,232
721fd95b3ac0,721fc0ea9bc0,238
721fd95b3ac0,721fbe278c40,240
721fd95b3ac0,721f97ef9640,230
721fd95b3ac0,721f94390480,240
721fd95b3ac0,721fd0c990c0,236
721fd95b3ac0,721f96e97640,240
721fd95b3ac0,721faccb7f40,240
721fd95b3ac0,721f96156f40,362
721fd0194940,721f924c8980,232
721fd0194940,721fffa47880,234
721fd0194940,721fc57e29c0,234
721fd0194940,721fae8bc100,232
721fd0194940,721fd3d70880,232
721fd0194940,721fec712f80,234
721fd0194940,721fcded6a40,232
721fd0194940,721ffc081480,232
721fd0194940,721fb4acfc40,234
721fd0194940,721fd623f9c0,232
721fd0194940,721fcb708c40,232
721fd0194940,72200d281000,232
721fd0194940,721fa0b28380,232
721fd0194940,721ff60706c0,232
721fd0194940,721fbf744a80,232
721fd0194940,721ff829f000,230
721fd0194940,721fcd328640,232
721fd0194940,721fa326aac0,230
721fd0194940,721fe6735ec0,232
721fd0194940,721fc0ea9bc0,234
721fd0194940,721fbe278c40,232
721fd0194940,721f97ef9640,232
721fd0194940,721f94390480,234
721fd0194940,721fd0c990c0,234
721fd0194940,721f96e97640,360
721fbdcddfc0,721f924c8980,230
721fbdcddfc0,721fffa47880,240
721fbdcddfc0,721fc57e29c0,236
721fbdcddfc0,721fae8bc100,242
721fbdcddfc0,721fd3d70880,236
721fbdcddfc0,721fec712f80,236
721fbdcddfc0,721fcded6a40,232
721fbdcddfc0,721ffc081480,238
721fbdcddfc0,721fb4acfc40,238
721fbdcddfc0,721fd623f9c0,366
721fe17b0940,721f924c8980,230
721fe17b0940,721fffa47880,232
721fe17b0940,721fc57e29c0,234
721fe17b0940,721fae8bc100,232
721fe17b0940,721fd3d70880,232
721fe17b0940,721fec712f80,234
721fe17b0940,721fcded6a40,232
721fe17b0940,721ffc081480,358
722002d2ef40,721f924c8980,232
722002d2ef40,721fffa47880,358
721ff9406240,721f924c8980,228
721ff9406240,721fffa47880,240
721ff9406240,721fc57e29c0,236
721ff9406240,721fae8bc100,242
721ff9406240,721fd3d70880,362
722005273a00,721f924c8980,228
722005273a00,721fffa47880,242
722005273a00,721fc57e29c0,236
722005273a00,721fae8bc100,240
722005273a00,721fd3d70880,234
722005273a00,721fec712f80,236
722005273a00,721fcded6a40,232
722005273a00,721ffc081480,238
722005273a00,721fb4acfc40,236
722005273a00,721fd623f9c0,238
722005273a00,721fcb708c40,232
722005273a00,72200d281000,234
722005273a00,721fa0b28380,236
722005273a00,721ff60706c0,230
722005273a00,721fbf744a80,232
722005273a00,721ff829f000,356
721ffd8f5080,721f924c8980,232
721ffd8f5080,721fffa47880,232
721ffd8f5080,721fc57e29c0,232
721ffd8f5080,721fae8bc100,236
721ffd8f5080,721fd3d70880,234
721ffd8f5080,721fec712f80,232
721ffd8f5080,721fcded6a40,230
721ffd8f5080,721ffc081480,234
721ffd8f5080,721fb4acfc40,234
721ffd8f5080,721fd623f9c0,232
721ffd8f5080,721fcb708c40,232
721ffd8f5080,72200d281000,236
721ffd8f5080,721fa0b28380,234
721ffd8f5080,721ff60706c0,232
721ffd8f5080,721fbf744a80,232
721ffd8f5080,721ff829f000,232
721ffd8f5080,721fcd328640,232
721ffd8f5080,721fa326aac0,232
721ffd8f5080,721fe6735ec0,230
721ffd8f5080,721fc0ea9bc0,234
721ffd8f5080,721fbe278c40,236
721ffd8f5080,721f97ef9640,232
721ffd8f5080,721f94390480,232
721ffd8f5080,721fd0c990c0,232
721ffd8f5080,721f96e97640,234
721ffd8f5080,721faccb7f40,230
721ffd8f5080,721f96156f40,234
721ffd8f5080,721fcc4c3180,234
721ffd8f5080,721fd27e6840,230
721ffd8f5080,721fae018dc0,230
721ffd8f5080,721fca6ddc40,234
721ffd8f5080,721fd9682240,358
721fd221d180,721f924c8980,230
721fd221d180,721fffa47880,234
721fd221d180,721fc57e29c0,234
721fd221d180,721fae8bc100,234
721fd221d180,721fd3d70880,360
721fd22a20c0,721f924c8980,358
721ff8616c00,721f924c8980,230
721ff8616c00,721fffa47880,240
721ff8616c00,721fc57e29c0,236
721ff8616c00,721fae8bc100,240
721ff8616c00,721fd3d70880,234
721ff8616c00,721fec712f80,236
721ff8616c00,721fcded6a40,232
721ff8616c00,721ffc081480,366
721ff8a71640,721f924c8980,230
721ff8a71640,721fffa47880,240
721ff8a71640,721fc57e29c0,236
721ff8a71640,721fae8bc100,234
721ff8a71640,721fd3d70880,234
721ff8a71640,721fec712f80,236
721ff8a71640,721fcded6a40,232
721ff8a71640,721ffc081480,236
721ff8a71640,721fb4acfc40,236
721ff8a71640,721fd623f9c0,238
721ff8a71640,721fcb708c40,232
721ff8a71640,72200d281000,234
721ff8a71640,721fa0b28380,236
721ff8a71640,721ff60706c0,230
721ff8a71640,721fbf744a80,232
721ff8a71640,721ff829f000,232
721ff8a71640,721fcd328640,232
721ff8a71640,721fa326aac0,232
721ff8a71640,721fe6735ec0,232
721ff8a71640,721fc0ea9bc0,238
721ff8a71640,721fbe278c40,236
721ff8a71640,721f97ef9640,230
721ff8a71640,721f94390480,240
721ff8a71640,721fd0c990c0,236
721ff8a71640,721f96e97640,236
721ff8a71640,721faccb7f40,240
721ff8a71640,721f96156f40,362
721fcc4c56c0,721f924c8980,232
721fcc4c56c0,721fffa47880,240
721fcc4c56c0,721fc57e29c0,236
721fcc4c56c0,721fae8bc100,238
721fcc4c56c0,721fd3d70880,234
721fcc4c56c0,721fec712f80,236
721fcc4c56c0,721fcded6a40,232
721fcc4c56c0,721ffc081480,238
721fcc4c56c0,721fb4acfc40,236
721fcc4c56c0,721fd623f9c0,238
721fcc4c56c0,721fcb708c40,232
721fcc4c56c0,72200d281000,234
721fcc4c56c0,721fa0b28380,234
721fcc4c56c0,721ff60706c0,230
721fcc4c56c0,721fbf744a80,234
721fcc4c56c0,721ff829f000,230
721fcc4c56c0,721fcd328640,232
721fcc4c56c0,721fa326aac0,230
721fcc4c56c0,721fe6735ec0,232
721fcc4c56c0,721fc0ea9bc0,238
721fcc4c56c0,721fbe278c40,240
721fcc4c56c0,721f97ef9640,358
721fab137e00,721f924c8980,232
721fab137e00,721fffa47880,232
721fab137e00,721fc57e29c0,232
721fab137e00,721fae8bc100,234
721fab137e00,721fd3d70880,234
721fab137e00,721fec712f80,234
721fab137e00,721fcded6a40,232
721fab137e00,721ffc081480,234
721fab137e00,721fb4acfc40,232
721fab137e00,721fd623f9c0,232
721fab137e00,721fcb708c40,230
721fab137e00,72200d281000,234
721fab137e00,721fa0b28380,234
721fab137e00,721ff60706c0,232
721fab137e00,721fbf744a80,232
721fab137e00,721ff829f000,232
721fab137e00,721fcd328640,232
721fab137e00,721fa326aac0,232
721fab137e00,721fe6735ec0,230
721fab137e00,721fc0ea9bc0,230
721fab137e00,721fbe278c40,234
721fab137e00,721f97ef9640,232
721fab137e00,721f94390480,232
721fab137e00,721fd0c990c0,234
721fab137e00,721f96e97640,234
721fab137e00,721faccb7f40,358
721fe3620880,721f924c8980,230
721fe3620880,721fffa47880,238
721fe3620880,721fc57e29c0,234
721fe3620880,721fae8bc100,240
721fe3620880,721fd3d70880,236
721fe3620880,721fec712f80,236
721fe3620880,721fcded6a40,232
721fe3620880,721ffc081480,240
721fe3620880,721fb4acfc40,234
721fe3620880,721fd623f9c0,240
721fe3620880,721fcb708c40,230
721fe3620880,72200d281000,236
721fe3620880,721fa0b28380,236
721fe3620880,721ff60706c0,232
721fe3620880,721fbf744a80,228
721fe3620880,721ff829f000,230
721fe3620880,721fcd328640,230
721fe3620880,721fa326aac0,232
721fe3620880,721fe6735ec0,230
721fe3620880,721fc0ea9bc0,234
721fe3620880,721fbe278c40,240
721fe3620880,721f97ef9640,232
721fe3620880,721f94390480,238
721fe3620880,721fd0c990c0,236
721fe3620880,721f96e97640,240
721fe3620880,721faccb7f40,364
721fa3247200,721f924c8980,228
721fa3247200,721fffa47880,242
721fa3247200,721fc57e29c0,236
721fa3247200,721fae8bc100,240
721fa3247200,721fd3d70880,234
721fa3247200,721fec712f80,236
721fa3247200,721fcded6a40,232
721fa3247200,721ffc081480,242
721fa3247200,721fb4acfc40,236
721fa3247200,721fd623f9c0,238
721fa3247200,721fcb708c40,232
721fa3247200,72200d281000,236
721fa3247200,721fa0b28380,234
721fa3247200,721ff60706c0,232
721fa3247200,721fbf744a80,232
721fa3247200,721ff829f000,228
721fa3247200,721fcd328640,232
721fa3247200,721fa326aac0,228
721fa3247200,721fe6735ec0,232
721fa3247200,721fc0ea9bc0,238
721fa3247200,721fbe278c40,240
721fa3247200,721f97ef9640,228
721fa3247200,721f94390480,242
721fa3247200,721fd0c990c0,236
721fa3247200,721f96e97640,240
721fa3247200,721faccb7f40,242
721fa3247200,721f96156f40,234
721fa3247200,721fcc4c3180,234
721fa3247200,721fd27e6840,232
721fa3247200,721fae018dc0,232
721fa3247200,721fca6ddc40,360
721feb8a6c80,721f924c8980,232
721feb8a6c80,721fffa47880,232
721feb8a6c80,721fc57e29c0,232
721feb8a6c80,721fae8bc100,236
721feb8a6c80,721fd3d70880,234
721feb8a6c80,721fec712f80,232
721feb8a6c80,721fcded6a40,230
721feb8a6c80,721ffc081480,234
721feb8a6c80,721fb4acfc40,234
721feb8a6c80,721fd623f9c0,232
721feb8a6c80,721fcb708c40,358
721ff51f3d80,721f924c8980,232
721ff51f3d80,721fffa47880,230
721ff51f3d80,721fc57e29c0,232
721ff51f3d80,721fae8bc100,234
721ff51f3d80,721fd3d70880,234
721ff51f3d80,721fec712f80,230
721ff51f3d80,721fcded6a40,228
721ff51f3d80,721ffc081480,234
721ff51f3d80,721fb4acfc40,230
721ff51f3d80,721fd623f9c0,232
721ff51f3d80,721fcb708c40,230
721ff51f3d80,72200d281000,234
721ff51f3d80,721fa0b28380,234
721ff51f3d80,721ff60706c0,232
721ff51f3d80,721fbf744a80,358
721ff2065580,721f924c8980,232
721ff2065580,721fffa47880,238
721ff2065580,721fc57e29c0,234
721ff2065580,721fae8bc100,244
721ff2065580,721fd3d70880,236
721ff2065580,721fec712f80,234
721ff2065580,721fcded6a40,228
721ff2065580,721ffc081480,240
721ff2065580,721fb4acfc40,236
721ff2065580,721fd623f9c0,242
721ff2065580,721fcb708c40,232
721ff2065580,72200d281000,236
721ff2065580,721fa0b28380,236
721ff2065580,721ff60706c0,232
721ff2065580,721fbf744a80,230
721ff2065580,721ff829f000,232
721ff2065580,721fcd328640,230
721ff2065580,721fa326aac0,232
721ff2065580,721fe6735ec0,230
721ff2065580,721fc0ea9bc0,364
721feb74cfc0,721f924c8980,232
721feb74cfc0,721fffa47880,230
721feb74cfc0,721fc57e29c0,230
721feb74cfc0,721fae8bc100,232
721feb74cfc0,721fd3d70880,232
721feb74cfc0,721fec712f80,234
721feb74cfc0,721fcded6a40,356
721fad937f00,721f924c8980,230
721fad937f00,721fffa47880,240
721fad937f00,721fc57e29c0,236
721fad937f00,721fae8bc100,238
721fad937f00,721fd3d70880,234
721fad937f00,721fec712f80,236
721fad937f00,721fcded6a40,232
721fad937f00,721ffc081480,238
721fad937f00,721fb4acfc40,236
721fad937f00,721fd623f9c0,236
721fad937f00,721fcb708c40,232
721fad937f00,72200d281000,234
721fad937f00,721fa0b28380,234
721fad937f00,721ff60706c0,230
721fad937f00,721fbf744a80,232
721fad937f00,721ff829f000,228
721fad937f00,721fcd328640,232
721fad937f00,721fa326aac0,230
721fad937f00,721fe6735ec0,232
721fad937f00,721fc0ea9bc0,238
721fad937f00,721fbe278c40,236
721fad937f00,721f97ef9640,358
72200d9dc200,721f924c8980,232
72200d9dc200,721fffa47880,238
72200d9dc200,721fc57e29c0,234
72200d9dc200,721fae8bc100,238
72200d9dc200,721fd3d70880,236
72200d9dc200,721fec712f80,234
72200d9dc200,721fcded6a40,230
72200d9dc200,721ffc081480,238
72200d9dc200,721fb4acfc40,234
72200d9dc200,721fd623f9c0,236
72200d9dc200,721fcb708c40,230
72200d9dc200,72200d281000,236
72200d9dc200,721fa0b28380,236
72200d9dc200,721ff60706c0,232
72200d9dc200,721fbf744a80,228
72200d9dc200,721ff829f000,232
72200d9dc200,721fcd328640,232
72200d9dc200,721fa326aac0,232
72200d9dc200,721fe6735ec0,230
72200d9dc200,721fc0ea9bc0,234
72200d9dc200,721fbe278c40,236
72200d9dc200,721f97ef9640,232
72200d9dc200,721f94390480,364
722008f1c000,721f924c8980,228
722008f1c000,721fffa47880,240
722008f1c000,721fc57e29c0,236
722008f1c000,721fae8bc100,368
721ff3e7d600,721f924c8980,356
721fb42fa380,721f924c8980,232
721fb42fa380,721fffa47880,238
721fb42fa380,721fc57e29c0,236
721fb42fa380,721fae8bc100,242
721fb42fa380,721fd3d70880,236
721fb42fa380,721fec712f80,234
721fb42fa380,721fcded6a40,228
721fb42fa380,721ffc081480,242
721fb42fa380,721fb4acfc40,234
721fb42fa380,721fd623f9c0,240
721fb42fa380,721fcb708c40,232
721fb42fa380,72200d281000,236
721fb42fa380,721fa0b28380,236
721fb42fa380,721ff60706c0,232
721fb42fa380,721fbf744a80,358
721f97f6da40,721f924c8980,232
721f97f6da40,721fffa47880,242
721f97f6da40,721fc57e29c0,234
721f97f6da40,721fae8bc100,242
721f97f6da40,721fd3d70880,236
721f97f6da40,721fec712f80,234
721f97f6da40,721fcded6a40,230
721f97f6da40,721ffc081480,240
721f97f6da40,721fb4acfc40,234
721f97f6da40,721fd623f9c0,240
721f97f6da40,721fcb708c40,230
721f97f6da40,72200d281000,236
721f97f6da40,721fa0b28380,236
721f97f6da40,721ff60706c0,232
721f97f6da40,721fbf744a80,230
721f97f6da40,721ff829f000,232
721f97f6da40,721fcd328640,358
721ffc2acd40,721f924c8980,230
721ffc2acd40,721fffa47880,242
721ffc2acd40,721fc57e29c0,236
721ffc2acd40,721fae8bc100,240
721ffc2acd40,721fd3d70880,232
721ffc2acd40,721fec712f80,236
721ffc2acd40,721fcded6a40,232
721ffc2acd40,721ffc081480,240
721ffc2acd40,721fb4acfc40,236
721ffc2acd40,721fd623f9c0,238
721ffc2acd40,721fcb708c40,232
721ffc2acd40,72200d281000,236
721ffc2acd40,721fa0b28380,232
721ffc2acd40,721ff60706c0,234
721ffc2acd40,721fbf744a80,232
721ffc2acd40,721ff829f000,228
721ffc2acd40,721fcd328640,234
721ffc2acd40,721fa326aac0,230
721ffc2acd40,721fe6735ec0,232
721ffc2acd40,721fc0ea9bc0,238
721ffc2acd40,721fbe278c40,240
721ffc2acd40,721f97ef9640,230
721ffc2acd40,721f94390480,242
721ffc2acd40,721fd0c990c0,236
721ffc2acd40,721f96e97640,240
721ffc2acd40,721faccb7f40,240
721ffc2acd40,721f96156f40,234
721ffc2acd40,721fcc4c3180,234
721ffc2acd40,721fd27e6840,232
721ffc2acd40,721fae018dc0,232
721ffc2acd40,721fca6ddc40,362
721fdce551c0,721f924c8980,230
721fdce551c0,721fffa47880,232
721fdce551c0,721fc57e29c0,234
721fdce551c0,721fae8bc100,234
721fdce551c0,721fd3d70880,234
721fdce551c0,721fec712f80,234
721fdce551c0,721fcded6a40,232
721fdce551c0,721ffc081480,232
721fdce551c0,721fb4acfc40,236
721fdce551c0,721fd623f9c0,360
721fe3190c80,721f924c8980,354
721fe70ba380,721f924c8980,232
721fe70ba380,721fffa47880,366
721fd7092580,721f924c8980,232
721fd7092580,721fffa47880,238
721fd7092580,721fc57e29c0,236
721fd7092580,721fae8bc100,242
721fd7092580,721fd3d70880,236
721fd7092580,721fec712f80,234
721fd7092580,721fcded6a40,230
721fd7092580,721ffc081480,240
721fd7092580,721fb4acfc40,234
721fd7092580,721fd623f9c0,242
721fd7092580,721fcb708c40,230
721fd7092580,72200d281000,236
721fd7092580,721fa0b28380,236
721fd7092580,721ff60706c0,232
721fd7092580,721fbf744a80,232
721fd7092580,721ff829f000,232
721fd7092580,721fcd328640,230
721fd7092580,721fa326aac0,232
721fd7092580,721fe6735ec0,232
721fd7092580,721fc0ea9bc0,234
721fd7092580,721fbe278c40,242
721fd7092580,721f97ef9640,232
721fd7092580,721f94390480,238
721fd7092580,721fd0c990c0,234
721fd7092580,721f96e97640,242
721fd7092580,721faccb7f40,238
721fd7092580,721f96156f40,236
721fd7092580,721fcc4c3180,236
721fd7092580,721fd27e6840,228
721fd7092580,721fae018dc0,356
721fad944780,721f924c8980,232
721fad944780,721fffa47880,234
721fad944780,721fc57e29c0,232
721fad944780,721fae8bc100,236
721fad944780,721fd3d70880,234
721fad944780,721fec712f80,232
721fad944780,721fcded6a40,230
721fad944780,721ffc081480,234
721fad944780,721fb4acfc40,232
721fad944780,721fd623f9c0,232
721fad944780,721fcb708c40,230
721fad944780,72200d281000,236
721fad944780,721fa0b28380,234
721fad944780,721ff60706c0,232
721fad944780,721fbf744a80,232
721fad944780,721ff829f000,232
721fad944780,721fcd328640,234
721fad944780,721fa326aac0,232
721fad944780,721fe6735ec0,230
721fad944780,721fc0ea9bc0,232
721fad944780,721fbe278c40,234
721fad944780,721f97ef9640,232
721fad944780,721f94390480,360
721fa844ed00,721f924c8980,228
721fa844ed00,721fffa47880,238
721fa844ed00,721fc57e29c0,234
721fa844ed00,721fae8bc100,238
721fa844ed00,721fd3d70880,362
722005f70580,721f924c8980,228
722005f70580,721fffa47880,234
722005f70580,721fc57e29c0,232
722005f70580,721fae8bc100,232
722005f70580,721fd3d70880,230
722005f70580,721fec712f80,234
722005f70580,721fcded6a40,232
722005f70580,721ffc081480,230
722005f70580,721fb4acfc40,232
722005f70580,721fd623f9c0,230
722005f70580,721fcb708c40,232
722005f70580,72200d281000,232
722005f70580,721fa0b28380,234
722005f70580,721ff60706c0,230
722005f70580,721fbf744a80,232
722005f70580,721ff829f000,232
722005f70580,721fcd328640,232
722005f70580,721fa326aac0,358
7220002f50c0,721f924c8980,232
7220002f50c0,721fffa47880,358
721f9c37dc40,721f924c8980,232
721f9c37dc40,721fffa47880,236
721f9c37dc40,721fc57e29c0,234
721f9c37dc40,721fae8bc100,238
721f9c37dc40,721fd3d70880,234
721f9c37dc40,721fec712f80,232
721f9c37dc40,721fcded6a40,230
721f9c37dc40,721ffc081480,236
721f9c37dc40,721fb4acfc40,236
721f9c37dc40,721fd623f9c0,238
721f9c37dc40,721fcb708c40,358
721ff0576800,721f924c8980,228
721ff0576800,721fffa47880,234
721ff0576800,721fc57e29c0,234
721ff0576800,721fae8bc100,230
721ff0576800,721fd3d70880,232
721ff0576800,721fec712f80,234
721ff0576800,721fcded6a40,232
721ff0576800,721ffc081480,234
721ff0576800,721fb4acfc40,234
721ff0576800,721fd623f9c0,230
721ff0576800,721fcb708c40,232
721ff0576800,72200d281000,234
721ff0576800,721fa0b28380,232
721ff0576800,721ff60706c0,232
721ff0576800,721fbf744a80,232
721ff0576800,721ff829f000,228
721ff0576800,721fcd328640,232
721ff0576800,721fa326aac0,228
721ff0576800,721fe6735ec0,232
721ff0576800,721fc0ea9bc0,232
721ff0576800,721fbe278c40,230
721ff0576800,721f97ef9640,228
721ff0576800,721f94390480,234
721ff0576800,721fd0c990c0,232
721ff0576800,721f96e97640,230
721ff0576800,721faccb7f40,232
721ff0576800,721f96156f40,232
721ff0576800,721fcc4c3180,232
721ff0576800,721fd27e6840,232
721ff0576800,721fae018dc0,232
721ff0576800,721fca6ddc40,358
721ff6768ac0,721f924c8980,358
72200ae72cc0,721f924c8980,228
72200ae72cc0,721fffa47880,240
72200ae72cc0,721fc57e29c0,236
72200ae72cc0,721fae8bc100,238
72200ae72cc0,721fd3d70880,234
72200ae72cc0,721fec712f80,236
72200ae72cc0,721fcded6a40,232
72200ae72cc0,721ffc081480,238
72200ae72cc0,721fb4acfc40,236
72200ae72cc0,721fd623f9c0,238
72200ae72cc0,721fcb708c40,232
72200ae72cc0,72200d281000,234
72200ae72cc0,721fa0b28380,236
72200ae72cc0,721ff60706c0,230
72200ae72cc0,721fbf744a80,230
72200ae72cc0,721ff829f000,232
72200ae72cc0,721fcd328640,234
72200ae72cc0,721fa326aac0,358
721fb3993980,721f924c8980,228
721fb3993980,721fffa47880,240
721fb3993980,721fc57e29c0,236
721fb3993980,721fae8bc100,238
721fb3993980,721fd3d70880,234
721fb3993980,721fec712f80,236
721fb3993980,721fcded6a40,232
721fb3993980,721ffc081480,238
721fb3993980,721fb4acfc40,236
721fb3993980,721fd623f9c0,236
721fb3993980,721fcb708c40,232
721fb3993980,72200d281000,234
721fb3993980,721fa0b28380,360
721fb9c0abc0,721f924c8980,232
721fb9c0abc0,721fffa47880,236
721fb9c0abc0,721fc57e29c0,234
721fb9c0abc0,721fae8bc100,238
721fb9c0abc0,721fd3d70880,236
721fb9c0abc0,721fec712f80,234
721fb9c0abc0,721fcded6a40,230
721fb9c0abc0,721ffc081480,240
721fb9c0abc0,721fb4acfc40,362
721ff4689900,721f924c8980,232
721ff4689900,721fffa47880,238
721ff4689900,721fc57e29c0,234
721ff4689900,721fae8bc100,240
721ff4689900,721fd3d70880,236
721ff4689900,721fec712f80,236
721ff4689900,721fcded6a40,358
721f9d604fc0,721f924c8980,228
721f9d604fc0,721fffa47880,242
721f9d604fc0,721fc57e29c0,236
721f9d604fc0,721fae8bc100,240
721f9d604fc0,721fd3d70880,232
721f9d604fc0,721fec712f80,236
721f9d604fc0,721fcded6a40,232
721f9d604fc0,721ffc081480,238
721f9d604fc0,721fb4acfc40,236
721f9d604fc0,721fd623f9c0,238
721f9d604fc0,721fcb708c40,232
721f9d604fc0,72200d281000,234
721f9d604fc0,721fa0b28380,236
721f9d604fc0,721ff60706c0,232
721f9d604fc0,721fbf744a80,234
721f9d604fc0,721ff829f000,358
721ff72d02c0,721f924c8980,232
721ff72d02c0,721fffa47880,234
721ff72d02c0,721fc57e29c0,234
721ff72d02c0,721fae8bc100,238
721ff72d02c0,721fd3d70880,236
721ff72d02c0,721fec712f80,236
721ff72d02c0,721fcded6a40,356
721f909c1700,721f924c8980,232
721f909c1700,721fffa47880,238
721f909c1700,721fc57e29c0,234
721f909c1700,721fae8bc100,244
721f909c1700,721fd3d70880,236
721f909c1700,721fec712f80,234
721f909c1700,721fcded6a40,228
721f909c1700,721ffc081480,242
721f909c1700,721fb4acfc40,236
721f909c1700,721fd623f9c0,242
721f909c1700,721fcb708c40,232
721f909c1700,72200d281000,236
721f909c1700,721fa0b28380,236
721f909c1700,721ff60706c0,232
721f909c1700,721fbf744a80,230
721f909c1700,721ff829f000,232
721f909c1700,721fcd328640,230
721f909c1700,721fa326aac0,232
721f909c1700,721fe6735ec0,228
721f909c1700,721fc0ea9bc0,238
721f909c1700,721fbe278c40,242
721f909c1700,721f97ef9640,232
721f909c1700,721f94390480,238
721f909c1700,721fd0c990c0,234
721f909c1700,721f96e97640,244
721f909c1700,721faccb7f40,238
721f909c1700,721f96156f40,236
721f909c1700,721fcc4c3180,236
721f909c1700,721fd27e6840,230
721f909c1700,721fae018dc0,230
721f909c1700,721fca6ddc40,236
721f909c1700,721fd9682240,366
721ff1e25880,721f924c8980,228
721ff1e25880,721fffa47880,242
721ff1e25880,721fc57e29c0,236
721ff1e25880,721fae8bc100,240
721ff1e25880,721fd3d70880,234
721ff1e25880,721fec712f80,236
721ff1e25880,721fcded6a40,232
721ff1e25880,721ffc081480,242
721ff1e25880,721fb4acfc40,236
721ff1e25880,721fd623f9c0,240
721ff1e25880,721fcb708c40,232
721ff1e25880,72200d281000,360
72200b7174c0,721f924c8980,230
72200b7174c0,721fffa47880,242
72200b7174c0,721fc57e29c0,236
72200b7174c0,721fae8bc100,238
72200b7174c0,721fd3d70880,234
72200b7174c0,721fec712f80,236
72200b7174c0,721fcded6a40,232
72200b7174c0,721ffc081480,240
72200b7174c0,721fb4acfc40,236
72200b7174c0,721fd623f9c0,238
72200b7174c0,721fcb708c40,234
72200b7174c0,72200d281000,362
721fed468380,721f924c8980,228
721fed468380,721fffa47880,242
721fed468380,721fc57e29c0,236
721fed468380,721fae8bc100,240
721fed468380,721fd3d70880,234
721fed468380,721fec712f80,236
721fed468380,721fcded6a40,232
721fed468380,721ffc081480,240
721fed468380,721fb4acfc40,236
721fed468380,721fd623f9c0,238
721fed468380,721fcb708c40,232
721fed468380,72200d281000,234
721fed468380,721fa0b28380,362
721fd8219600,721f924c8980,230
721fd8219600,721fffa47880,234
721fd8219600,721fc57e29c0,234
721fd8219600,721fae8bc100,234
721fd8219600,721fd3d70880,234
721fd8219600,721fec712f80,236
721fd8219600,721fcded6a40,232
721fd8219600,721ffc081480,232
721fd8219600,721fb4acfc40,234
721fd8219600,721fd623f9c0,232
721fd8219600,721fcb708c40,232
721fd8219600,72200d281000,232
721fd8219600,721fa0b28380,232
721fd8219600,721ff60706c0,232
721fd8219600,721fbf744a80,232
721fd8219600,721ff829f000,230
721fd8219600,721fcd328640,232
721fd8219600,721fa326aac0,230
721fd8219600,721fe6735ec0,232
721fd8219600,721fc0ea9bc0,234
721fd8219600,721fbe278c40,360
721fee97ca80,721f924c8980,232
721fee97ca80,721fffa47880,230
721fee97ca80,721fc57e29c0,358
721fc9db5340,721f924c8980,228
721fc9db5340,721fffa47880,240
721fc9db5340,721fc57e29c0,236
721fc9db5340,721fae8bc100,236
721fc9db5340,721fd3d70880,234
721fc9db5340,721fec712f80,236
721fc9db5340,721fcded6a40,232
721fc9db5340,721ffc081480,238
721fc9db5340,721fb4acfc40,236
721fc9db5340,721fd623f9c0,238
721fc9db5340,721fcb708c40,232
721fc9db5340,72200d281000,236
721fc9db5340,721fa0b28380,234
721fc9db5340,721ff60706c0,232
721fc9db5340,721fbf744a80,232
721fc9db5340,721ff829f000,230
721fc9db5340,721fcd328640,232
721fc9db5340,721fa326aac0,230
721fc9db5340,721fe6735ec0,232
721fc9db5340,721fc0ea9bc0,238
721fc9db5340,721fbe278c40,236
721fc9db5340,721f97ef9640,230
721fc9db5340,721f94390480,238
721fc9db5340,721fd0c990c0,236
721fc9db5340,721f96e97640,238
721fc9db5340,721faccb7f40,240
721fc9db5340,721f96156f40,234
721fc9db5340,721fcc4c3180,232
721fc9db5340,721fd27e6840,232
721fc9db5340,721fae018dc0,232
721fc9db5340,721fca6ddc40,362
721ff6d51540,721f924c8980,230
721ff6d51540,721fffa47880,234
721ff6d51540,721fc57e29c0,234
721ff6d51540,721fae8bc100,230
721ff6d51540,721fd3d70880,230
721ff6d51540,721fec712f80,232
721ff6d51540,721fcded6a40,232
721ff6d51540,721ffc081480,230
721ff6d51540,721fb4acfc40,234
721ff6d51540,721fd623f9c0,230
721ff6d51540,721fcb708c40,232
721ff6d51540,72200d281000,230
721ff6d51540,721fa0b28380,232
721ff6d51540,721ff60706c0,230
721ff6d51540,721fbf744a80,232
721ff6d51540,721ff829f000,232
721ff6d51540,721fcd328640,232
721ff6d51540,721fa326aac0,358
721fed558c80,721f924c8980,228
721fed558c80,721fffa47880,240
721fed558c80,721fc57e29c0,236
721fed558c80,721fae8bc100,368
721fc3ed1380,721f924c8980,232
721fc3ed1380,721fffa47880,232
721fc3ed1380,721fc57e29c0,232
721fc3ed1380,721fae8bc100,236
721fc3ed1380,721fd3d70880,234
721fc3ed1380,721fec712f80,232
721fc3ed1380,721fcded6a40,230
721fc3ed1380,721ffc081480,234
721fc3ed1380,721fb4acfc40,234
721fc3ed1380,721fd623f9c0,234
721fc3ed1380,721fcb708c40,232
721fc3ed1380,72200d281000,236
721fc3ed1380,721fa0b28380,234
721fc3ed1380,721ff60706c0,232
721fc3ed1380,721fbf744a80,232
721fc3ed1380,721ff829f000,232
721fc3ed1380,721fcd328640,230
721fc3ed1380,721fa326aac0,232
721fc3ed1380,721fe6735ec0,230
721fc3ed1380,721fc0ea9bc0,360
721fdbdceb80,721f924c8980,232
721fdbdceb80,721fffa47880,236
721fdbdceb80,721fc57e29c0,234
721fdbdceb80,721fae8bc100,240
721fdbdceb80,721fd3d70880,236
721fdbdceb80,721fec712f80,234
721fdbdceb80,721fcded6a40,230
721fdbdceb80,721ffc081480,236
721fdbdceb80,721fb4acfc40,236
721fdbdceb80,721fd623f9c0,236
721fdbdceb80,721fcb708c40,232
721fdbdceb80,72200d281000,236
721fdbdceb80,721fa0b28380,236
721fdbdceb80,721ff60706c0,232
721fdbdceb80,721fbf744a80,228
721fdbdceb80,721ff829f000,232
721fdbdceb80,721fcd328640,230
721fdbdceb80,721fa326aac0,232
721fdbdceb80,721fe6735ec0,228
721fdbdceb80,721fc0ea9bc0,236
721fdbdceb80,721fbe278c40,238
721fdbdceb80,721f97ef9640,232
721fdbdceb80,721f94390480,236
721fdbdceb80,721fd0c990c0,234
721fdbdceb80,721f96e97640,238
721fdbdceb80,721faccb7f40,234
721fdbdceb80,721f96156f40,236
721fdbdceb80,721fcc4c3180,236
721fdbdceb80,721fd27e6840,228
721fdbdceb80,721fae018dc0,228
721fdbdceb80,721fca6ddc40,236
721fdbdceb80,721fd9682240,362
721f92a53040,721f924c8980,228
721f92a53040,721fffa47880,242
721f92a53040,721fc57e29c0,236
721f92a53040,721fae8bc100,368
721fcd03ee00,721f924c8980,226
721fcd03ee00,721fffa47880,240
721fcd03ee00,721fc57e29c0,236
721fcd03ee00,721fae8bc100,364
721fc927b8c0,721f924c8980,228
721fc927b8c0,721fffa47880,240
721fc927b8c0,721fc57e29c0,236
721fc927b8c0,721fae8bc100,236
721fc927b8c0,721fd3d70880,234
721fc927b8c0,721fec712f80,236
721fc927b8c0,721fcded6a40,232
721fc927b8c0,721ffc081480,240
721fc927b8c0,721fb4acfc40,236
721fc927b8c0,721fd623f9c0,236
721fc927b8c0,721fcb708c40,232
721fc927b8c0,72200d281000,236
721fc927b8c0,721fa0b28380,234
721fc927b8c0,721ff60706c0,358
721fe0aa8240,721f924c8980,232
721fe0aa8240,721fffa47880,238
721fe0aa8240,721fc57e29c0,236
721fe0aa8240,721fae8bc100,234
721fe0aa8240,721fd3d70880,232
721fe0aa8240,721fec712f80,236
721fe0aa8240,721fcded6a40,232
721fe0aa8240,721ffc081480,234
721fe0aa8240,721fb4acfc40,236
721fe0aa8240,721fd623f9c0,236
721fe0aa8240,721fcb708c40,232
721fe0aa8240,72200d281000,234
721fe0aa8240,721fa0b28380,234
721fe0aa8240,721ff60706c0,230
721fe0aa8240,721fbf744a80,230
721fe0aa8240,721ff829f000,228
721fe0aa8240,721fcd328640,232
721fe0aa8240,721fa326aac0,230
721fe0aa8240,721fe6735ec0,232
721fe0aa8240,721fc0ea9bc0,238
721fe0aa8240,721fbe278c40,236
721fe0aa8240,721f97ef9640,356
721fa13cfa80,721f924c8980,232
721fa13cfa80,721fffa47880,238
721fa13cfa80,721fc57e29c0,236
721fa13cfa80,721fae8bc100,240
721fa13cfa80,721fd3d70880,236
721fa13cfa80,721fec712f80,234
721fa13cfa80,721fcded6a40,230
721fa13cfa80,721ffc081480,240
721fa13cfa80,721fb4acfc40,234
721fa13cfa80,721fd623f9c0,240
721fa13cfa80,721fcb708c40,230
721fa13cfa80,72200d281000,236
721fa13cfa80,721fa0b28380,236
721fa13cfa80,721ff60706c0,234
721fa13cfa80,721fbf744a80,232
721fa13cfa80,721ff829f000,232
721fa13cfa80,721fcd328640,230
721fa13cfa80,721fa326aac0,232
721fa13cfa80,721fe6735ec0,232
721fa13cfa80,721fc0ea9bc0,236
721fa13cfa80,721fbe278c40,238
721fa13cfa80,721f97ef9640,232
721fa13cfa80,721f94390480,238
721fa13cfa80,721fd0c990c0,234
721fa13cfa80,721f96e97640,240
721fa13cfa80,721faccb7f40,236
721fa13cfa80,721f96156f40,236
721fa13cfa80,721fcc4c3180,236
721fa13cfa80,721fd27e6840,228
721fa13cfa80,721fae018dc0,356
721fa1535c40,721f924c8980,230
721fa1535c40,721fffa47880,232
721fa1535c40,721fc57e29c0,234
721fa1535c40,721fae8bc100,230
721fa1535c40,721fd3d70880,230
721fa1535c40,721fec712f80,232
721fa1535c40,721fcded6a40,232
721fa1535c40,721ffc081480,230
721fa1535c40,721fb4acfc40,234
721fa1535c40,721fd623f9c0,232
721fa1535c40,721fcb708c40,232
721fa1535c40,72200d281000,230
721fa1535c40,721fa0b28380,232
721fa1535c40,721ff60706c0,230
721fa1535c40,721fbf744a80,232
721fa1535c40,721ff829f000,232
721fa1535c40,721fcd328640,232
721fa1535c40,721fa326aac0,358
721fa8d3a7c0,721f924c8980,232
721fa8d3a7c0,721fffa47880,236
721fa8d3a7c0,721fc57e29c0,236
721fa8d3a7c0,721fae8bc100,238
721fa8d3a7c0,721fd3d70880,236
721fa8d3a7c0,721fec712f80,234
721fa8d3a7c0,721fcded6a40,228
721fa8d3a7c0,721ffc081480,234
721fa8d3a7c0,721fb4acfc40,232
721fa8d3a7c0,721fd623f9c0,238
721fa8d3a7c0,721fcb708c40,230
721fa8d3a7c0,72200d281000,236
721fa8d3a7c0,721fa0b28380,236
721fa8d3a7c0,721ff60706c0,232
721fa8d3a7c0,721fbf744a80,230
721fa8d3a7c0,721ff829f000,232
721fa8d3a7c0,721fcd328640,230
721fa8d3a7c0,721fa326aac0,232
721fa8d3a7c0,721fe6735ec0,232
721fa8d3a7c0,721fc0ea9bc0,234
721fa8d3a7c0,721fbe278c40,240
721fa8d3a7c0,721f97ef9640,232
721fa8d3a7c0,721f94390480,234
721fa8d3a7c0,721fd0c990c0,232
721fa8d3a7c0,721f96e97640,240
721fa8d3a7c0,721faccb7f40,236
721fa8d3a7c0,721f96156f40,236
721fa8d3a7c0,721fcc4c3180,236
721fa8d3a7c0,721fd27e6840,228
721fa8d3a7c0,721fae018dc0,358
721fbff14200,721f924c8980,228
721fbff14200,721fffa47880,242
721fbff14200,721fc57e29c0,236
721fbff14200,721fae8bc100,368
721fbab84940,721f924c8980,232
721fbab84940,721fffa47880,230
721fbab84940,721fc57e29c0,234
721fbab84940,721fae8bc100,234
721fbab84940,721fd3d70880,232
721fbab84940,721fec712f80,230
721fbab84940,721fcded6a40,228
721fbab84940,721ffc081480,232
721fbab84940,721fb4acfc40,230
721fbab84940,721fd623f9c0,234
721fbab84940,721fcb708c40,230
721fbab84940,72200d281000,232
721fbab84940,721fa0b28380,232
721fbab84940,721ff60706c0,232
721fbab84940,721fbf744a80,232
721fbab84940,721ff829f000,232
721fbab84940,721fcd328640,230
721fbab84940,721fa326aac0,232
721fbab84940,721fe6735ec0,232
721fbab84940,721fc0ea9bc0,232
721fbab84940,721fbe278c40,234
721fbab84940,721f97ef9640,232
721fbab84940,721f94390480,230
721fbab84940,721fd0c990c0,232
721fbab84940,721f96e97640,234
721fbab84940,721faccb7f40,230
721fbab84940,721f96156f40,234
721fbab84940,721fcc4c3180,232
721fbab84940,721fd27e6840,230
721fbab84940,721fae018dc0,356
721f9feaad40,721f924c8980,232
721f9feaad40,721fffa47880,236
721f9feaad40,721fc57e29c0,236
721f9feaad40,721fae8bc100,238
721f9feaad40,721fd3d70880,236
721f9feaad40,721fec712f80,234
721f9feaad40,721fcded6a40,228
721f9feaad40,721ffc081480,240
721f9feaad40,721fb4acfc40,232
721f9feaad40,721fd623f9c0,240
721f9feaad40,721fcb708c40,230
721f9feaad40,72200d281000,236
721f9feaad40,721fa0b28380,236
721f9feaad40,721ff60706c0,232
721f9feaad40,721fbf744a80,232
721f9feaad40,721ff829f000,232
721f9feaad40,721fcd328640,230
721f9feaad40,721fa326aac0,232
721f9feaad40,721fe6735ec0,356
721fb1409300,721f924c8980,232
721fb1409300,721fffa47880,240
721fb1409300,721fc57e29c0,236
721fb1409300,721fae8bc100,240
721fb1409300,721fd3d70880,234
721fb1409300,721fec712f80,236
721fb1409300,721fcded6a40,232
721fb1409300,721ffc081480,240
721fb1409300,721fb4acfc40,236
721fb1409300,721fd623f9c0,238
721fb1409300,721fcb708c40,232
721fb1409300,72200d281000,234
721fb1409300,721fa0b28380,234
721fb1409300,721ff60706c0,232
721fb1409300,721fbf744a80,230
721fb1409300,721ff829f000,228
721fb1409300,721fcd328640,234
721fb1409300,721fa326aac0,230
721fb1409300,721fe6735ec0,232
721fb1409300,721fc0ea9bc0,238
721fb1409300,721fbe278c40,240
721fb1409300,721f97ef9640,358
721fc81025c0,721f924c8980,230
721fc81025c0,721fffa47880,232
721fc81025c0,721fc57e29c0,234
721fc81025c0,721fae8bc100,230
721fc81025c0,721fd3d70880,230
721fc81025c0,721fec712f80,232
721fc81025c0,721fcded6a40,232
721fc81025c0,721ffc081480,230
721fc81025c0,721fb4acfc40,234
721fc81025c0,721fd623f9c0,230
721fc81025c0,721fcb708c40,232
721fc81025c0,72200d281000,230
721fc81025c0,721fa0b28380,232
721fc81025c0,721ff60706c0,230
721fc81025c0,721fbf744a80,232
721fc81025c0,721ff829f000,232
721fc81025c0,721fcd328640,232
721fc81025c0,721fa326aac0,358
722001621580,721f924c8980,232
722001621580,721fffa47880,238
722001621580,721fc57e29c0,234
722001621580,721fae8bc100,242
722001621580,721fd3d70880,236
722001621580,721fec712f80,234
722001621580,721fcded6a40,230
722001621580,721ffc081480,242
722001621580,721fb4acfc40,236
722001621580,721fd623f9c0,240
722001621580,721fcb708c40,232
722001621580,72200d281000,236
722001621580,721fa0b28380,236
722001621580,721ff60706c0,232
722001621580,721fbf744a80,230
722001621580,721ff829f000,232
722001621580,721fcd328640,230
722001621580,721fa326aac0,232
722001621580,721fe6735ec0,230
722001621580,721fc0ea9bc0,238
722001621580,721fbe278c40,242
722001621580,721f97ef9640,232
722001621580,721f94390480,238
722001621580,721fd0c990c0,232
722001621580,721f96e97640,242
722001621580,721faccb7f40,240
722001621580,721f96156f40,234
722001621580,721fcc4c3180,236
722001621580,721fd27e6840,230
722001621580,721fae018dc0,230
722001621580,721fca6ddc40,234
722001621580,721fd9682240,366
721f98d71e00,721f924c8980,232
721f98d71e00,721fffa47880,238
721f98d71e00,721fc57e29c0,232
721f98d71e00,721fae8bc100,242
721f98d71e00,721fd3d70880,236
721f98d71e00,721fec712f80,234
721f98d71e00,721fcded6a40,228
721f98d71e00,721ffc081480,242
721f98d71e00,721fb4acfc40,362
721fc4175280,721f924c8980,228
721fc4175280,721fffa47880,240
721fc4175280,721fc57e29c0,234
721fc4175280,721fae8bc100,242
721fc4175280,721fd3d70880,236
721fc4175280,721fec712f80,236
721fc4175280,721fcded6a40,232
721fc4175280,721ffc081480,238
721fc4175280,721fb4acfc40,234
721fc4175280,721fd623f9c0,366
721fa61b4f00,721f924c8980,230
721fa61b4f00,721fffa47880,242
721fa61b4f00,721fc57e29c0,234
721fa61b4f00,721fae8bc100,238
721fa61b4f00,721fd3d70880,234
721fa61b4f00,721fec712f80,236
721fa61b4f00,721fcded6a40,232
721fa61b4f00,721ffc081480,366
721fc3b7c9c0,721f924c8980,232
721fc3b7c9c0,721fffa47880,232
721fc3b7c9c0,721fc57e29c0,234
721fc3b7c9c0,721fae8bc100,230
721fc3b7c9c0,721fd3d70880,230
721fc3b7c9c0,721fec712f80,232
721fc3b7c9c0,721fcded6a40,232
721fc3b7c9c0,721ffc081480,230
721fc3b7c9c0,721fb4acfc40,234
721fc3b7c9c0,721fd623f9c0,230
721fc3b7c9c0,721fcb708c40,232
721fc3b7c9c0,72200d281000,230
721fc3b7c9c0,721fa0b28380,230
721fc3b7c9c0,721ff60706c0,230
721fc3b7c9c0,721fbf744a80,232
721fc3b7c9c0,721ff829f000,230
721fc3b7c9c0,721fcd328640,232
721fc3b7c9c0,721fa326aac0,230
721fc3b7c9c0,721fe6735ec0,232
721fc3b7c9c0,721fc0ea9bc0,234
721fc3b7c9c0,721fbe278c40,232
721fc3b7c9c0,721f97ef9640,356
721fa99feb80,721f924c8980,232
721fa99feb80,721fffa47880,236
721fa99feb80,721fc57e29c0,234
721fa99feb80,721fae8bc100,238
721fa99feb80,721fd3d70880,236
721fa99feb80,721fec712f80,234
721fa99feb80,721fcded6a40,228
721fa99feb80,721ffc081480,238
721fa99feb80,721fb4acfc40,234
721fa99feb80,721fd623f9c0,236
721fa99feb80,721fcb708c40,230
721fa99feb80,72200d281000,236
721fa99feb80,721fa0b28380,236
721fa99feb80,721ff60706c0,232
721fa99feb80,721fbf744a80,232
721fa99feb80,721ff829f000,232
721fa99feb80,721fcd328640,230
721fa99feb80,721fa326aac0,232
721fa99feb80,721fe6735ec0,356
721fb49b9f00,721f924c8980,232
721fb49b9f00,721fffa47880,238
721fb49b9f00,721fc57e29c0,234
721fb49b9f00,721fae8bc100,238
721fb49b9f00,721fd3d70880,236
721fb49b9f00,721fec712f80,234
721fb49b9f00,721fcded6a40,228
721fb49b9f00,721ffc081480,238
721fb49b9f00,721fb4acfc40,234
721fb49b9f00,721fd623f9c0,238
721fb49b9f00,721fcb708c40,232
721fb49b9f00,72200d281000,236
721fb49b9f00,721fa0b28380,236
721fb49b9f00,721ff60706c0,232
721fb49b9f00,721fbf744a80,230
721fb49b9f00,721ff829f000,232
721fb49b9f00,721fcd328640,230
721fb49b9f00,721fa326aac0,232
721fb49b9f00,721fe6735ec0,228
721fb49b9f00,721fc0ea9bc0,362
721fac04cc80,721f924c8980,228
721fac04cc80,721fffa47880,238
721fac04cc80,721fc57e29c0,234
721fac04cc80,721fae8bc100,238
721fac04cc80,721fd3d70880,236
721fac04cc80,721fec712f80,236
721fac04cc80,721fcded6a40,232
721fac04cc80,721ffc081480,236
721fac04cc80,721fb4acfc40,234
721fac04cc80,721fd623f9c0,236
721fac04cc80,721fcb708c40,232
721fac04cc80,72200d281000,234
721fac04cc80,721fa0b28380,234
721fac04cc80,721ff60706c0,230
721fac04cc80,721fbf744a80,232
721fac04cc80,721ff829f000,228
721fac04cc80,721fcd328640,232
721fac04cc80,721fa326aac0,228
721fac04cc80,721fe6735ec0,232
721fac04cc80,721fc0ea9bc0,236
721fac04cc80,721fbe278c40,364
721fab5c02c0,721f924c8980,232
721fab5c02c0,721fffa47880,236
721fab5c02c0,721fc57e29c0,234
721fab5c02c0,721fae8bc100,238
721fab5c02c0,721fd3d70880,236
721fab5c02c0,721fec712f80,362
721f979df7c0,721f924c8980,232
721f979df7c0,721fffa47880,230
721f979df7c0,721fc57e29c0,360
721fa8964180,721f924c8980,232
721fa8964180,721fffa47880,240
721fa8964180,721fc57e29c0,236
721fa8964180,721fae8bc100,240
721fa8964180,721fd3d70880,234
721fa8964180,721fec712f80,236
721fa8964180,721fcded6a40,232
721fa8964180,721ffc081480,238
721fa8964180,721fb4acfc40,236
721fa8964180,721fd623f9c0,238
721fa8964180,721fcb708c40,232
721fa8964180,72200d281000,234
721fa8964180,721fa0b28380,234
721fa8964180,721ff60706c0,230
721fa8964180,721fbf744a80,232
721fa8964180,721ff829f000,228
721fa8964180,721fcd328640,232
721fa8964180,721fa326aac0,230
721fa8964180,721fe6735ec0,232
721fa8964180,721fc0ea9bc0,238
721fa8964180,721fbe278c40,240
721fa8964180,721f97ef9640,232
721fa8964180,721f94390480,242
721fa8964180,721fd0c990c0,236
721fa8964180,721f96e97640,368
722009c28680,721f924c8980,230
722009c28680,721fffa47880,234
722009c28680,721fc57e29c0,234
722009c28680,721fae8bc100,232
722009c28680,721fd3d70880,232
722009c28680,721fec712f80,234
722009c28680,721fcded6a40,232
722009c28680,721ffc081480,232
722009c28680,721fb4acfc40,234
722009c28680,721fd623f9c0,230
722009c28680,721fcb708c40,232
722009c28680,72200d281000,232
722009c28680,721fa0b28380,234
722009c28680,721ff60706c0,232
722009c28680,721fbf744a80,232
722009c28680,721ff829f000,358
721fe0df8e00,721f924c8980,232
721fe0df8e00,721fffa47880,240
721fe0df8e00,721fc57e29c0,234
721fe0df8e00,721fae8bc100,242
721fe0df8e00,721fd3d70880,236
721fe0df8e00,721fec712f80,234
721fe0df8e00,721fcded6a40,230
721fe0df8e00,721ffc081480,242
721fe0df8e00,721fb4acfc40,234
721fe0df8e00,721fd623f9c0,242
721fe0df8e00,721fcb708c40,232
721fe0df8e00,72200d281000,236
721fe0df8e00,721fa0b28380,236
721fe0df8e00,721ff60706c0,234
721fe0df8e00,721fbf744a80,232
721fe0df8e00,721ff829f000,232
721fe0df8e00,721fcd328640,234
721fe0df8e00,721fa326aac0,232
721fe0df8e00,721fe6735ec0,230
721fe0df8e00,721fc0ea9bc0,234
721fe0df8e00,721fbe278c40,242
721fe0df8e00,721f97ef9640,232
721fe0df8e00,721f94390480,366
7220084e0c00,721f924c8980,230
7220084e0c00,721fffa47880,234
7220084e0c00,721fc57e29c0,234
7220084e0c00,721fae8bc100,232
7220084e0c00,721fd3d70880,232
7220084e0c00,721fec712f80,236
7220084e0c00,721fcded6a40,232
7220084e0c00,721ffc081480,232
7220084e0c00,721fb4acfc40,234
7220084e0c00,721fd623f9c0,230
7220084e0c00,721fcb708c40,232
7220084e0c00,72200d281000,232
7220084e0c00,721fa0b28380,234
7220084e0c00,721ff60706c0,232
7220084e0c00,721fbf744a80,232
7220084e0c00,721ff829f000,358
721fc4bdd9c0,721f924c8980,232
721fc4bdd9c0,721fffa47880,236
721fc4bdd9c0,721fc57e29c0,362
721fc8d4a340,721f924c8980,230
721fc8d4a340,721fffa47880,240
721fc8d4a340,721fc57e29c0,236
721fc8d4a340,721fae8bc100,364
721fe6c398c0,721f924c8980,230
721fe6c398c0,721fffa47880,238
721fe6c398c0,721fc57e29c0,236
721fe6c398c0,721fae8bc100,242
721fe6c398c0,721fd3d70880,236
721fe6c398c0,721fec712f80,234
721fe6c398c0,721fcded6a40,230
721fe6c398c0,721ffc081480,240
721fe6c398c0,721fb4acfc40,234
721fe6c398c0,721fd623f9c0,240
721fe6c398c0,721fcb708c40,230
721fe6c398c0,72200d281000,236
721fe6c398c0,721fa0b28380,236
721fe6c398c0,721ff60706c0,234
721fe6c398c0,721fbf744a80,356
721ff9caed80,721f924c8980,232
721ff9caed80,721fffa47880,240
721ff9caed80,721fc57e29c0,236
721ff9caed80,721fae8bc100,240
721ff9caed80,721fd3d70880,234
721ff9caed80,721fec712f80,236
721ff9caed80,721fcded6a40,232
721ff9caed80,721ffc081480,238
721ff9caed80,721fb4acfc40,236
721ff9caed80,721fd623f9c0,238
721ff9caed80,721fcb708c40,232
721ff9caed80,72200d281000,234
721ff9caed80,721fa0b28380,234
721ff9caed80,721ff60706c0,230
721ff9caed80,721fbf744a80,232
721ff9caed80,721ff829f000,228
721ff9caed80,721fcd328640,232
721ff9caed80,721fa326aac0,230
721ff9caed80,721fe6735ec0,232
721ff9caed80,721fc0ea9bc0,238
721ff9caed80,721fbe278c40,240
721ff9caed80,721f97ef9640,232
721ff9caed80,721f94390480,242
721ff9caed80,721fd0c990c0,236
721ff9caed80,721f96e97640,368
721f95d18ec0,721f924c8980,232
721f95d18ec0,721fffa47880,236
721f95d18ec0,721fc57e29c0,234
721f95d18ec0,721fae8bc100,236
721f95d18ec0,721fd3d70880,234
721f95d18ec0,721fec712f80,234
721f95d18ec0,721fcded6a40,228
721f95d18ec0,721ffc081480,238
721f95d18ec0,721fb4acfc40,234
721f95d18ec0,721fd623f9c0,238
721f95d18ec0,721fcb708c40,230
721f95d18ec0,72200d281000,234
721f95d18ec0,721fa0b28380,234
721f95d18ec0,721ff60706c0,232
721f95d18ec0,721fbf744a80,228
721f95d18ec0,721ff829f000,232
721f95d18ec0,721fcd328640,232
721f95d18ec0,721fa326aac0,232
721f95d18ec0,721fe6735ec0,228
721f95d18ec0,721fc0ea9bc0,234
721f95d18ec0,721fbe278c40,240
721f95d18ec0,721f97ef9640,232
721f95d18ec0,721f94390480,362
721fea88c900,721f924c8980,232
721fea88c900,721fffa47880,242
721fea88c900,721fc57e29c0,234
721fea88c900,721fae8bc100,240
721fea88c900,721fd3d70880,236
721fea88c900,721fec712f80,234
721fea88c900,721fcded6a40,230
721fea88c900,721ffc081480,240
721fea88c900,721fb4acfc40,234
721fea88c900,721fd623f9c0,240
721fea88c900,721fcb708c40,230
721fea88c900,72200d281000,236
721fea88c900,721fa0b28380,236
721fea88c900,721ff60706c0,232
721fea88c900,721fbf744a80,228
721fea88c900,721ff829f000,232
721fea88c900,721fcd328640,358
721fb7eedb80,721f924c8980,230
721fb7eedb80,721fffa47880,240
721fb7eedb80,721fc57e29c0,236
721fb7eedb80,721fae8bc100,368
721fd01947c0,721f924c8980,232
721fd01947c0,721fffa47880,242
721fd01947c0,721fc57e29c0,236
721fd01947c0,721fae8bc100,240
721fd01947c0,721fd3d70880,234
721fd01947c0,721fec712f80,234
721fd01947c0,721fcded6a40,232
721fd01947c0,721ffc081480,238
721fd01947c0,721fb4acfc40,236
721fd01947c0,721fd623f9c0,238
721fd01947c0,721fcb708c40,232
721fd01947c0,72200d281000,234
721fd01947c0,721fa0b28380,234
721fd01947c0,721ff60706c0,232
721fd01947c0,721fbf744a80,232
721fd01947c0,721ff829f000,230
721fd01947c0,721fcd328640,232
721fd01947c0,721fa326aac0,230
721fd01947c0,721fe6735ec0,232
721fd01947c0,721fc0ea9bc0,238
721fd01947c0,721fbe278c40,240
721fd01947c0,721f97ef9640,232
721fd01947c0,721f94390480,240
721fd01947c0,721fd0c990c0,236
721fd01947c0,721f96e97640,368
721fbc534b40,721f924c8980,232
721fbc534b40,721fffa47880,238
721fbc534b40,721fc57e29c0,234
721fbc534b40,721fae8bc100,242
721fbc534b40,721fd3d70880,234
721fbc534b40,721fec712f80,234
721fbc534b40,721fcded6a40,230
721fbc534b40,721ffc081480,240
721fbc534b40,721fb4acfc40,236
721fbc534b40,721fd623f9c0,242
721fbc534b40,721fcb708c40,358
721fca4bd600,721f924c8980,232
721fca4bd600,721fffa47880,238
721fca4bd600,721fc57e29c0,234
721fca4bd600,721fae8bc100,238
721fca4bd600,721fd3d70880,236
721fca4bd600,721fec712f80,234
721fca4bd600,721fcded6a40,228
721fca4bd600,721ffc081480,238
721fca4bd600,721fb4acfc40,234
721fca4bd600,721fd623f9c0,236
721fca4bd600,721fcb708c40,230
721fca4bd600,72200d281000,236
721fca4bd600,721fa0b28380,236
721fca4bd600,721ff60706c0,232
721fca4bd600,721fbf744a80,230
721fca4bd600,721ff829f000,232
721fca4bd600,721fcd328640,232
721fca4bd600,721fa326aac0,232
721fca4bd600,721fe6735ec0,228
721fca4bd600,721fc0ea9bc0,234
721fca4bd600,721fbe278c40,238
721fca4bd600,721f97ef9640,232
721fca4bd600,721f94390480,364
721fe28ca440,721f924c8980,232
721fe28ca440,721fffa47880,230
721fe28ca440,721fc57e29c0,232
721fe28ca440,721fae8bc100,234
721fe28ca440,721fd3d70880,232
721fe28ca440,721fec712f80,230
721fe28ca440,721fcded6a40,228
721fe28ca440,721ffc081480,232
721fe28ca440,721fb4acfc40,234
721fe28ca440,721fd623f9c0,234
721fe28ca440,721fcb708c40,232
721fe28ca440,72200d281000,234
721fe28ca440,721fa0b28380,232
721fe28ca440,721ff60706c0,232
721fe28ca440,721fbf744a80,230
721fe28ca440,721ff829f000,232
721fe28ca440,721fcd328640,230
721fe28ca440,721fa326aac0,232
721fe28ca440,721fe6735ec0,228
721fe28ca440,721fc0ea9bc0,234
721fe28ca440,721fbe278c40,234
721fe28ca440,721f97ef9640,232
721fe28ca440,721f94390480,228
721fe28ca440,721fd0c990c0,232
721fe28ca440,721f96e97640,234
721fe28ca440,721faccb7f40,230
721fe28ca440,721f96156f40,234
721fe28ca440,721fcc4c3180,232
721fe28ca440,721fd27e6840,230
721fe28ca440,721fae018dc0,228
721fe28ca440,721fca6ddc40,234
721fe28ca440,721fd9682240,360
721fd646f340,721f924c8980,230
721fd646f340,721fffa47880,240
721fd646f340,721fc57e29c0,236
721fd646f340,721fae8bc100,234
721fd646f340,721fd3d70880,234
721fd646f340,721fec712f80,236
721fd646f340,721fcded6a40,232
721fd646f340,721ffc081480,240
721fd646f340,721fb4acfc40,236
721fd646f340,721fd623f9c0,238
721fd646f340,721fcb708c40,232
721fd646f340,72200d281000,234
721fd646f340,721fa0b28380,234
721fd646f340,721ff60706c0,232
721fd646f340,721fbf744a80,232
721fd646f340,721ff829f000,228
721fd646f340,721fcd328640,232
721fd646f340,721fa326aac0,228
721fd646f340,721fe6735ec0,232
721fd646f340,721fc0ea9bc0,238
721fd646f340,721fbe278c40,236
721fd646f340,721f97ef9640,228
721fd646f340,721f94390480,240
721fd646f340,721fd0c990c0,236
721fd646f340,721f96e97640,236
721fd646f340,721faccb7f40,240
721fd646f340,721f96156f40,234
721fd646f340,721fcc4c3180,234
721fd646f340,721fd27e6840,232
721fd646f340,721fae018dc0,232
721fd646f340,721fca6ddc40,362
721ffb5d1840,721f924c8980,228
721ffb5d1840,721fffa47880,242
721ffb5d1840,721fc57e29c0,236
721ffb5d1840,721fae8bc100,242
721ffb5d1840,721fd3d70880,236
721ffb5d1840,721fec712f80,236
721ffb5d1840,721fcded6a40,232
721ffb5d1840,721ffc081480,238
721ffb5d1840,721fb4acfc40,236
721ffb5d1840,721fd623f9c0,366
72200e64edc0,721f924c8980,232
72200e64edc0,721fffa47880,230
72200e64edc0,721fc57e29c0,232
72200e64edc0,721fae8bc100,232
72200e64edc0,721fd3d70880,232
72200e64edc0,721fec712f80,230
72200e64edc0,721fcded6a40,230
72200e64edc0,721ffc081480,232
72200e64edc0,721fb4acfc40,232
72200e64edc0,721fd623f9c0,234
72200e64edc0,721fcb708c40,230
72200e64edc0,72200d281000,232
72200e64edc0,721fa0b28380,232
72200e64edc0,721ff60706c0,232
72200e64edc0,721fbf744a80,232
72200e64edc0,721ff829f000,232
72200e64edc0,721fcd328640,230
72200e64edc0,721fa326aac0,232
72200e64edc0,721fe6735ec0,232
72200e64edc0,721fc0ea9bc0,230
72200e64edc0,721fbe278c40,234
72200e64edc0,721f97ef9640,232
72200e64edc0,721f94390480,230
72200e64edc0,721fd0c990c0,232
72200e64edc0,721f96e97640,234
72200e64edc0,721faccb7f40,230
72200e64edc0,721f96156f40,234
72200e64edc0,721fcc4c3180,232
72200e64edc0,721fd27e6840,228
72200e64edc0,721fae018dc0,358
721fe751a0c0,721f924c8980,232
721fe751a0c0,721fffa47880,236
721fe751a0c0,721fc57e29c0,234
721fe751a0c0,721fae8bc100,236
721fe751a0c0,721fd3d70880,236
721fe751a0c0,721fec712f80,362
721f9dbdab40,721f924c8980,230
721f9dbdab40,721fffa47880,240
721f9dbdab40,721fc57e29c0,236
721f9dbdab40,721fae8bc100,242
721f9dbdab40,721fd3d70880,362
721fc7951380,721f924c8980,230
721fc7951380,721fffa47880,238
721fc7951380,721fc57e29c0,236
721fc7951380,721fae8bc100,236
721fc7951380,721fd3d70880,234
721fc7951380,721fec712f80,236
721fc7951380,721fcded6a40,232
721fc7951380,721ffc081480,236
721fc7951380,721fb4acfc40,236
721fc7951380,721fd623f9c0,234
721fc7951380,721fcb708c40,232
721fc7951380,72200d281000,234
721fc7951380,721fa0b28380,236
721fc7951380,721ff60706c0,230
721fc7951380,721fbf744a80,232
721fc7951380,721ff829f000,232
721fc7951380,721fcd328640,232
721fc7951380,721fa326aac0,232
721fc7951380,721fe6735ec0,232
721fc7951380,721fc0ea9bc0,236
721fc7951380,721fbe278c40,236
721fc7951380,721f97ef9640,228
721fc7951380,721f94390480,238
721fc7951380,721fd0c990c0,234
721fc7951380,721f96e97640,236
721fc7951380,721faccb7f40,236
721fc7951380,721f96156f40,362
721fd9d3b640,721f924c8980,232
721fd9d3b640,721fffa47880,230
721fd9d3b640,721fc57e29c0,360
721fa7b4c940,721f924c8980,230
721fa7b4c940,721fffa47880,240
721fa7b4c940,721fc57e29c0,236
721fa7b4c940,721fae8bc100,240
721fa7b4c940,721fd3d70880,234
721fa7b4c940,721fec712f80,236
721fa7b4c940,721fcded6a40,232
721fa7b4c940,721ffc081480,240
721fa7b4c940,721fb4acfc40,236
721fa7b4c940,721fd623f9c0,238
721fa7b4c940,721fcb708c40,232
721fa7b4c940,72200d281000,236
721fa7b4c940,721fa0b28380,234
721fa7b4c940,721ff60706c0,358
721ffccc6640,721f924c8980,232
721ffccc6640,721fffa47880,236
721ffccc6640,721fc57e29c0,236
721ffccc6640,721fae8bc100,238
721ffccc6640,721fd3d70880,234
721ffccc6640,721fec712f80,234
721ffccc6640,721fcded6a40,228
721ffccc6640,721ffc081480,236
721ffccc6640,721fb4acfc40,232
721ffccc6640,721fd623f9c0,238
721ffccc6640,721fcb708c40,230
721ffccc6640,72200d281000,234
721ffccc6640,721fa0b28380,234
721ffccc6640,721ff60706c0,232
721ffccc6640,721fbf744a80,358
721ff10f0580,721f924c8980,228
721ff10f0580,721fffa47880,234
721ff10f0580,721fc57e29c0,232
721ff10f0580,721fae8bc100,234
721ff10f0580,721fd3d70880,234
721ff10f0580,721fec712f80,234
721ff10f0580,721fcded6a40,232
721ff10f0580,721ffc081480,230
721ff10f0580,721fb4acfc40,232
721ff10f0580,721fd623f9c0,358
721fdc8c9340,721f924c8980,232
721fdc8c9340,721fffa47880,240
721fdc8c9340,721fc57e29c0,236
721fdc8c9340,721fae8bc100,234
721fdc8c9340,721fd3d70880,234
721fdc8c9340,721fec712f80,236
721fdc8c9340,721fcded6a40,232
721fdc8c9340,721ffc081480,236
721fdc8c9340,721fb4acfc40,236
721fdc8c9340,721fd623f9c0,238
721fdc8c9340,721fcb708c40,232
721fdc8c9340,72200d281000,234
721fdc8c9340,721fa0b28380,234
721fdc8c9340,721ff60706c0,230
721fdc8c9340,721fbf744a80,234
721fdc8c9340,721ff829f000,228
721fdc8c9340,721fcd328640,232
721fdc8c9340,721fa326aac0,228
721fdc8c9340,721fe6735ec0,232
721fdc8c9340,721fc0ea9bc0,238
721fdc8c9340,721fbe278c40,236
721fdc8c9340,721f97ef9640,356
721f978c51c0,721f924c8980,228
721f978c51c0,721fffa47880,236
721f978c51c0,721fc57e29c0,236
721f978c51c0,721fae8bc100,364
721f96caa480,721f924c8980,230
721f96caa480,721fffa47880,234
721f96caa480,721fc57e29c0,234
721f96caa480,721fae8bc100,232
721f96caa480,721fd3d70880,232
721f96caa480,721fec712f80,234
721f96caa480,721fcded6a40,232
721f96caa480,721ffc081480,234
721f96caa480,721fb4acfc40,234
721f96caa480,721fd623f9c0,230
721f96caa480,721fcb708c40,232
721f96caa480,72200d281000,234
721f96caa480,721fa0b28380,232
721f96caa480,721ff60706c0,360
721ff9b15fc0,721f924c8980,232
721ff9b15fc0,721fffa47880,240
721ff9b15fc0,721fc57e29c0,234
721ff9b15fc0,721fae8bc100,238
721ff9b15fc0,721fd3d70880,236
721ff9b15fc0,721fec712f80,234
721ff9b15fc0,721fcded6a40,228
721ff9b15fc0,721ffc081480,240
721ff9b15fc0,721fb4acfc40,234
721ff9b15fc0,721fd623f9c0,240
721ff9b15fc0,721fcb708c40,230
721ff9b15fc0,72200d281000,236
721ff9b15fc0,721fa0b28380,236
721ff9b15fc0,721ff60706c0,232
721ff9b15fc0,721fbf744a80,230
721ff9b15fc0,721ff829f000,232
721ff9b15fc0,721fcd328640,232
721ff9b15fc0,721fa326aac0,232
721ff9b15fc0,721fe6735ec0,228
721ff9b15fc0,721fc0ea9bc0,234
721ff9b15fc0,721fbe278c40,240
721ff9b15fc0,721f97ef9640,232
721ff9b15fc0,721f94390480,240
721ff9b15fc0,721fd0c990c0,234
721ff9b15fc0,721f96e97640,240
721ff9b15fc0,721faccb7f40,238
721ff9b15fc0,721f96156f40,236
721ff9b15fc0,721fcc4c3180,236
721ff9b15fc0,721fd27e6840,356
721fb4085480,721f924c8980,358
721f9f889c80,721f924c8980,232
721f9f889c80,721fffa47880,230
721f9f889c80,721fc57e29c0,230
721f9f889c80,721fae8bc100,234
721f9f889c80,721fd3d70880,234
721f9f889c80,721fec712f80,230
721f9f889c80,721fcded6a40,230
721f9f889c80,721ffc081480,234
721f9f889c80,721fb4acfc40,358
721f9367a180,721f924c8980,228
721f9367a180,721fffa47880,234
721f9367a180,721fc57e29c0,234
721f9367a180,721fae8bc100,232
721f9367a180,721fd3d70880,240
721f9367a180,721fec712f80,312
721faeeadb00,721f924c8980,246
721faeeadb00,721fffa47880,232
721faeeadb00,721fc57e29c0,232
721faeeadb00,721fae8bc100,234
721faeeadb00,721fd3d70880,234
721faeeadb00,721fec712f80,236
721faeeadb00,721fcded6a40,358
721ff1882a80,721f924c8980,232
721ff1882a80,721fffa47880,238
721ff1882a80,721fc57e29c0,234
721ff1882a80,721fae8bc100,244
721ff1882a80,721fd3d70880,236
721ff1882a80,721fec712f80,236
721ff1882a80,721fcded6a40,356
72200cd5ad80,721f924c8980,230
72200cd5ad80,721fffa47880,234
72200cd5ad80,721fc57e29c0,232
72200cd5ad80,721fae8bc100,230
72200cd5ad80,721fd3d70880,230
72200cd5ad80,721fec712f80,234
72200cd5ad80,721fcded6a40,232
72200cd5ad80,721ffc081480,234
72200cd5ad80,721fb4acfc40,232
72200cd5ad80,721fd623f9c0,230
72200cd5ad80,721fcb708c40,232
72200cd5ad80,72200d281000,234
72200cd5ad80,721fa0b28380,232
72200cd5ad80,721ff60706c0,232
72200cd5ad80,721fbf744a80,232
72200cd5ad80,721ff829f000,230
72200cd5ad80,721fcd328640,232
72200cd5ad80,721fa326aac0,230
72200cd5ad80,721fe6735ec0,232
72200cd5ad80,721fc0ea9bc0,232
72200cd5ad80,721fbe278c40,230
72200cd5ad80,721f97ef9640,228
72200cd5ad80,721f94390480,232
72200cd5ad80,721fd0c990c0,232
72200cd5ad80,721f96e97640,230
72200cd5ad80,721faccb7f40,232
72200cd5ad80,721f96156f40,230
72200cd5ad80,721fcc4c3180,230
72200cd5ad80,721fd27e6840,232
72200cd5ad80,721fae018dc0,232
72200cd5ad80,721fca6ddc40,358
721fe4c8b500,721f924c8980,232
721fe4c8b500,721fffa47880,242
721fe4c8b500,721fc57e29c0,234
721fe4c8b500,721fae8bc100,242
721fe4c8b500,721fd3d70880,236
721fe4c8b500,721fec712f80,234
721fe4c8b500,721fcded6a40,230
721fe4c8b500,721ffc081480,242
721fe4c8b500,721fb4acfc40,232
721fe4c8b500,721fd623f9c0,242
721fe4c8b500,721fcb708c40,230
721fe4c8b500,72200d281000,236
721fe4c8b500,721fa0b28380,234
721fe4c8b500,721ff60706c0,234
721fe4c8b500,721fbf744a80,232
721fe4c8b500,721ff829f000,232
721fe4c8b500,721fcd328640,234
721fe4c8b500,721fa326aac0,232
721fe4c8b500,721fe6735ec0,230
721fe4c8b500,721fc0ea9bc0,234
721fe4c8b500,721fbe278c40,244
721fe4c8b500,721f97ef9640,232
721fe4c8b500,721f94390480,242
721fe4c8b500,721fd0c990c0,234
721fe4c8b500,721f96e97640,242
721fe4c8b500,721faccb7f40,240
721fe4c8b500,721f96156f40,236
721fe4c8b500,721fcc4c3180,236
721fe4c8b500,721fd27e6840,358
721fab7cce00,721f924c8980,232
721fab7cce00,721fffa47880,240
721fab7cce00,721fc57e29c0,362
721fe4b94680,721f924c8980,232
721fe4b94680,721fffa47880,234
721fe4b94680,721fc57e29c0,230
721fe4b94680,721fae8bc100,234
721fe4b94680,721fd3d70880,234
721fe4b94680,721fec712f80,230
721fe4b94680,721fcded6a40,230
721fe4b94680,721ffc081480,234
721fe4b94680,721fb4acfc40,230
721fe4b94680,721fd623f9c0,232
721fe4b94680,721fcb708c40,230
721fe4b94680,72200d281000,234
721fe4b94680,721fa0b28380,234
721fe4b94680,721ff60706c0,232
721fe4b94680,721fbf744a80,230
721fe4b94680,721ff829f000,232
721fe4b94680,721fcd328640,358
721fcfb3a2c0,721f924c8980,228
721fcfb3a2c0,721fffa47880,240
721fcfb3a2c0,721fc57e29c0,236
721fcfb3a2c0,721fae8bc100,240
721fcfb3a2c0,721fd3d70880,236
721fcfb3a2c0,721fec712f80,236
721fcfb3a2c0,721fcded6a40,232
721fcfb3a2c0,721ffc081480,236
721fcfb3a2c0,721fb4acfc40,236
721fcfb3a2c0,721fd623f9c0,364
721fb26e5d00,721f924c8980,228
721fb26e5d00,721fffa47880,242
721fb26e5d00,721fc57e29c0,236
721fb26e5d00,721fae8bc100,368
721fc0620f80,721f924c8980,232
721fc0620f80,721fffa47880,230
721fc0620f80,721fc57e29c0,230
721fc0620f80,721fae8bc100,234
721fc0620f80,721fd3d70880,234
721fc0620f80,721fec712f80,230
721fc0620f80,721fcded6a40,230
721fc0620f80,721ffc081480,234
721fc0620f80,721fb4acfc40,232
721fc0620f80,721fd623f9c0,232
721fc0620f80,721fcb708c40,232
721fc0620f80,72200d281000,234
721fc0620f80,721fa0b28380,234
721fc0620f80,721ff60706c0,232
721fc0620f80,721fbf744a80,230
721fc0620f80,721ff829f000,232
721fc0620f80,721fcd328640,230
721fc0620f80,721fa326aac0,232
721fc0620f80,721fe6735ec0,230
721fc0620f80,721fc0ea9bc0,232
721fc0620f80,721fbe278c40,232
721fc0620f80,721f97ef9640,232
721fc0620f80,721f94390480,230
721fc0620f80,721fd0c990c0,230
721fc0620f80,721f96e97640,232
721fc0620f80,721faccb7f40,230
721fc0620f80,721f96156f40,232
721fc0620f80,721fcc4c3180,234
721fc0620f80,721fd27e6840,230
721fc0620f80,721fae018dc0,230
721fc0620f80,721fca6ddc40,232
721fc0620f80,721fd9682240,358
721ff8c27e40,721f924c8980,228
721ff8c27e40,721fffa47880,242
721ff8c27e40,721fc57e29c0,236
721ff8c27e40,721fae8bc100,240
721ff8c27e40,721fd3d70880,232
721ff8c27e40,721fec712f80,236
721ff8c27e40,721fcded6a40,232
721ff8c27e40,721ffc081480,242
721ff8c27e40,721fb4acfc40,236
721ff8c27e40,721fd623f9c0,238
721ff8c27e40,721fcb708c40,232
721ff8c27e40,72200d281000,236
721ff8c27e40,721fa0b28380,234
721ff8c27e40,721ff60706c0,358
721ff3a7a500,721f924c8980,232
721ff3a7a500,721fffa47880,238
721ff3a7a500,721fc57e29c0,234
721ff3a7a500,721fae8bc100,236
721ff3a7a500,721fd3d70880,234
721ff3a7a500,721fec712f80,236
721ff3a7a500,721fcded6a40,232
721ff3a7a500,721ffc081480,238
721ff3a7a500,721fb4acfc40,236
721ff3a7a500,721fd623f9c0,234
721ff3a7a500,721fcb708c40,232
721ff3a7a500,72200d281000,234
721ff3a7a500,721fa0b28380,234
721ff3a7a500,721ff60706c0,230
721ff3a7a500,721fbf744a80,232
721ff3a7a500,721ff829f000,228
721ff3a7a500,721fcd328640,232
721ff3a7a500,721fa326aac0,230
721ff3a7a500,721fe6735ec0,232
721ff3a7a500,721fc0ea9bc0,238
721ff3a7a500,721fbe278c40,236
721ff3a7a500,721f97ef9640,356
721fedd55b00,721f924c8980,232
721fedd55b00,721fffa47880,238
721fedd55b00,721fc57e29c0,234
721fedd55b00,721fae8bc100,240
721fedd55b00,721fd3d70880,236
721fedd55b00,721fec712f80,234
721fedd55b00,721fcded6a40,230
721fedd55b00,721ffc081480,240
721fedd55b00,721fb4acfc40,236
721fedd55b00,721fd623f9c0,240
721fedd55b00,721fcb708c40,358
721fb42e5480,721f924c8980,228
721fb42e5480,721fffa47880,242
721fb42e5480,721fc57e29c0,236
721fb42e5480,721fae8bc100,240
721fb42e5480,721fd3d70880,234
721fb42e5480,721fec712f80,236
721fb42e5480,721fcded6a40,232
721fb42e5480,721ffc081480,242
721fb42e5480,721fb4acfc40,236
721fb42e5480,721fd623f9c0,238
721fb42e5480,721fcb708c40,232
721fb42e5480,72200d281000,236
721fb42e5480,721fa0b28380,234
721fb42e5480,721ff60706c0,232
721fb42e5480,721fbf744a80,232
721fb42e5480,721ff829f000,228
721fb42e5480,721fcd328640,232
721fb42e5480,721fa326aac0,228
721fb42e5480,721fe6735ec0,232
721fb42e5480,721fc0ea9bc0,238
721fb42e5480,721fbe278c40,240
721fb42e5480,721f97ef9640,228
721fb42e5480,721f94390480,242
721fb42e5480,721fd0c990c0,236
721fb42e5480,721f96e97640,240
721fb42e5480,721faccb7f40,240
721fb42e5480,721f96156f40,234
721fb42e5480,721fcc4c3180,234
721fb42e5480,721fd27e6840,232
721fb42e5480,721fae018dc0,232
721fb42e5480,721fca6ddc40,360
721fc7544940,721f924c8980,230
721fc7544940,721fffa47880,240
721fc7544940,721fc57e29c0,236
721fc7544940,721fae8bc100,236
721fc7544940,721fd3d70880,234
721fc7544940,721fec712f80,236
721fc7544940,721fcded6a40,232
721fc7544940,721ffc081480,236
721fc7544940,721fb4acfc40,236
721fc7544940,721fd623f9c0,238
721fc7544940,721fcb708c40,234
721fc7544940,72200d281000,232
721fc7544940,721fa0b28380,236
721fc7544940,721ff60706c0,230
721fc7544940,721fbf744a80,232
721fc7544940,721ff829f000,358
721fb53c4e40,721f924c8980,232
721fb53c4e40,721fffa47880,238
721fb53c4e40,721fc57e29c0,236
721fb53c4e40,721fae8bc100,242
721fb53c4e40,721fd3d70880,236
721fb53c4e40,721fec712f80,234
721fb53c4e40,721fcded6a40,230
721fb53c4e40,721ffc081480,240
721fb53c4e40,721fb4acfc40,234
721fb53c4e40,721fd623f9c0,240
721fb53c4e40,721fcb708c40,230
721fb53c4e40,72200d281000,236
721fb53c4e40,721fa0b28380,236
721fb53c4e40,721ff60706c0,232
721fb53c4e40,721fbf744a80,232
721fb53c4e40,721ff829f000,232
721fb53c4e40,721fcd328640,230
721fb53c4e40,721fa326aac0,232
721fb53c4e40,721fe6735ec0,232
721fb53c4e40,721fc0ea9bc0,234
721fb53c4e40,721fbe278c40,242
721fb53c4e40,721f97ef9640,232
721fb53c4e40,721f94390480,238
721fb53c4e40,721fd0c990c0,232
721fb53c4e40,721f96e97640,242
721fb53c4e40,721faccb7f40,238
721fb53c4e40,721f96156f40,236
721fb53c4e40,721fcc4c3180,236
721fb53c4e40,721fd27e6840,230
721fb53c4e40,721fae018dc0,356
721fa0ab6cc0,721f924c8980,232
721fa0ab6cc0,721fffa47880,232
721fa0ab6cc0,721fc57e29c0,232
721fa0ab6cc0,721fae8bc100,234
721fa0ab6cc0,721fd3d70880,234
721fa0ab6cc0,721fec712f80,232
721fa0ab6cc0,721fcded6a40,230
721fa0ab6cc0,721ffc081480,232
721fa0ab6cc0,721fb4acfc40,232
721fa0ab6cc0,721fd623f9c0,234
721fa0ab6cc0,721fcb708c40,230
721fa0ab6cc0,72200d281000,234
721fa0ab6cc0,721fa0b28380,234
721fa0ab6cc0,721ff60706c0,232
721fa0ab6cc0,721fbf744a80,232
721fa0ab6cc0,721ff829f000,232
721fa0ab6cc0,721fcd328640,234
721fa0ab6cc0,721fa326aac0,232
721fa0ab6cc0,721fe6735ec0,230
721fa0ab6cc0,721fc0ea9bc0,232
721fa0ab6cc0,721fbe278c40,234
721fa0ab6cc0,721f97ef9640,232
721fa0ab6cc0,721f94390480,358
721fc6d93700,721f924c8980,228
721fc6d93700,721fffa47880,238
721fc6d93700,721fc57e29c0,234
721fc6d93700,721fae8bc100,238
721fc6d93700,721fd3d70880,236
721fc6d93700,721fec712f80,236
721fc6d93700,721fcded6a40,232
721fc6d93700,721ffc081480,238
721fc6d93700,721fb4acfc40,234
721fc6d93700,721fd623f9c0,362
72200dadef00,721f924c8980,230
72200dadef00,721fffa47880,240
72200dadef00,721fc57e29c0,232
72200dadef00,721fae8bc100,242
72200dadef00,721fd3d70880,236
72200dadef00,721fec712f80,234
72200dadef00,721fcded6a40,230
72200dadef00,721ffc081480,242
72200dadef00,721fb4acfc40,236
72200dadef00,721fd623f9c0,240
72200dadef00,721fcb708c40,232
72200dadef00,72200d281000,236
72200dadef00,721fa0b28380,236
72200dadef00,721ff60706c0,232
72200dadef00,721fbf744a80,232
72200dadef00,721ff829f000,230
72200dadef00,721fcd328640,230
72200dadef00,721fa326aac0,232
72200dadef00,721fe6735ec0,230
72200dadef00,721fc0ea9bc0,238
72200dadef00,721fbe278c40,242
72200dadef00,721f97ef9640,232
72200dadef00,721f94390480,240
72200dadef00,721fd0c990c0,232
72200dadef00,721f96e97640,242
72200dadef00,721faccb7f40,238
72200dadef00,721f96156f40,236
72200dadef00,721fcc4c3180,234
72200dadef00,721fd27e6840,230
72200dadef00,721fae018dc0,230
72200dadef00,721fca6ddc40,236
72200dadef00,721fd9682240,366
721faf891840,721f924c8980,232
721faf891840,721fffa47880,242
721faf891840,721fc57e29c0,234
721faf891840,721fae8bc100,242
721faf891840,721fd3d70880,236
721faf891840,721fec712f80,234
721faf891840,721fcded6a40,230
721faf891840,721ffc081480,240
721faf891840,721fb4acfc40,234
721faf891840,721fd623f9c0,240
721faf891840,721fcb708c40,230
721faf891840,72200d281000,236
721faf891840,721fa0b28380,236
721faf891840,721ff60706c0,232
721faf891840,721fbf744a80,232
721faf891840,721ff829f000,232
721faf891840,721fcd328640,358
721fff8e4ac0,721f924c8980,230
721fff8e4ac0,721fffa47880,234
721fff8e4ac0,721fc57e29c0,234
721fff8e4ac0,721fae8bc100,232
721fff8e4ac0,721fd3d70880,232
721fff8e4ac0,721fec712f80,234
721fff8e4ac0,721fcded6a40,232
721fff8e4ac0,721ffc081480,234
721fff8e4ac0,721fb4acfc40,236
721fff8e4ac0,721fd623f9c0,232
721fff8e4ac0,721fcb708c40,232
721fff8e4ac0,72200d281000,234
721fff8e4ac0,721fa0b28380,232
721fff8e4ac0,721ff60706c0,360
721fd8a1a540,721f924c8980,232
721fd8a1a540,721fffa47880,230
721fd8a1a540,721fc57e29c0,232
721fd8a1a540,721fae8bc100,234
721fd8a1a540,721fd3d70880,234
721fd8a1a540,721fec712f80,232
721fd8a1a540,721fcded6a40,230
721fd8a1a540,721ffc081480,232
721fd8a1a540,721fb4acfc40,360
721fc85de1c0,721f924c8980,228
721fc85de1c0,721fffa47880,242
721fc85de1c0,721fc57e29c0,236
721fc85de1c0,721fae8bc100,242
721fc85de1c0,721fd3d70880,236
721fc85de1c0,721fec712f80,236
721fc85de1c0,721fcded6a40,232
721fc85de1c0,721ffc081480,238
721fc85de1c0,721fb4acfc40,236
721fc85de1c0,721fd623f9c0,366
721fed7ab100,721f924c8980,228
721fed7ab100,721fffa47880,240
721fed7ab100,721fc57e29c0,236
721fed7ab100,721fae8bc100,236
721fed7ab100,721fd3d70880,234
721fed7ab100,721fec712f80,236
721fed7ab100,721fcded6a40,232
721fed7ab100,721ffc081480,238
721fed7ab100,721fb4acfc40,236
721fed7ab100,721fd623f9c0,236
721fed7ab100,721fcb708c40,232
721fed7ab100,72200d281000,234
721fed7ab100,721fa0b28380,236
721fed7ab100,721ff60706c0,230
721fed7ab100,721fbf744a80,230
721fed7ab100,721ff829f000,356
721fbad0aac0,721f924c8980,232
721fbad0aac0,721fffa47880,238
721fbad0aac0,721fc57e29c0,360
721f960a7500,721f924c8980,232
721f960a7500,721fffa47880,230
721f960a7500,721fc57e29c0,358
721ff6270300,721f924c8980,232
721ff6270300,721fffa47880,360
721fc2bb4f80,721f924c8980,232
721fc2bb4f80,721fffa47880,234
721fc2bb4f80,721fc57e29c0,234
721fc2bb4f80,721fae8bc100,232
721fc2bb4f80,721fd3d70880,232
721fc2bb4f80,721fec712f80,234
721fc2bb4f80,721fcded6a40,232
721fc2bb4f80,721ffc081480,232
721fc2bb4f80,721fb4acfc40,234
721fc2bb4f80,721fd623f9c0,232
721fc2bb4f80,721fcb708c40,232
721fc2bb4f80,72200d281000,232
721fc2bb4f80,721fa0b28380,232
721fc2bb4f80,721ff60706c0,232
721fc2bb4f80,721fbf744a80,232
721fc2bb4f80,721ff829f000,230
721fc2bb4f80,721fcd328640,232
721fc2bb4f80,721fa326aac0,230
721fc2bb4f80,721fe6735ec0,232
721fc2bb4f80,721fc0ea9bc0,234
721fc2bb4f80,721fbe278c40,232
721fc2bb4f80,721f97ef9640,358
722000dbd500,721f924c8980,232
722000dbd500,721fffa47880,238
722000dbd500,721fc57e29c0,234
722000dbd500,721fae8bc100,240
722000dbd500,721fd3d70880,236
722000dbd500,721fec712f80,236
722000dbd500,721fcded6a40,232
722000dbd500,721ffc081480,240
722000dbd500,721fb4acfc40,234
722000dbd500,721fd623f9c0,240
722000dbd500,721fcb708c40,230
722000dbd500,72200d281000,236
722000dbd500,721fa0b28380,236
722000dbd500,721ff60706c0,232
722000dbd500,721fbf744a80,228
722000dbd500,721ff829f000,232
722000dbd500,721fcd328640,230
722000dbd500,721fa326aac0,232
722000dbd500,721fe6735ec0,230
722000dbd500,721fc0ea9bc0,234
722000dbd500,721fbe278c40,238
722000dbd500,721f97ef9640,232
722000dbd500,721f94390480,238
722000dbd500,721fd0c990c0,362
721f9b4f57c0,721f924c8980,232
721f9b4f57c0,721fffa47880,232
721f9b4f57c0,721fc57e29c0,232
721f9b4f57c0,721fae8bc100,234
721f9b4f57c0,721fd3d70880,234
721f9b4f57c0,721fec712f80,232
721f9b4f57c0,721fcded6a40,230
721f9b4f57c0,721ffc081480,234
721f9b4f57c0,721fb4acfc40,232
721f9b4f57c0,721fd623f9c0,234
721f9b4f57c0,721fcb708c40,232
721f9b4f57c0,72200d281000,236
721f9b4f57c0,721fa0b28380,234
721f9b4f57c0,721ff60706c0,232
721f9b4f57c0,721fbf744a80,232
721f9b4f57c0,721ff829f000,232
721f9b4f57c0,721fcd328640,360
721fd363ec00,721f924c8980,230
721fd363ec00,721fffa47880,240
721fd363ec00,721fc57e29c0,236
721fd363ec00,721fae8bc100,240
721fd363ec00,721fd3d70880,234
721fd363ec00,721fec712f80,236
721fd363ec00,721fcded6a40,232
721fd363ec00,721ffc081480,242
721fd363ec00,721fb4acfc40,236
721fd363ec00,721fd623f9c0,238
721fd363ec00,721fcb708c40,232
721fd363ec00,72200d281000,362
722005637680,721f924c8980,232
722005637680,721fffa47880,230
722005637680,721fc57e29c0,232
722005637680,721fae8bc100,234
722005637680,721fd3d70880,234
722005637680,721fec712f80,230
722005637680,721fcded6a40,230
722005637680,721ffc081480,234
722005637680,721fb4acfc40,230
722005637680,721fd623f9c0,232
722005637680,721fcb708c40,230
722005637680,72200d281000,234
722005637680,721fa0b28380,234
722005637680,721ff60706c0,232
722005637680,721fbf744a80,358
721fbb5a32c0,721f924c8980,232
721fbb5a32c0,721fffa47880,242
721fbb5a32c0,721fc57e29c0,236
721fbb5a32c0,721fae8bc100,238
721fbb5a32c0,721fd3d70880,234
721fbb5a32c0,721fec712f80,236
721fbb5a32c0,721fcded6a40,232
721fbb5a32c0,721ffc081480,238
721fbb5a32c0,721fb4acfc40,236
721fbb5a32c0,721fd623f9c0,238
721fbb5a32c0,721fcb708c40,234
721fbb5a32c0,72200d281000,234
721fbb5a32c0,721fa0b28380,234
721fbb5a32c0,721ff60706c0,230
721fbb5a32c0,721fbf744a80,232
721fbb5a32c0,721ff829f000,230
721fbb5a32c0,721fcd328640,234
721fbb5a32c0,721fa326aac0,230
721fbb5a32c0,721fe6735ec0,232
721fbb5a32c0,721fc0ea9bc0,238
721fbb5a32c0,721fbe278c40,240
721fbb5a32c0,721f97ef9640,232
721fbb5a32c0,721f94390480,242
721fbb5a32c0,721fd0c990c0,236
721fbb5a32c0,721f96e97640,368
721fb60c16c0,721f924c8980,232
721fb60c16c0,721fffa47880,240
721fb60c16c0,721fc57e29c0,234
721fb60c16c0,721fae8bc100,242
721fb60c16c0,721fd3d70880,236
721fb60c16c0,721fec712f80,234
721fb60c16c0,721fcded6a40,230
721fb60c16c0,721ffc081480,240
721fb60c16c0,721fb4acfc40,234
721fb60c16c0,721fd623f9c0,240
721fb60c16c0,721fcb708c40,230
721fb60c16c0,72200d281000,236
721fb60c16c0,721fa0b28380,236
721fb60c16c0,721ff60706c0,234
721fb60c16c0,721fbf744a80,230
721fb60c16c0,721ff829f000,230
721fb60c16c0,721fcd328640,358
722003592440,721f924c8980,232
722003592440,721fffa47880,238
722003592440,721fc57e29c0,236
722003592440,721fae8bc100,242
722003592440,721fd3d70880,236
722003592440,721fec712f80,234
722003592440,721fcded6a40,230
722003592440,721ffc081480,240
722003592440,721fb4acfc40,236
722003592440,721fd623f9c0,240
722003592440,721fcb708c40,232
722003592440,72200d281000,236
722003592440,721fa0b28380,236
722003592440,721ff60706c0,234
722003592440,721fbf744a80,232
722003592440,721ff829f000,232
722003592440,721fcd328640,230
722003592440,721fa326aac0,232
722003592440,721fe6735ec0,232
722003592440,721fc0ea9bc0,234
722003592440,721fbe278c40,242
722003592440,721f97ef9640,232
722003592440,721f94390480,238
722003592440,721fd0c990c0,234
722003592440,721f96e97640,244
722003592440,721faccb7f40,238
722003592440,721f96156f40,236
722003592440,721fcc4c3180,236
722003592440,721fd27e6840,230
722003592440,721fae018dc0,358
721f9142e800,721f924c8980,230
721f9142e800,721fffa47880,234
721f9142e800,721fc57e29c0,234
721f9142e800,721fae8bc100,234
721f9142e800,721fd3d70880,234
721f9142e800,721fec712f80,234
721f9142e800,721fcded6a40,232
721f9142e800,721ffc081480,230
721f9142e800,721fb4acfc40,232
721f9142e800,721fd623f9c0,358
721fd2a8e4c0,721f924c8980,230
721fd2a8e4c0,721fffa47880,232
721fd2a8e4c0,721fc57e29c0,234
721fd2a8e4c0,721fae8bc100,232
721fd2a8e4c0,721fd3d70880,232
721fd2a8e4c0,721fec712f80,234
721fd2a8e4c0,721fcded6a40,232
721fd2a8e4c0,721ffc081480,232
721fd2a8e4c0,721fb4acfc40,234
721fd2a8e4c0,721fd623f9c0,232
721fd2a8e4c0,721fcb708c40,232
721fd2a8e4c0,72200d281000,232
721fd2a8e4c0,721fa0b28380,360
721fd9326ac0,721f924c8980,228
721fd9326ac0,721fffa47880,242
721fd9326ac0,721fc57e29c0,236
721fd9326ac0,721fae8bc100,240
721fd9326ac0,721fd3d70880,234
721fd9326ac0,721fec712f80,236
721fd9326ac0,721fcded6a40,232
721fd9326ac0,721ffc081480,368
721fd2168ac0,721f924c8980,232
721fd2168ac0,721fffa47880,236
721fd2168ac0,721fc57e29c0,236
721fd2168ac0,721fae8bc100,238
721fd2168ac0,721fd3d70880,236
721fd2168ac0,721fec712f80,234
721fd2168ac0,721fcded6a40,228
721fd2168ac0,721ffc081480,240
721fd2168ac0,721fb4acfc40,234
721fd2168ac0,721fd623f9c0,240
721fd2168ac0,721fcb708c40,230
721fd2168ac0,72200d281000,236
721fd2168ac0,721fa0b28380,236
721fd2168ac0,721ff60706c0,232
721fd2168ac0,721fbf744a80,232
721fd2168ac0,721ff829f000,232
721fd2168ac0,721fcd328640,230
721fd2168ac0,721fa326aac0,232
721fd2168ac0,721fe6735ec0,232
721fd2168ac0,721fc0ea9bc0,234
721fd2168ac0,721fbe278c40,240
721fd2168ac0,721f97ef9640,232
721fd2168ac0,721f94390480,236
721fd2168ac0,721fd0c990c0,234
721fd2168ac0,721f96e97640,240
721fd2168ac0,721faccb7f40,238
721fd2168ac0,721f96156f40,236
721fd2168ac0,721fcc4c3180,236
721fd2168ac0,721fd27e6840,230
721fd2168ac0,721fae018dc0,356
721ff6374200,721f924c8980,228
721ff6374200,721fffa47880,242
721ff6374200,721fc57e29c0,236
721ff6374200,721fae8bc100,242
721ff6374200,721fd3d70880,236
721ff6374200,721fec712f80,236
721ff6374200,721fcded6a40,232
721ff6374200,721ffc081480,240
721ff6374200,721fb4acfc40,236
721ff6374200,721fd623f9c0,242
721ff6374200,721fcb708c40,232
721ff6374200,72200d281000,234
721ff6374200,721fa0b28380,234
721ff6374200,721ff60706c0,232
721ff6374200,721fbf744a80,232
721ff6374200,721ff829f000,228
721ff6374200,721fcd328640,232
721ff6374200,721fa326aac0,230
721ff6374200,721fe6735ec0,232
721ff6374200,721fc0ea9bc0,238
721ff6374200,721fbe278c40,366
72200ab47a80,721f924c8980,232
72200ab47a80,721fffa47880,238
72200ab47a80,721fc57e29c0,236
72200ab47a80,721fae8bc100,242
72200ab47a80,721fd3d70880,236
72200ab47a80,721fec712f80,234
72200ab47a80,721fcded6a40,230
72200ab47a80,721ffc081480,240
72200ab47a80,721fb4acfc40,234
72200ab47a80,721fd623f9c0,242
72200ab47a80,721fcb708c40,230
72200ab47a80,72200d281000,236
72200ab47a80,721fa0b28380,236
72200ab47a80,721ff60706c0,232
72200ab47a80,721fbf744a80,232
72200ab47a80,721ff829f000,232
72200ab47a80,721fcd328640,230
72200ab47a80,721fa326aac0,232
72200ab47a80,721fe6735ec0,232
72200ab47a80,721fc0ea9bc0,234
72200ab47a80,721fbe278c40,244
72200ab47a80,721f97ef9640,232
72200ab47a80,721f94390480,238
72200ab47a80,721fd0c990c0,234
72200ab47a80,721f96e97640,244
72200ab47a80,721faccb7f40,238
72200ab47a80,721f96156f40,236
72200ab47a80,721fcc4c3180,236
72200ab47a80,721fd27e6840,230
72200ab47a80,721fae018dc0,358
721fbbf90940,721f924c8980,232
721fbbf90940,721fffa47880,358
721fdafee700,721f924c8980,232
721fdafee700,721fffa47880,238
721fdafee700,721fc57e29c0,234
721fdafee700,721fae8bc100,242
721fdafee700,721fd3d70880,236
721fdafee700,721fec712f80,234
721fdafee700,721fcded6a40,228
721fdafee700,721ffc081480,240
721fdafee700,721fb4acfc40,362
721fe9a9d580,721f924c8980,228
721fe9a9d580,721fffa47880,234
721fe9a9d580,721fc57e29c0,234
721fe9a9d580,721fae8bc100,234
721fe9a9d580,721fd3d70880,234
721fe9a9d580,721fec712f80,234
721fe9a9d580,721fcded6a40,232
721fe9a9d580,721ffc081480,230
721fe9a9d580,721fb4acfc40,234
721fe9a9d580,721fd623f9c0,358
721fe1475dc0,721f924c8980,232
721fe1475dc0,721fffa47880,230
721fe1475dc0,721fc57e29c0,232
721fe1475dc0,721fae8bc100,234
721fe1475dc0,721fd3d70880,234
721fe1475dc0,721fec712f80,360
721f93733080,721f924c8980,232
721f93733080,721fffa47880,232
721f93733080,721fc57e29c0,232
721f93733080,721fae8bc100,236
721f93733080,721fd3d70880,234
721f93733080,721fec712f80,234
721f93733080,721fcded6a40,232
721f93733080,721ffc081480,234
721f93733080,721fb4acfc40,232
721f93733080,721fd623f9c0,234
721f93733080,721fcb708c40,232
721f93733080,72200d281000,236
721f93733080,721fa0b28380,234
721f93733080,721ff60706c0,232
721f93733080,721fbf744a80,232
721f93733080,721ff829f000,232
721f93733080,721fcd328640,232
721f93733080,721fa326aac0,232
721f93733080,721fe6735ec0,230
721f93733080,721fc0ea9bc0,230
721f93733080,721fbe278c40,234
721f93733080,721f97ef9640,232
721f93733080,721f94390480,232
721f93733080,721fd0c990c0,234
721f93733080,721f96e97640,234
721f93733080,721faccb7f40,358
721f90062400,721f924c8980,232
721f90062400,721fffa47880,232
721f90062400,721fc57e29c0,230
721f90062400,721fae8bc100,232
721f90062400,721fd3d70880,234
721f90062400,721fec712f80,232
721f90062400,721fcded6a40,230
721f90062400,721ffc081480,234
721f90062400,721fb4acfc40,232
721f90062400,721fd623f9c0,232
721f90062400,721fcb708c40,232
721f90062400,72200d281000,234
721f90062400,721fa0b28380,234
721f90062400,721ff60706c0,232
721f90062400,721fbf744a80,230
721f90062400,721ff829f000,232
721f90062400,721fcd328640,230
721f90062400,721fa326aac0,232
721f90062400,721fe6735ec0,230
721f90062400,721fc0ea9bc0,358
721ff312cac0,721f924c8980,232
721ff312cac0,721fffa47880,230
721ff312cac0,721fc57e29c0,230
721ff312cac0,721fae8bc100,232
721ff312cac0,721fd3d70880,234
721ff312cac0,721fec712f80,358
721fcb6c67c0,721f924c8980,232
721fcb6c67c0,721fffa47880,238
721fcb6c67c0,721fc57e29c0,234
721fcb6c67c0,721fae8bc100,242
721fcb6c67c0,721fd3d70880,236
721fcb6c67c0,721fec712f80,232
721fcb6c67c0,721fcded6a40,228
721fcb6c67c0,721ffc081480,242
721fcb6c67c0,721fb4acfc40,236
721fcb6c67c0,721fd623f9c0,242
721fcb6c67c0,721fcb708c40,232
721fcb6c67c0,72200d281000,236
721fcb6c67c0,721fa0b28380,236
721fcb6c67c0,721ff60706c0,234
721fcb6c67c0,721fbf744a80,232
721fcb6c67c0,721ff829f000,232
721fcb6c67c0,721fcd328640,232
721fcb6c67c0,721fa326aac0,232
721fcb6c67c0,721fe6735ec0,228
721fcb6c67c0,721fc0ea9bc0,364
72200ed41300,721f924c8980,232
72200ed41300,721fffa47880,238
72200ed41300,721fc57e29c0,234
72200ed41300,721fae8bc100,240
72200ed41300,721fd3d70880,236
72200ed41300,721fec712f80,234
72200ed41300,721fcded6a40,230
72200ed41300,721ffc081480,240
72200ed41300,721fb4acfc40,362
721f93bbe340,721f924c8980,232
721f93bbe340,721fffa47880,232
721f93bbe340,721fc57e29c0,234
721f93bbe340,721fae8bc100,234
721f93bbe340,721fd3d70880,234
721f93bbe340,721fec712f80,232
721f93bbe340,721fcded6a40,230
721f93bbe340,721ffc081480,234
721f93bbe340,721fb4acfc40,232
721f93bbe340,721fd623f9c0,234
721f93bbe340,721fcb708c40,230
721f93bbe340,72200d281000,234
721f93bbe340,721fa0b28380,234
721f93bbe340,721ff60706c0,232
721f93bbe340,721fbf744a80,360
721fbc1ab280,721f924c8980,232
721fbc1ab280,721fffa47880,234
721fbc1ab280,721fc57e29c0,234
721fbc1ab280,721fae8bc100,238
721fbc1ab280,721fd3d70880,236
721fbc1ab280,721fec712f80,236
721fbc1ab280,721fcded6a40,232
721fbc1ab280,721ffc081480,238
721fbc1ab280,721fb4acfc40,234
721fbc1ab280,721fd623f9c0,238
721fbc1ab280,721fcb708c40,230
721fbc1ab280,72200d281000,236
721fbc1ab280,721fa0b28380,236
721fbc1ab280,721ff60706c0,232
721fbc1ab280,721fbf744a80,230
721fbc1ab280,721ff829f000,232
721fbc1ab280,721fcd328640,230
721fbc1ab280,721fa326aac0,232
721fbc1ab280,721fe6735ec0,228
721fbc1ab280,721fc0ea9bc0,234
721fbc1ab280,721fbe278c40,238
721fbc1ab280,721f97ef9640,232
721fbc1ab280,721f94390480,236
721fbc1ab280,721fd0c990c0,360
721fd895b880,721f924c8980,232
721fd895b880,721fffa47880,230
721fd895b880,721fc57e29c0,358
721fcd39c500,721f924c8980,230
721fcd39c500,721fffa47880,234
721fcd39c500,721fc57e29c0,232
721fcd39c500,721fae8bc100,230
721fcd39c500,721fd3d70880,232
721fcd39c500,721fec712f80,234
721fcd39c500,721fcded6a40,232
721fcd39c500,721ffc081480,230
721fcd39c500,721fb4acfc40,232
721fcd39c500,721fd623f9c0,230
721fcd39c500,721fcb708c40,232
721fcd39c500,72200d281000,230
721fcd39c500,721fa0b28380,234
721fcd39c500,721ff60706c0,230
721fcd39c500,721fbf744a80,232
721fcd39c500,721ff829f000,356
721f9ab563c0,721f924c8980,232
721f9ab563c0,721fffa47880,236
721f9ab563c0,721fc57e29c0,236
721f9ab563c0,721fae8bc100,238
721f9ab563c0,721fd3d70880,236
721f9ab563c0,721fec712f80,234
721f9ab563c0,721fcded6a40,230
721f9ab563c0,721ffc081480,240
721f9ab563c0,721fb4acfc40,234
721f9ab563c0,721fd623f9c0,240
721f9ab563c0,721fcb708c40,230
721f9ab563c0,72200d281000,236
721f9ab563c0,721fa0b28380,236
721f9ab563c0,721ff60706c0,232
721f9ab563c0,721fbf744a80,358
722004866380,721f924c8980,232
722004866380,721fffa47880,230
722004866380,721fc57e29c0,230
722004866380,721fae8bc100,234
722004866380,721fd3d70880,234
722004866380,721fec712f80,234
722004866380,721fcded6a40,358
721fd4643a40,721f924c8980,228
721fd4643a40,721fffa47880,236
721fd4643a40,721fc57e29c0,236
721fd4643a40,721fae8bc100,234
721fd4643a40,721fd3d70880,232
721fd4643a40,721fec712f80,234
721fd4643a40,721fcded6a40,232
721fd4643a40,721ffc081480,234
721fd4643a40,721fb4acfc40,236
721fd4643a40,721fd623f9c0,238
721fd4643a40,721fcb708c40,232
721fd4643a40,72200d281000,232
721fd4643a40,721fa0b28380,360
722001fc66c0,721f924c8980,232
722001fc66c0,721fffa47880,230
722001fc66c0,721fc57e29c0,234
722001fc66c0,721fae8bc100,232
722001fc66c0,721fd3d70880,234
722001fc66c0,721fec712f80,230
722001fc66c0,721fcded6a40,228
722001fc66c0,721ffc081480,232
722001fc66c0,721fb4acfc40,232
722001fc66c0,721fd623f9c0,232
722001fc66c0,721fcb708c40,230
722001fc66c0,72200d281000,232
722001fc66c0,721fa0b28380,232
722001fc66c0,721ff60706c0,232
722001fc66c0,721fbf744a80,232
722001fc66c0,721ff829f000,232
722001fc66c0,721fcd328640,230
722001fc66c0,721fa326aac0,232
722001fc66c0,721fe6735ec0,356
721fb861b300,721f924c8980,232
721fb861b300,721fffa47880,232
721fb861b300,721fc57e29c0,232
721fb861b300,721fae8bc100,234
721fb861b300,721fd3d70880,234
721fb861b300,721fec712f80,234
721fb861b300,721fcded6a40,232
721fb861b300,721ffc081480,234
721fb861b300,721fb4acfc40,232
721fb861b300,721fd623f9c0,232
721fb861b300,721fcb708c40,230
721fb861b300,72200d281000,234
721fb861b300,721fa0b28380,234
721fb861b300,721ff60706c0,232
721fb861b300,721fbf744a80,232
721fb861b300,721ff829f000,232
721fb861b300,721fcd328640,232
721fb861b300,721fa326aac0,232
721fb861b300,721fe6735ec0,230
721fb861b300,721fc0ea9bc0,230
721fb861b300,721fbe278c40,234
721fb861b300,721f97ef9640,232
721fb861b300,721f94390480,232
721fb861b300,721fd0c990c0,360
721fc6600f40,721f924c8980,232
721fc6600f40,721fffa47880,242
721fc6600f40,721fc57e29c0,236
721fc6600f40,721fae8bc100,240
721fc6600f40,721fd3d70880,232
721fc6600f40,721fec712f80,236
721fc6600f40,721fcded6a40,232
721fc6600f40,721ffc081480,238
721fc6600f40,721fb4acfc40,236
721fc6600f40,721fd623f9c0,238
721fc6600f40,721fcb708c40,232
721fc6600f40,72200d281000,232
721fc6600f40,721fa0b28380,232
721fc6600f40,721ff60706c0,232
721fc6600f40,721fbf744a80,232
721fc6600f40,721ff829f000,228
721fc6600f40,721fcd328640,234
721fc6600f40,721fa326aac0,230
721fc6600f40,721fe6735ec0,232
721fc6600f40,721fc0ea9bc0,238
721fc6600f40,721fbe278c40,240
721fc6600f40,721f97ef9640,232
721fc6600f40,721f94390480,242
721fc6600f40,721fd0c990c0,236
721fc6600f40,721f96e97640,368
72200e6bbe80,721f924c8980,232
72200e6bbe80,721fffa47880,238
72200e6bbe80,721fc57e29c0,236
72200e6bbe80,721fae8bc100,240
72200e6bbe80,721fd3d70880,236
72200e6bbe80,721fec712f80,234
72200e6bbe80,721fcded6a40,228
72200e6bbe80,721ffc081480,240
72200e6bbe80,721fb4acfc40,234
72200e6bbe80,721fd623f9c0,240
72200e6bbe80,721fcb708c40,230
72200e6bbe80,72200d281000,236
72200e6bbe80,721fa0b28380,236
72200e6bbe80,721ff60706c0,232
72200e6bbe80,721fbf744a80,358
721ffce59f40,721f924c8980,230
721ffce59f40,721fffa47880,362
721fbce38600,721f924c8980,232
721fbce38600,721fffa47880,238
721fbce38600,721fc57e29c0,234
721fbce38600,721fae8bc100,240
721fbce38600,721fd3d70880,236
721fbce38600,721fec712f80,234
721fbce38600,721fcded6a40,230
721fbce38600,721ffc081480,240
721fbce38600,721fb4acfc40,362
721fbae5f180,721f924c8980,228
721fbae5f180,721fffa47880,242
721fbae5f180,721fc57e29c0,236
721fbae5f180,721fae8bc100,240
721fbae5f180,721fd3d70880,234
721fbae5f180,721fec712f80,236
721fbae5f180,721fcded6a40,232
721fbae5f180,721ffc081480,366
721fa411b600,721f924c8980,232
721fa411b600,721fffa47880,238
721fa411b600,721fc57e29c0,234
721fa411b600,721fae8bc100,238
721fa411b600,721fd3d70880,236
721fa411b600,721fec712f80,234
721fa411b600,721fcded6a40,228
721fa411b600,721ffc081480,238
721fa411b600,721fb4acfc40,236
721fa411b600,721fd623f9c0,236
721fa411b600,721fcb708c40,232
721fa411b600,72200d281000,236
721fa411b600,721fa0b28380,236
721fa411b600,721ff60706c0,232
721fa411b600,721fbf744a80,228
721fa411b600,721ff829f000,232
721fa411b600,721fcd328640,230
721fa411b600,721fa326aac0,232
721fa411b600,721fe6735ec0,228
721fa411b600,721fc0ea9bc0,236
721fa411b600,721fbe278c40,238
721fa411b600,721f97ef9640,232
721fa411b600,721f94390480,238
721fa411b600,721fd0c990c0,234
721fa411b600,721f96e97640,238
721fa411b600,721faccb7f40,234
721fa411b600,721f96156f40,236
721fa411b600,721fcc4c3180,236
721fa411b600,721fd27e6840,228
721fa411b600,721fae018dc0,228
721fa411b600,721fca6ddc40,236
721fa411b600,721fd9682240,362
721fb15caa40,721f924c8980,232
721fb15caa40,721fffa47880,230
721fb15caa40,721fc57e29c0,232
721fb15caa40,721fae8bc100,232
721fb15caa40,721fd3d70880,232
721fb15caa40,721fec712f80,358
721fbd48d9c0,721f924c8980,232
721fbd48d9c0,721fffa47880,238
721fbd48d9c0,721fc57e29c0,234
721fbd48d9c0,721fae8bc100,242
721fbd48d9c0,721fd3d70880,236
721fbd48d9c0,721fec712f80,362
721fe7da9b00,721f924c8980,232
721fe7da9b00,721fffa47880,238
721fe7da9b00,721fc57e29c0,362
721ffbaf1540,721f924c8980,230
721ffbaf1540,721fffa47880,242
721ffbaf1540,721fc57e29c0,236
721ffbaf1540,721fae8bc100,240
721ffbaf1540,721fd3d70880,234
721ffbaf1540,721fec712f80,236
721ffbaf1540,721fcded6a40,232
721ffbaf1540,721ffc081480,238
721ffbaf1540,721fb4acfc40,236
721ffbaf1540,721fd623f9c0,238
721ffbaf1540,721fcb708c40,232
721ffbaf1540,72200d281000,234
721ffbaf1540,721fa0b28380,362
7220007f6480,721f924c8980,232
7220007f6480,721fffa47880,238
7220007f6480,721fc57e29c0,234
7220007f6480,721fae8bc100,242
7220007f6480,721fd3d70880,236
7220007f6480,721fec712f80,236
7220007f6480,721fcded6a40,232
7220007f6480,721ffc081480,240
7220007f6480,721fb4acfc40,234
7220007f6480,721fd623f9c0,240
7220007f6480,721fcb708c40,230
7220007f6480,72200d281000,236
7220007f6480,721fa0b28380,236
7220007f6480,721ff60706c0,232
7220007f6480,721fbf744a80,230
7220007f6480,721ff829f000,232
7220007f6480,721fcd328640,230
7220007f6480,721fa326aac0,232
7220007f6480,721fe6735ec0,230
7220007f6480,721fc0ea9bc0,234
7220007f6480,721fbe278c40,242
7220007f6480,721f97ef9640,232
7220007f6480,721f94390480,238
7220007f6480,721fd0c990c0,360
721fcf31dd40,721f924c8980,232
721fcf31dd40,721fffa47880,236
721fcf31dd40,721fc57e29c0,234
721fcf31dd40,721fae8bc100,236
721fcf31dd40,721fd3d70880,236
721fcf31dd40,721fec712f80,234
721fcf31dd40,721fcded6a40,230
721fcf31dd40,721ffc081480,236
721fcf31dd40,721fb4acfc40,234
721fcf31dd40,721fd623f9c0,238
721fcf31dd40,721fcb708c40,230
721fcf31dd40,72200d281000,234
721fcf31dd40,721fa0b28380,234
721fcf31dd40,721ff60706c0,232
721fcf31dd40,721fbf744a80,228
721fcf31dd40,721ff829f000,232
721fcf31dd40,721fcd328640,232
721fcf31dd40,721fa326aac0,232
721fcf31dd40,721fe6735ec0,228
721fcf31dd40,721fc0ea9bc0,234
721fcf31dd40,721fbe278c40,238
721fcf31dd40,721f97ef9640,232
721fcf31dd40,721f94390480,236
721fcf31dd40,721fd0c990c0,234
721fcf31dd40,721f96e97640,238
721fcf31dd40,721faccb7f40,236
721fcf31dd40,721f96156f40,236
721fcf31dd40,721fcc4c3180,234
721fcf31dd40,721fd27e6840,356
721ff7839000,721f924c8980,232
721ff7839000,721fffa47880,240
721ff7839000,721fc57e29c0,234
721ff7839000,721fae8bc100,242
721ff7839000,721fd3d70880,236
721ff7839000,721fec712f80,236
721ff7839000,721fcded6a40,232
721ff7839000,721ffc081480,242
721ff7839000,721fb4acfc40,234
721ff7839000,721fd623f9c0,242
721ff7839000,721fcb708c40,230
721ff7839000,72200d281000,236
721ff7839000,721fa0b28380,236
721ff7839000,721ff60706c0,232
721ff7839000,721fbf744a80,230
721ff7839000,721ff829f000,232
721ff7839000,721fcd328640,230
721ff7839000,721fa326aac0,232
721ff7839000,721fe6735ec0,230
721ff7839000,721fc0ea9bc0,234
721ff7839000,721fbe278c40,242
721ff7839000,721f97ef9640,232
721ff7839000,721f94390480,238
721ff7839000,721fd0c990c0,362
721fad986dc0,721f924c8980,232
721fad986dc0,721fffa47880,236
721fad986dc0,721fc57e29c0,234
721fad986dc0,721fae8bc100,236
721fad986dc0,721fd3d70880,234
721fad986dc0,721fec712f80,232
721fad986dc0,721fcded6a40,228
721fad986dc0,721ffc081480,236
721fad986dc0,721fb4acfc40,234
721fad986dc0,721fd623f9c0,238
721fad986dc0,721fcb708c40,230
721fad986dc0,72200d281000,234
721fad986dc0,721fa0b28380,234
721fad986dc0,721ff60706c0,234
721fad986dc0,721fbf744a80,228
721fad986dc0,721ff829f000,232
721fad986dc0,721fcd328640,358
721f9b50c480,721f924c8980,232
721f9b50c480,721fffa47880,240
721f9b50c480,721fc57e29c0,236
721f9b50c480,721fae8bc100,242
721f9b50c480,721fd3d70880,236
721f9b50c480,721fec712f80,234
721f9b50c480,721fcded6a40,230
721f9b50c480,721ffc081480,242
721f9b50c480,721fb4acfc40,234
721f9b50c480,721fd623f9c0,240
721f9b50c480,721fcb708c40,230
721f9b50c480,72200d281000,236
721f9b50c480,721fa0b28380,236
721f9b50c480,721ff60706c0,232
721f9b50c480,721fbf744a80,232
721f9b50c480,721ff829f000,232
721f9b50c480,721fcd328640,230
721f9b50c480,721fa326aac0,232
721f9b50c480,721fe6735ec0,358
721fd24d65c0,721f924c8980,230
721fd24d65c0,721fffa47880,232
721fd24d65c0,721fc57e29c0,234
721fd24d65c0,721fae8bc100,234
721fd24d65c0,721fd3d70880,360
721fffffcbc0,721f924c8980,232
721fffffcbc0,721fffa47880,236
721fffffcbc0,721fc57e29c0,234
721fffffcbc0,721fae8bc100,236
721fffffcbc0,721fd3d70880,234
721fffffcbc0,721fec712f80,232
721fffffcbc0,721fcded6a40,230
721fffffcbc0,721ffc081480,236
721fffffcbc0,721fb4acfc40,236
721fffffcbc0,721fd623f9c0,238
721fffffcbc0,721fcb708c40,234
721fffffcbc0,72200d281000,234
721fffffcbc0,721fa0b28380,234
721fffffcbc0,721ff60706c0,232
721fffffcbc0,721fbf744a80,228
721fffffcbc0,721ff829f000,232
721fffffcbc0,721fcd328640,230
721fffffcbc0,721fa326aac0,232
721fffffcbc0,721fe6735ec0,228
721fffffcbc0,721fc0ea9bc0,238
721fffffcbc0,721fbe278c40,240
721fffffcbc0,721f97ef9640,232
721fffffcbc0,721f94390480,234
721fffffcbc0,721fd0c990c0,234
721fffffcbc0,721f96e97640,240
721fffffcbc0,721faccb7f40,238
721fffffcbc0,721f96156f40,236
721fffffcbc0,721fcc4c3180,236
721fffffcbc0,721fd27e6840,228
721fffffcbc0,721fae018dc0,228
721fffffcbc0,721fca6ddc40,236
721fffffcbc0,721fd9682240,362
721f9fe3f500,721f924c8980,230
721f9fe3f500,721fffa47880,240
721f9fe3f500,721fc57e29c0,236
721f9fe3f500,721fae8bc100,366
721fd37389c0,721f924c8980,232
721fd37389c0,721fffa47880,236
721fd37389c0,721fc57e29c0,362
721fe4329680,721f924c8980,230
721fe4329680,721fffa47880,234
721fe4329680,721fc57e29c0,234
721fe4329680,721fae8bc100,360
721fdc705cc0,721f924c8980,230
721fdc705cc0,721fffa47880,240
721fdc705cc0,721fc57e29c0,236
721fdc705cc0,721fae8bc100,236
721fdc705cc0,721fd3d70880,232
721fdc705cc0,721fec712f80,236
721fdc705cc0,721fcded6a40,232
721fdc705cc0,721ffc081480,236
721fdc705cc0,721fb4acfc40,236
721fdc705cc0,721fd623f9c0,236
721fdc705cc0,721fcb708c40,232
721fdc705cc0,72200d281000,232
721fdc705cc0,721fa0b28380,362
721fd3679d00,721f924c8980,232
721fd3679d00,721fffa47880,238
721fd3679d00,721fc57e29c0,232
721fd3679d00,721fae8bc100,242
721fd3679d00,721fd3d70880,236
721fd3679d00,721fec712f80,236
721fd3679d00,721fcded6a40,232
721fd3679d00,721ffc081480,240
721fd3679d00,721fb4acfc40,232
721fd3679d00,721fd623f9c0,242
721fd3679d00,721fcb708c40,230
721fd3679d00,72200d281000,236
721fd3679d00,721fa0b28380,236
721fd3679d00,721ff60706c0,232
721fd3679d00,721fbf744a80,230
721fd3679d00,721ff829f000,232
721fd3679d00,721fcd328640,230
721fd3679d00,721fa326aac0,232
721fd3679d00,721fe6735ec0,228
721fd3679d00,721fc0ea9bc0,234
721fd3679d00,721fbe278c40,242
721fd3679d00,721f97ef9640,232
721fd3679d00,721f94390480,240
721fd3679d00,721fd0c990c0,362
721fe90e7a00,721f924c8980,230
721fe90e7a00,721fffa47880,234
721fe90e7a00,721fc57e29c0,234
721fe90e7a00,721fae8bc100,232
721fe90e7a00,721fd3d70880,232
721fe90e7a00,721fec712f80,234
721fe90e7a00,721fcded6a40,232
721fe90e7a00,721ffc081480,360
722009ab0f80,721f924c8980,232
722009ab0f80,721fffa47880,232
722009ab0f80,721fc57e29c0,234
722009ab0f80,721fae8bc100,236
722009ab0f80,721fd3d70880,234
722009ab0f80,721fec712f80,232
722009ab0f80,721fcded6a40,230
722009ab0f80,721ffc081480,234
722009ab0f80,721fb4acfc40,232
722009ab0f80,721fd623f9c0,234
722009ab0f80,721fcb708c40,230
722009ab0f80,72200d281000,236
722009ab0f80,721fa0b28380,234
722009ab0f80,721ff60706c0,232
722009ab0f80,721fbf744a80,234
722009ab0f80,721ff829f000,232
722009ab0f80,721fcd328640,230
722009ab0f80,721fa326aac0,232
722009ab0f80,721fe6735ec0,232
722009ab0f80,721fc0ea9bc0,230
722009ab0f80,721fbe278c40,234
722009ab0f80,721f97ef9640,232
722009ab0f80,721f94390480,232
722009ab0f80,721fd0c990c0,232
722009ab0f80,721f96e97640,234
722009ab0f80,721faccb7f40,230
722009ab0f80,721f96156f40,234
722009ab0f80,721fcc4c3180,234
722009ab0f80,721fd27e6840,230
722009ab0f80,721fae018dc0,356
721f9d1d55c0,721f924c8980,230
721f9d1d55c0,721fffa47880,232
721f9d1d55c0,721fc57e29c0,234
721f9d1d55c0,721fae8bc100,232
721f9d1d55c0,721fd3d70880,232
721f9d1d55c0,721fec712f80,234
721f9d1d55c0,721fcded6a40,232
721f9d1d55c0,721ffc081480,232
721f9d1d55c0,721fb4acfc40,236
721f9d1d55c0,721fd623f9c0,232
721f9d1d55c0,721fcb708c40,232
721f9d1d55c0,72200d281000,232
721f9d1d55c0,721fa0b28380,360
721fa7683f00,721f924c8980,232
721fa7683f00,721fffa47880,240
721fa7683f00,721fc57e29c0,234
721fa7683f00,721fae8bc100,240
721fa7683f00,721fd3d70880,234
721fa7683f00,721fec712f80,236
721fa7683f00,721fcded6a40,232
721fa7683f00,721ffc081480,238
721fa7683f00,721fb4acfc40,234
721fa7683f00,721fd623f9c0,238
721fa7683f00,721fcb708c40,232
721fa7683f00,72200d281000,234
721fa7683f00,721fa0b28380,234
721fa7683f00,721ff60706c0,230
721fa7683f00,721fbf744a80,232
721fa7683f00,721ff829f000,228
721fa7683f00,721fcd328640,232
721fa7683f00,721fa326aac0,230
721fa7683f00,721fe6735ec0,232
721fa7683f00,721fc0ea9bc0,238
721fa7683f00,721fbe278c40,240
721fa7683f00,721f97ef9640,358
721f95807340,721f924c8980,230
721f95807340,721fffa47880,234
721f95807340,721fc57e29c0,232
721f95807340,721fae8bc100,238
721f95807340,721fd3d70880,234
721f95807340,721fec712f80,234
721f95807340,721fcded6a40,232
721f95807340,721ffc081480,236
721f95807340,721fb4acfc40,232
721f95807340,721fd623f9c0,238
721f95807340,721fcb708c40,230
721f95807340,72200d281000,234
721f95807340,721fa0b28380,234
721f95807340,721ff60706c0,232
721f95807340,721fbf744a80,228
721f95807340,721ff829f000,232
721f95807340,721fcd328640,230
721f95807340,721fa326aac0,232
721f95807340,721fe6735ec0,228
721f95807340,721fc0ea9bc0,234
721f95807340,721fbe278c40,238
721f95807340,721f97ef9640,232
721f95807340,721f94390480,234
721f95807340,721fd0c990c0,362
721f92c3b940,721f924c8980,228
721f92c3b940,721fffa47880,242
721f92c3b940,721fc57e29c0,236
721f92c3b940,721fae8bc100,240
721f92c3b940,721fd3d70880,234
721f92c3b940,721fec712f80,236
721f92c3b940,721fcded6a40,232
721f92c3b940,721ffc081480,242
721f92c3b940,721fb4acfc40,236
721f92c3b940,721fd623f9c0,238
721f92c3b940,721fcb708c40,232
721f92c3b940,72200d281000,360
721fecec7940,721f924c8980,232
721fecec7940,721fffa47880,236
721fecec7940,721fc57e29c0,234
721fecec7940,721fae8bc100,238
721fecec7940,721fd3d70880,234
721fecec7940,721fec712f80,234
721fecec7940,721fcded6a40,230
721fecec7940,721ffc081480,240
721fecec7940,721fb4acfc40,236
721fecec7940,721fd623f9c0,240
721fecec7940,721fcb708c40,358
7220089cda00,721f924c8980,232
7220089cda00,721fffa47880,238
7220089cda00,721fc57e29c0,234
7220089cda00,721fae8bc100,242
7220089cda00,721fd3d70880,236
7220089cda00,721fec712f80,234
7220089cda00,721fcded6a40,230
7220089cda00,721ffc081480,242
7220089cda00,721fb4acfc40,236
7220089cda00,721fd623f9c0,240
7220089cda00,721fcb708c40,232
7220089cda00,72200d281000,236
7220089cda00,721fa0b28380,236
7220089cda00,721ff60706c0,234
7220089cda00,721fbf744a80,230
7220089cda00,721ff829f000,232
7220089cda00,721fcd328640,230
7220089cda00,721fa326aac0,232
7220089cda00,721fe6735ec0,230
7220089cda00,721fc0ea9bc0,238
7220089cda00,721fbe278c40,242
7220089cda00,721f97ef9640,232
7220089cda00,721f94390480,238
7220089cda00,721fd0c990c0,232
7220089cda00,721f96e97640,242
7220089cda00,721faccb7f40,238
7220089cda00,721f96156f40,236
7220089cda00,721fcc4c3180,236
7220089cda00,721fd27e6840,230
7220089cda00,721fae018dc0,230
7220089cda00,721fca6ddc40,236
7220089cda00,721fd9682240,366
721fbc456c80,721f924c8980,230
721fbc456c80,721fffa47880,240
721fbc456c80,721fc57e29c0,236
721fbc456c80,721fae8bc100,236
721fbc456c80,721fd3d70880,234
721fbc456c80,721fec712f80,236
721fbc456c80,721fcded6a40,232
721fbc456c80,721ffc081480,240
721fbc456c80,721fb4acfc40,236
721fbc456c80,721fd623f9c0,236
721fbc456c80,721fcb708c40,232
721fbc456c80,72200d281000,362
721fa46c88c0,721f924c8980,232
721fa46c88c0,721fffa47880,236
721fa46c88c0,721fc57e29c0,236
721fa46c88c0,721fae8bc100,240
721fa46c88c0,721fd3d70880,236
721fa46c88c0,721fec712f80,234
721fa46c88c0,721fcded6a40,230
721fa46c88c0,721ffc081480,240
721fa46c88c0,721fb4acfc40,234
721fa46c88c0,721fd623f9c0,240
721fa46c88c0,721fcb708c40,230
721fa46c88c0,72200d281000,236
721fa46c88c0,721fa0b28380,236
721fa46c88c0,721ff60706c0,232
721fa46c88c0,721fbf744a80,232
721fa46c88c0,721ff829f000,232
721fa46c88c0,721fcd328640,230
721fa46c88c0,721fa326aac0,232
721fa46c88c0,721fe6735ec0,356
7220082898c0,721f924c8980,230
7220082898c0,721fffa47880,234
7220082898c0,721fc57e29c0,236
7220082898c0,721fae8bc100,238
7220082898c0,721fd3d70880,236
7220082898c0,721fec712f80,232
7220082898c0,721fcded6a40,230
7220082898c0,721ffc081480,236
7220082898c0,721fb4acfc40,234
7220082898c0,721fd623f9c0,238
7220082898c0,721fcb708c40,230
7220082898c0,72200d281000,236
7220082898c0,721fa0b28380,236
7220082898c0,721ff60706c0,232
7220082898c0,721fbf744a80,232
7220082898c0,721ff829f000,230
7220082898c0,721fcd328640,230
7220082898c0,721fa326aac0,232
7220082898c0,721fe6735ec0,358
721faa4b0bc0,721f924c8980,232
721faa4b0bc0,721fffa47880,238
721faa4b0bc0,721fc57e29c0,234
721faa4b0bc0,721fae8bc100,242
721faa4b0bc0,721fd3d70880,236
721faa4b0bc0,721fec712f80,234
721faa4b0bc0,721fcded6a40,230
721faa4b0bc0,721ffc081480,240
721faa4b0bc0,721fb4acfc40,236
721faa4b0bc0,721fd623f9c0,240
721faa4b0bc0,721fcb708c40,232
721faa4b0bc0,72200d281000,236
721faa4b0bc0,721fa0b28380,236
721faa4b0bc0,721ff60706c0,234
721faa4b0bc0,721fbf744a80,230
721faa4b0bc0,721ff829f000,232
721faa4b0bc0,721fcd328640,232
721faa4b0bc0,721fa326aac0,232
721faa4b0bc0,721fe6735ec0,230
721faa4b0bc0,721fc0ea9bc0,238
721faa4b0bc0,721fbe278c40,242
721faa4b0bc0,721f97ef9640,232
721faa4b0bc0,721f94390480,238
721faa4b0bc0,721fd0c990c0,234
721faa4b0bc0,721f96e97640,242
721faa4b0bc0,721faccb7f40,238
721faa4b0bc0,721f96156f40,236
721faa4b0bc0,721fcc4c3180,236
721faa4b0bc0,721fd27e6840,230
721faa4b0bc0,721fae018dc0,230
721faa4b0bc0,721fca6ddc40,236
721faa4b0bc0,721fd9682240,366
721fd2700ec0,721f924c8980,228
721fd2700ec0,721fffa47880,236
721fd2700ec0,721fc57e29c0,236
721fd2700ec0,721fae8bc100,234
721fd2700ec0,721fd3d70880,232
721fd2700ec0,721fec712f80,234
721fd2700ec0,721fcded6a40,232
721fd2700ec0,721ffc081480,234
721fd2700ec0,721fb4acfc40,236
721fd2700ec0,721fd623f9c0,234
721fd2700ec0,721fcb708c40,232
721fd2700ec0,72200d281000,232
721fd2700ec0,721fa0b28380,362
721fb42e8a40,721f924c8980,232
721fb42e8a40,721fffa47880,234
721fb42e8a40,721fc57e29c0,234
721fb42e8a40,721fae8bc100,232
721fb42e8a40,721fd3d70880,232
721fb42e8a40,721fec712f80,234
721fb42e8a40,721fcded6a40,232
721fb42e8a40,721ffc081480,232
721fb42e8a40,721fb4acfc40,234
721fb42e8a40,721fd623f9c0,232
721fb42e8a40,721fcb708c40,234
721fb42e8a40,72200d281000,232
721fb42e8a40,721fa0b28380,232
721fb42e8a40,721ff60706c0,232
721fb42e8a40,721fbf744a80,232
721fb42e8a40,721ff829f000,230
721fb42e8a40,721fcd328640,232
721fb42e8a40,721fa326aac0,230
721fb42e8a40,721fe6735ec0,232
721fb42e8a40,721fc0ea9bc0,234
721fb42e8a40,721fbe278c40,232
721fb42e8a40,721f97ef9640,232
721fb42e8a40,721f94390480,234
721fb42e8a40,721fd0c990c0,234
721fb42e8a40,721f96e97640,234
721fb42e8a40,721faccb7f40,234
721fb42e8a40,721f96156f40,232
721fb42e8a40,721fcc4c3180,360
721fbf7cc200,721f924c8980,228
721fbf7cc200,721fffa47880,240
721fbf7cc200,721fc57e29c0,236
721fbf7cc200,721fae8bc100,240
721fbf7cc200,721fd3d70880,234
721fbf7cc200,721fec712f80,236
721fbf7cc200,721fcded6a40,232
721fbf7cc200,721ffc081480,240
721fbf7cc200,721fb4acfc40,236
721fbf7cc200,721fd623f9c0,238
721fbf7cc200,721fcb708c40,232
721fbf7cc200,72200d281000,236
721fbf7cc200,721fa0b28380,234
721fbf7cc200,721ff60706c0,358
721ff4ecb940,721f924c8980,232
721ff4ecb940,721fffa47880,236
721ff4ecb940,721fc57e29c0,234
721ff4ecb940,721fae8bc100,236
721ff4ecb940,721fd3d70880,234
721ff4ecb940,721fec712f80,234
721ff4ecb940,721fcded6a40,232
721ff4ecb940,721ffc081480,236
721ff4ecb940,721fb4acfc40,234
721ff4ecb940,721fd623f9c0,238
721ff4ecb940,721fcb708c40,230
721ff4ecb940,72200d281000,234
721ff4ecb940,721fa0b28380,234
721ff4ecb940,721ff60706c0,232
721ff4ecb940,721fbf744a80,228
721ff4ecb940,721ff829f000,232
721ff4ecb940,721fcd328640,230
721ff4ecb940,721fa326aac0,232
721ff4ecb940,721fe6735ec0,228
721ff4ecb940,721fc0ea9bc0,234
721ff4ecb940,721fbe278c40,238
721ff4ecb940,721f97ef9640,232
721ff4ecb940,721f94390480,234
721ff4ecb940,721fd0c990c0,362
721fe2976400,721f924c8980,232
721fe2976400,721fffa47880,238
721fe2976400,721fc57e29c0,234
721fe2976400,721fae8bc100,242
721fe2976400,721fd3d70880,236
721fe2976400,721fec712f80,234
721fe2976400,721fcded6a40,230
721fe2976400,721ffc081480,240
721fe2976400,721fb4acfc40,236
721fe2976400,721fd623f9c0,242
721fe2976400,721fcb708c40,232
721fe2976400,72200d281000,236
721fe2976400,721fa0b28380,236
721fe2976400,721ff60706c0,232
721fe2976400,721fbf744a80,230
721fe2976400,721ff829f000,232
721fe2976400,721fcd328640,230
721fe2976400,721fa326aac0,232
721fe2976400,721fe6735ec0,230
721fe2976400,721fc0ea9bc0,238
721fe2976400,721fbe278c40,244
721fe2976400,721f97ef9640,232
721fe2976400,721f94390480,238
721fe2976400,721fd0c990c0,234
721fe2976400,721f96e97640,244
721fe2976400,721faccb7f40,238
721fe2976400,721f96156f40,236
721fe2976400,721fcc4c3180,236
721fe2976400,721fd27e6840,230
721fe2976400,721fae018dc0,230
721fe2976400,721fca6ddc40,236
721fe2976400,721fd9682240,366
721f98775d40,721f924c8980,232
721f98775d40,721fffa47880,236
721f98775d40,721fc57e29c0,234
721f98775d40,721fae8bc100,242
721f98775d40,721fd3d70880,236
721f98775d40,721fec712f80,236
721f98775d40,721fcded6a40,232
721f98775d40,721ffc081480,240
721f98775d40,721fb4acfc40,234
721f98775d40,721fd623f9c0,240
721f98775d40,721fcb708c40,230
721f98775d40,72200d281000,236
721f98775d40,721fa0b28380,236
721f98775d40,721ff60706c0,234
721f98775d40,721fbf744a80,232
721f98775d40,721ff829f000,232
721f98775d40,721fcd328640,230
721f98775d40,721fa326aac0,232
721f98775d40,721fe6735ec0,230
721f98775d40,721fc0ea9bc0,236
721f98775d40,721fbe278c40,242
721f98775d40,721f97ef9640,232
721f98775d40,721f94390480,238
721f98775d40,721fd0c990c0,236
721f98775d40,721f96e97640,242
721f98775d40,721faccb7f40,366
721fe1bbcec0,721f924c8980,232
721fe1bbcec0,721fffa47880,230
721fe1bbcec0,721fc57e29c0,230
721fe1bbcec0,721fae8bc100,232
721fe1bbcec0,721fd3d70880,232
721fe1bbcec0,721fec712f80,230
721fe1bbcec0,721fcded6a40,228
721fe1bbcec0,721ffc081480,232
721fe1bbcec0,721fb4acfc40,360
721fd436c8c0,721f924c8980,230
721fd436c8c0,721fffa47880,242
721fd436c8c0,721fc57e29c0,236
721fd436c8c0,721fae8bc100,240
721fd436c8c0,721fd3d70880,232
721fd436c8c0,721fec712f80,236
721fd436c8c0,721fcded6a40,232
721fd436c8c0,721ffc081480,238
721fd436c8c0,721fb4acfc40,236
721fd436c8c0,721fd623f9c0,238
721fd436c8c0,721fcb708c40,232
721fd436c8c0,72200d281000,234
721fd436c8c0,721fa0b28380,360
721fd8c93ac0,721f924c8980,232
721fd8c93ac0,721fffa47880,238
721fd8c93ac0,721fc57e29c0,234
721fd8c93ac0,721fae8bc100,242
721fd8c93ac0,721fd3d70880,236
721fd8c93ac0,721fec712f80,236
721fd8c93ac0,721fcded6a40,232
721fd8c93ac0,721ffc081480,242
721fd8c93ac0,721fb4acfc40,234
721fd8c93ac0,721fd623f9c0,240
721fd8c93ac0,721fcb708c40,230
721fd8c93ac0,72200d281000,236
721fd8c93ac0,721fa0b28380,236
721fd8c93ac0,721ff60706c0,234
721fd8c93ac0,721fbf744a80,232
721fd8c93ac0,721ff829f000,232
721fd8c93ac0,721fcd328640,232
721fd8c93ac0,721fa326aac0,232
721fd8c93ac0,721fe6735ec0,230
721fd8c93ac0,721fc0ea9bc0,236
721fd8c93ac0,721fbe278c40,242
721fd8c93ac0,721f97ef9640,232
721fd8c93ac0,721f94390480,238
721fd8c93ac0,721fd0c990c0,236
721fd8c93ac0,721f96e97640,242
721fd8c93ac0,721faccb7f40,366
721fca5f5ec0,721f924c8980,232
721fca5f5ec0,721fffa47880,232
721fca5f5ec0,721fc57e29c0,232
721fca5f5ec0,721fae8bc100,234
721fca5f5ec0,721fd3d70880,234
721fca5f5ec0,721fec712f80,232
721fca5f5ec0,721fcded6a40,230
721fca5f5ec0,721ffc081480,234
721fca5f5ec0,721fb4acfc40,232
721fca5f5ec0,721fd623f9c0,234
721fca5f5ec0,721fcb708c40,232
721fca5f5ec0,72200d281000,234
721fca5f5ec0,721fa0b28380,234
721fca5f5ec0,721ff60706c0,232
721fca5f5ec0,721fbf744a80,232
721fca5f5ec0,721ff829f000,232
721fca5f5ec0,721fcd328640,236
721fca5f5ec0,721fa326aac0,232
721fca5f5ec0,721fe6735ec0,230
721fca5f5ec0,721fc0ea9bc0,232
721fca5f5ec0,721fbe278c40,234
721fca5f5ec0,721f97ef9640,232
721fca5f5ec0,721f94390480,234
721fca5f5ec0,721fd0c990c0,232
721fca5f5ec0,721f96e97640,234
721fca5f5ec0,721faccb7f40,232
721fca5f5ec0,721f96156f40,234
721fca5f5ec0,721fcc4c3180,234
721fca5f5ec0,721fd27e6840,358
721ff2ef36c0,721f924c8980,356
721fe539ff40,721f924c8980,228
721fe539ff40,721fffa47880,242
721fe539ff40,721fc57e29c0,236
721fe539ff40,721fae8bc100,240
721fe539ff40,721fd3d70880,234
721fe539ff40,721fec712f80,236
721fe539ff40,721fcded6a40,232
721fe539ff40,721ffc081480,240
721fe539ff40,721fb4acfc40,236
721fe539ff40,721fd623f9c0,238
721fe539ff40,721fcb708c40,232
721fe539ff40,72200d281000,234
721fe539ff40,721fa0b28380,362
72200dccc480,721f924c8980,230
72200dccc480,721fffa47880,234
72200dccc480,721fc57e29c0,234
72200dccc480,721fae8bc100,234
72200dccc480,721fd3d70880,234
72200dccc480,721fec712f80,234
72200dccc480,721fcded6a40,232
72200dccc480,721ffc081480,232
72200dccc480,721fb4acfc40,234
72200dccc480,721fd623f9c0,358
721fe40f0280,721f924c8980,232
721fe40f0280,721fffa47880,238
721fe40f0280,721fc57e29c0,234
721fe40f0280,721fae8bc100,244
721fe40f0280,721fd3d70880,236
721fe40f0280,721fec712f80,234
721fe40f0280,721fcded6a40,228
721fe40f0280,721ffc081480,242
721fe40f0280,721fb4acfc40,236
721fe40f0280,721fd623f9c0,242
721fe40f0280,721fcb708c40,232
721fe40f0280,72200d281000,236
721fe40f0280,721fa0b28380,236
721fe40f0280,721ff60706c0,232
721fe40f0280,721fbf744a80,230
721fe40f0280,721ff829f000,232
721fe40f0280,721fcd328640,230
721fe40f0280,721fa326aac0,232
721fe40f0280,721fe6735ec0,228
721fe40f0280,721fc0ea9bc0,364
721ff63df440,721f924c8980,232
721ff63df440,721fffa47880,240
721ff63df440,721fc57e29c0,236
721ff63df440,721fae8bc100,236
721ff63df440,721fd3d70880,234
721ff63df440,721fec712f80,236
721ff63df440,721fcded6a40,232
721ff63df440,721ffc081480,236
721ff63df440,721fb4acfc40,236
721ff63df440,721fd623f9c0,238
721ff63df440,721fcb708c40,232
721ff63df440,72200d281000,234
721ff63df440,721fa0b28380,234
721ff63df440,721ff60706c0,230
721ff63df440,721fbf744a80,232
721ff63df440,721ff829f000,228
721ff63df440,721fcd328640,232
721ff63df440,721fa326aac0,228
721ff63df440,721fe6735ec0,232
721ff63df440,721fc0ea9bc0,238
721ff63df440,721fbe278c40,236
721ff63df440,721f97ef9640,232
721ff63df440,721f94390480,240
721ff63df440,721fd0c990c0,236
721ff63df440,721f96e97640,240
721ff63df440,721faccb7f40,240
721ff63df440,721f96156f40,234
721ff63df440,721fcc4c3180,360
721fd2604e80,721f924c8980,228
721fd2604e80,721fffa47880,240
721fd2604e80,721fc57e29c0,238
721fd2604e80,721fae8bc100,238
721fd2604e80,721fd3d70880,234
721fd2604e80,721fec712f80,236
721fd2604e80,721fcded6a40,232
721fd2604e80,721ffc081480,238
721fd2604e80,721fb4acfc40,236
721fd2604e80,721fd623f9c0,236
721fd2604e80,721fcb708c40,232
721fd2604e80,72200d281000,234
721fd2604e80,721fa0b28380,362
721fb9619940,721f924c8980,232
721fb9619940,721fffa47880,230
721fb9619940,721fc57e29c0,234
721fb9619940,721fae8bc100,232
721fb9619940,721fd3d70880,232
721fb9619940,721fec712f80,230
721fb9619940,721fcded6a40,230
721fb9619940,721ffc081480,232
721fb9619940,721fb4acfc40,230
721fb9619940,721fd623f9c0,234
721fb9619940,721fcb708c40,230
721fb9619940,72200d281000,232
721fb9619940,721fa0b28380,232
721fb9619940,721ff60706c0,232
721fb9619940,721fbf744a80,232
721fb9619940,721ff829f000,232
721fb9619940,721fcd328640,230
721fb9619940,721fa326aac0,232
721fb9619940,721fe6735ec0,356
721fc3ce5100,721f924c8980,232
721fc3ce5100,721fffa47880,238
721fc3ce5100,721fc57e29c0,234
721fc3ce5100,721fae8bc100,242
721fc3ce5100,721fd3d70880,236
721fc3ce5100,721fec712f80,236
721fc3ce5100,721fcded6a40,232
721fc3ce5100,721ffc081480,242
721fc3ce5100,721fb4acfc40,234
721fc3ce5100,721fd623f9c0,242
721fc3ce5100,721fcb708c40,230
721fc3ce5100,72200d281000,236
721fc3ce5100,721fa0b28380,236
721fc3ce5100,721ff60706c0,232
721fc3ce5100,721fbf744a80,230
721fc3ce5100,721ff829f000,232
721fc3ce5100,721fcd328640,230
721fc3ce5100,721fa326aac0,232
721fc3ce5100,721fe6735ec0,228
721fc3ce5100,721fc0ea9bc0,234
721fc3ce5100,721fbe278c40,242
721fc3ce5100,721f97ef9640,232
721fc3ce5100,721f94390480,240
721fc3ce5100,721fd0c990c0,236
721fc3ce5100,721f96e97640,242
721fc3ce5100,721faccb7f40,366
721f96e7ebc0,721f924c8980,232
721f96e7ebc0,721fffa47880,236
721f96e7ebc0,721fc57e29c0,232
721f96e7ebc0,721fae8bc100,238
721f96e7ebc0,721fd3d70880,234
721f96e7ebc0,721fec712f80,234
721f96e7ebc0,721fcded6a40,230
721f96e7ebc0,721ffc081480,234
721f96e7ebc0,721fb4acfc40,232
721f96e7ebc0,721fd623f9c0,238
721f96e7ebc0,721fcb708c40,230
721f96e7ebc0,72200d281000,236
721f96e7ebc0,721fa0b28380,236
721f96e7ebc0,721ff60706c0,232
721f96e7ebc0,721fbf744a80,228
721f96e7ebc0,721ff829f000,232
721f96e7ebc0,721fcd328640,358
721f93901340,721f924c8980,232
721f93901340,721fffa47880,240
721f93901340,721fc57e29c0,234
721f93901340,721fae8bc100,238
721f93901340,721fd3d70880,236
721f93901340,721fec712f80,234
721f93901340,721fcded6a40,230
721f93901340,721ffc081480,240
721f93901340,721fb4acfc40,234
721f93901340,721fd623f9c0,240
721f93901340,721fcb708c40,230
721f93901340,72200d281000,236
721f93901340,721fa0b28380,236
721f93901340,721ff60706c0,232
721f93901340,721fbf744a80,230
721f93901340,721ff829f000,232
721f93901340,721fcd328640,232
721f93901340,721fa326aac0,232
721f93901340,721fe6735ec0,228
721f93901340,721fc0ea9bc0,236
721f93901340,721fbe278c40,240
721f93901340,721f97ef9640,232
721f93901340,721f94390480,240
721f93901340,721fd0c990c0,234
721f93901340,721f96e97640,240
721f93901340,721faccb7f40,236
721f93901340,721f96156f40,236
721f93901340,721fcc4c3180,236
721f93901340,721fd27e6840,356
721fbe996080,721f924c8980,228
721fbe996080,721fffa47880,240
721fbe996080,721fc57e29c0,236
721fbe996080,721fae8bc100,240
721fbe996080,721fd3d70880,234
721fbe996080,721fec712f80,236
721fbe996080,721fcded6a40,232
721fbe996080,721ffc081480,242
721fbe996080,721fb4acfc40,236
721fbe996080,721fd623f9c0,238
721fbe996080,721fcb708c40,232
721fbe996080,72200d281000,362
721fa5254180,721f924c8980,228
721fa5254180,721fffa47880,240
721fa5254180,721fc57e29c0,236
721fa5254180,721fae8bc100,368
721fac185280,721f924c8980,232
721fac185280,721fffa47880,230
721fac185280,721fc57e29c0,230
721fac185280,721fae8bc100,234
721fac185280,721fd3d70880,234
721fac185280,721fec712f80,230
721fac185280,721fcded6a40,230
721fac185280,721ffc081480,234
721fac185280,721fb4acfc40,232
721fac185280,721fd623f9c0,232
721fac185280,721fcb708c40,232
721fac185280,72200d281000,234
721fac185280,721fa0b28380,234
721fac185280,721ff60706c0,232
721fac185280,721fbf744a80,230
721fac185280,721ff829f000,232
721fac185280,721fcd328640,230
721fac185280,721fa326aac0,232
721fac185280,721fe6735ec0,230
721fac185280,721fc0ea9bc0,358
721fc539d400,721f924c8980,232
721fc539d400,721fffa47880,232
721fc539d400,721fc57e29c0,230
721fc539d400,721fae8bc100,234
721fc539d400,721fd3d70880,234
721fc539d400,721fec712f80,232
721fc539d400,721fcded6a40,228
721fc539d400,721ffc081480,234
721fc539d400,721fb4acfc40,232
721fc539d400,721fd623f9c0,234
721fc539d400,721fcb708c40,232
721fc539d400,72200d281000,234
721fc539d400,721fa0b28380,234
721fc539d400,721ff60706c0,232
721fc539d400,721fbf744a80,230
721fc539d400,721ff829f000,232
721fc539d400,721fcd328640,230
721fc539d400,721fa326aac0,232
721fc539d400,721fe6735ec0,228
721fc539d400,721fc0ea9bc0,358
721fa908fb00,721f924c8980,230
721fa908fb00,721fffa47880,234
721fa908fb00,721fc57e29c0,234
721fa908fb00,721fae8bc100,232
721fa908fb00,721fd3d70880,232
721fa908fb00,721fec712f80,234
721fa908fb00,721fcded6a40,232
721fa908fb00,721ffc081480,234
721fa908fb00,721fb4acfc40,234
721fa908fb00,721fd623f9c0,230
721fa908fb00,721fcb708c40,232
721fa908fb00,72200d281000,234
721fa908fb00,721fa0b28380,232
721fa908fb00,721ff60706c0,234
721fa908fb00,721fbf744a80,232
721fa908fb00,721ff829f000,230
721fa908fb00,721fcd328640,232
721fa908fb00,721fa326aac0,230
721fa908fb00,721fe6735ec0,232
721fa908fb00,721fc0ea9bc0,232
721fa908fb00,721fbe278c40,232
721fa908fb00,721f97ef9640,230
721fa908fb00,721f94390480,234
721fa908fb00,721fd0c990c0,234
721fa908fb00,721f96e97640,232
721fa908fb00,721faccb7f40,232
721fa908fb00,721f96156f40,232
721fa908fb00,721fcc4c3180,232
721fa908fb00,721fd27e6840,232
721fa908fb00,721fae018dc0,232
721fa908fb00,721fca6ddc40,360
72200a24cbc0,721f924c8980,232
72200a24cbc0,721fffa47880,236
72200a24cbc0,721fc57e29c0,236
72200a24cbc0,721fae8bc100,234
72200a24cbc0,721fd3d70880,232
72200a24cbc0,721fec712f80,234
72200a24cbc0,721fcded6a40,232
72200a24cbc0,721ffc081480,234
72200a24cbc0,721fb4acfc40,236
72200a24cbc0,721fd623f9c0,234
72200a24cbc0,721fcb708c40,234
72200a24cbc0,72200d281000,232
72200a24cbc0,721fa0b28380,232
72200a24cbc0,721ff60706c0,230
72200a24cbc0,721fbf744a80,232
72200a24cbc0,721ff829f000,228
72200a24cbc0,721fcd328640,234
72200a24cbc0,721fa326aac0,230
72200a24cbc0,721fe6735ec0,232
72200a24cbc0,721fc0ea9bc0,238
72200a24cbc0,721fbe278c40,236
72200a24cbc0,721f97ef9640,358
721fbef6ae00,721f924c8980,232
721fbef6ae00,721fffa47880,366
721fd66e6780,721f924c8980,228
721fd66e6780,721fffa47880,242
721fd66e6780,721fc57e29c0,236
721fd66e6780,721fae8bc100,242
721fd66e6780,721fd3d70880,234
721fd66e6780,721fec712f80,236
721fd66e6780,721fcded6a40,232
721fd66e6780,721ffc081480,238
721fd66e6780,721fb4acfc40,236
721fd66e6780,721fd623f9c0,238
721fd66e6780,721fcb708c40,232
721fd66e6780,72200d281000,234
721fd66e6780,721fa0b28380,236
721fd66e6780,721ff60706c0,230
721fd66e6780,721fbf744a80,232
721fd66e6780,721ff829f000,358
721f9fb15480,721f924c8980,232
721f9fb15480,721fffa47880,232
721f9fb15480,721fc57e29c0,234
721f9fb15480,721fae8bc100,236
721f9fb15480,721fd3d70880,236
721f9fb15480,721fec712f80,232
721f9fb15480,721fcded6a40,230
721f9fb15480,721ffc081480,234
721f9fb15480,721fb4acfc40,232
721f9fb15480,721fd623f9c0,232
721f9fb15480,721fcb708c40,230
721f9fb15480,72200d281000,236
721f9fb15480,721fa0b28380,234
721f9fb15480,721ff60706c0,232
721f9fb15480,721fbf744a80,234
721f9fb15480,721ff829f000,232
721f9fb15480,721fcd328640,230
721f9fb15480,721fa326aac0,232
721f9fb15480,721fe6735ec0,356
721fb83f46c0,721f924c8980,232
721fb83f46c0,721fffa47880,238
721fb83f46c0,721fc57e29c0,234
721fb83f46c0,721fae8bc100,242
721fb83f46c0,721fd3d70880,236
721fb83f46c0,721fec712f80,232
721fb83f46c0,721fcded6a40,230
721fb83f46c0,721ffc081480,242
721fb83f46c0,721fb4acfc40,236
721fb83f46c0,721fd623f9c0,242
721fb83f46c0,721fcb708c40,232
721fb83f46c0,72200d281000,236
721fb83f46c0,721fa0b28380,236
721fb83f46c0,721ff60706c0,234
721fb83f46c0,721fbf744a80,232
721fb83f46c0,721ff829f000,232
721fb83f46c0,721fcd328640,232
721fb83f46c0,721fa326aac0,232
721fb83f46c0,721fe6735ec0,228
721fb83f46c0,721fc0ea9bc0,238
721fb83f46c0,721fbe278c40,242
721fb83f46c0,721f97ef9640,232
721fb83f46c0,721f94390480,238
721fb83f46c0,721fd0c990c0,234
721fb83f46c0,721f96e97640,242
721fb83f46c0,721faccb7f40,238
721fb83f46c0,721f96156f40,236
721fb83f46c0,721fcc4c3180,236
721fb83f46c0,721fd27e6840,228
721fb83f46c0,721fae018dc0,230
721fb83f46c0,721fca6ddc40,236
721fb83f46c0,721fd9682240,366
721ff1d97380,721f924c8980,228
721ff1d97380,721fffa47880,242
721ff1d97380,721fc57e29c0,236
721ff1d97380,721fae8bc100,240
721ff1d97380,721fd3d70880,234
721ff1d97380,721fec712f80,236
721ff1d97380,721fcded6a40,232
721ff1d97380,721ffc081480,238
721ff1d97380,721fb4acfc40,236
721ff1d97380,721fd623f9c0,238
721ff1d97380,721fcb708c40,232
721ff1d97380,72200d281000,234
721ff1d97380,721fa0b28380,236
721ff1d97380,721ff60706c0,230
721ff1d97380,721fbf744a80,232
721ff1d97380,721ff829f000,232
721ff1d97380,721fcd328640,232
721ff1d97380,721fa326aac0,232
721ff1d97380,721fe6735ec0,232
721ff1d97380,721fc0ea9bc0,238
721ff1d97380,721fbe278c40,240
721ff1d97380,721f97ef9640,228
721ff1d97380,721f94390480,240
721ff1d97380,721fd0c990c0,236
721ff1d97380,721f96e97640,240
721ff1d97380,721faccb7f40,242
721ff1d97380,721f96156f40,362
721fe3416380,721f924c8980,232
721fe3416380,721fffa47880,238
721fe3416380,721fc57e29c0,234
721fe3416380,721fae8bc100,244
721fe3416380,721fd3d70880,236
721fe3416380,721fec712f80,234
721fe3416380,721fcded6a40,230
721fe3416380,721ffc081480,242
721fe3416380,721fb4acfc40,362
721fdd8dd140,721f924c8980,232
721fdd8dd140,721fffa47880,238
721fdd8dd140,721fc57e29c0,234
721fdd8dd140,721fae8bc100,242
721fdd8dd140,721fd3d70880,236
721fdd8dd140,721fec712f80,232
721fdd8dd140,721fcded6a40,230
721fdd8dd140,721ffc081480,242
721fdd8dd140,721fb4acfc40,236
721fdd8dd140,721fd623f9c0,242
721fdd8dd140,721fcb708c40,232
721fdd8dd140,72200d281000,236
721fdd8dd140,721fa0b28380,236
721fdd8dd140,721ff60706c0,234
721fdd8dd140,721fbf744a80,232
721fdd8dd140,721ff829f000,232
721fdd8dd140,721fcd328640,232
721fdd8dd140,721fa326aac0,232
721fdd8dd140,721fe6735ec0,230
721fdd8dd140,721fc0ea9bc0,238
721fdd8dd140,721fbe278c40,242
721fdd8dd140,721f97ef9640,232
721fdd8dd140,721f94390480,238
721fdd8dd140,721fd0c990c0,234
721fdd8dd140,721f96e97640,242
721fdd8dd140,721faccb7f40,238
721fdd8dd140,721f96156f40,236
721fdd8dd140,721fcc4c3180,236
721fdd8dd140,721fd27e6840,230
721fdd8dd140,721fae018dc0,230
721fdd8dd140,721fca6ddc40,236
721fdd8dd140,721fd9682240,366
721fa27635c0,721f924c8980,228
721fa27635c0,721fffa47880,242
721fa27635c0,721fc57e29c0,236
721fa27635c0,721fae8bc100,240
721fa27635c0,721fd3d70880,232
721fa27635c0,721fec712f80,236
721fa27635c0,721fcded6a40,232
721fa27635c0,721ffc081480,242
721fa27635c0,721fb4acfc40,236
721fa27635c0,721fd623f9c0,238
721fa27635c0,721fcb708c40,232
721fa27635c0,72200d281000,236
721fa27635c0,721fa0b28380,232
721fa27635c0,721ff60706c0,358
721fc94e1cc0,721f924c8980,232
721fc94e1cc0,721fffa47880,358
721fb1453540,721f924c8980,232
721fb1453540,721fffa47880,230
721fb1453540,721fc57e29c0,234
721fb1453540,721fae8bc100,234
721fb1453540,721fd3d70880,236
721fb1453540,721fec712f80,232
721fb1453540,721fcded6a40,230
721fb1453540,721ffc081480,234
721fb1453540,721fb4acfc40,232
721fb1453540,721fd623f9c0,234
721fb1453540,721fcb708c40,232
721fb1453540,72200d281000,234
721fb1453540,721fa0b28380,234
721fb1453540,721ff60706c0,232
721fb1453540,721fbf744a80,360
721fac0d9340,721f924c8980,232
721fac0d9340,721fffa47880,230
721fac0d9340,721fc57e29c0,232
721fac0d9340,721fae8bc100,234
721fac0d9340,721fd3d70880,234
721fac0d9340,721fec712f80,360
721f9c29ebc0,721f924c8980,232
721f9c29ebc0,721fffa47880,230
721f9c29ebc0,721fc57e29c0,358
721ff69bfe40,721f924c8980,228
721ff69bfe40,721fffa47880,242
721ff69bfe40,721fc57e29c0,236
721ff69bfe40,721fae8bc100,240
721ff69bfe40,721fd3d70880,232
721ff69bfe40,721fec712f80,236
721ff69bfe40,721fcded6a40,232
721ff69bfe40,721ffc081480,242
721ff69bfe40,721fb4acfc40,236
721ff69bfe40,721fd623f9c0,238
721ff69bfe40,721fcb708c40,232
721ff69bfe40,72200d281000,236
721ff69bfe40,721fa0b28380,232
721ff69bfe40,721ff60706c0,358
721ff5f6ce00,721f924c8980,228
721ff5f6ce00,721fffa47880,242
721ff5f6ce00,721fc57e29c0,236
721ff5f6ce00,721fae8bc100,242
721ff5f6ce00,721fd3d70880,362
721fd7a94a80,721f924c8980,232
721fd7a94a80,721fffa47880,230
721fd7a94a80,721fc57e29c0,230
721fd7a94a80,721fae8bc100,234
721fd7a94a80,721fd3d70880,234
721fd7a94a80,721fec712f80,230
721fd7a94a80,721fcded6a40,230
721fd7a94a80,721ffc081480,234
721fd7a94a80,721fb4acfc40,234
721fd7a94a80,721fd623f9c0,232
721fd7a94a80,721fcb708c40,358
721fdaab3500,721f924c8980,232
721fdaab3500,721fffa47880,238
721fdaab3500,721fc57e29c0,234
721fdaab3500,721fae8bc100,242
721fdaab3500,721fd3d70880,236
721fdaab3500,721fec712f80,236
721fdaab3500,721fcded6a40,232
721fdaab3500,721ffc081480,242
721fdaab3500,721fb4acfc40,232
721fdaab3500,721fd623f9c0,240
721fdaab3500,721fcb708c40,230
721fdaab3500,72200d281000,236
721fdaab3500,721fa0b28380,236
721fdaab3500,721ff60706c0,234
721fdaab3500,721fbf744a80,232
721fdaab3500,721ff829f000,232
721fdaab3500,721fcd328640,230
721fdaab3500,721fa326aac0,232
721fdaab3500,721fe6735ec0,230
721fdaab3500,721fc0ea9bc0,236
721fdaab3500,721fbe278c40,242
721fdaab3500,721f97ef9640,232
721fdaab3500,721f94390480,238
721fdaab3500,721fd0c990c0,362
721fcc50cd40,721f924c8980,232
721fcc50cd40,721fffa47880,236
721fcc50cd40,721fc57e29c0,234
721fcc50cd40,721fae8bc100,238
721fcc50cd40,721fd3d70880,236
721fcc50cd40,721fec712f80,234
721fcc50cd40,721fcded6a40,228
721fcc50cd40,721ffc081480,240
721fcc50cd40,721fb4acfc40,236
721fcc50cd40,721fd623f9c0,240
721fcc50cd40,721fcb708c40,232
721fcc50cd40,72200d281000,236
721fcc50cd40,721fa0b28380,234
721fcc50cd40,721ff60706c0,232
721fcc50cd40,721fbf744a80,230
721fcc50cd40,721ff829f000,232
721fcc50cd40,721fcd328640,230
721fcc50cd40,721fa326aac0,232
721fcc50cd40,721fe6735ec0,230
721fcc50cd40,721fc0ea9bc0,362
721fd6960f40,721f924c8980,358
721fafda37c0,721f924c8980,232
721fafda37c0,721fffa47880,230
721fafda37c0,721fc57e29c0,232
721fafda37c0,721fae8bc100,234
721fafda37c0,721fd3d70880,234
721fafda37c0,721fec712f80,234
721fafda37c0,721fcded6a40,358
721fb3aec180,721f924c8980,230
721fb3aec180,721fffa47880,234
721fb3aec180,721fc57e29c0,234
721fb3aec180,721fae8bc100,232
721fb3aec180,721fd3d70880,232
721fb3aec180,721fec712f80,234
721fb3aec180,721fcded6a40,232
721fb3aec180,721ffc081480,234
721fb3aec180,721fb4acfc40,234
721fb3aec180,721fd623f9c0,230
721fb3aec180,721fcb708c40,232
721fb3aec180,72200d281000,360
721f9a165e00,721f924c8980,230
721f9a165e00,721fffa47880,234
721f9a165e00,721fc57e29c0,234
721f9a165e00,721fae8bc100,232
721f9a165e00,721fd3d70880,234
721f9a165e00,721fec712f80,234
721f9a165e00,721fcded6a40,232
721f9a165e00,721ffc081480,232
721f9a165e00,721fb4acfc40,234
721f9a165e00,721fd623f9c0,230
721f9a165e00,721fcb708c40,232
721f9a165e00,72200d281000,232
721f9a165e00,721fa0b28380,236
721f9a165e00,721ff60706c0,232
721f9a165e00,721fbf744a80,232
721f9a165e00,721ff829f000,358
721fda5bd100,721f924c8980,232
721fda5bd100,721fffa47880,240
721fda5bd100,721fc57e29c0,236
721fda5bd100,721fae8bc100,236
721fda5bd100,721fd3d70880,234
721fda5bd100,721fec712f80,236
721fda5bd100,721fcded6a40,232
721fda5bd100,721ffc081480,238
721fda5bd100,721fb4acfc40,236
721fda5bd100,721fd623f9c0,238
721fda5bd100,721fcb708c40,232
721fda5bd100,72200d281000,234
721fda5bd100,721fa0b28380,234
721fda5bd100,721ff60706c0,230
721fda5bd100,721fbf744a80,230
721fda5bd100,721ff829f000,228
721fda5bd100,721fcd328640,232
721fda5bd100,721fa326aac0,230
721fda5bd100,721fe6735ec0,232
721fda5bd100,721fc0ea9bc0,238
721fda5bd100,721fbe278c40,236
721fda5bd100,721f97ef9640,232
721fda5bd100,721f94390480,240
721fda5bd100,721fd0c990c0,236
721fda5bd100,721f96e97640,240
721fda5bd100,721faccb7f40,240
721fda5bd100,721f96156f40,234
721fda5bd100,721fcc4c3180,362
721fe89d12c0,721f924c8980,232
721fe89d12c0,721fffa47880,236
721fe89d12c0,721fc57e29c0,362
721fa21e49c0,721f924c8980,232
721fa21e49c0,721fffa47880,236
721fa21e49c0,721fc57e29c0,234
721fa21e49c0,721fae8bc100,236
721fa21e49c0,721fd3d70880,234
721fa21e49c0,721fec712f80,234
721fa21e49c0,721fcded6a40,232
721fa21e49c0,721ffc081480,236
721fa21e49c0,721fb4acfc40,234
721fa21e49c0,721fd623f9c0,238
721fa21e49c0,721fcb708c40,230
721fa21e49c0,72200d281000,234
721fa21e49c0,721fa0b28380,234
721fa21e49c0,721ff60706c0,232
721fa21e49c0,721fbf744a80,228
721fa21e49c0,721ff829f000,232
721fa21e49c0,721fcd328640,230
721fa21e49c0,721fa326aac0,232
721fa21e49c0,721fe6735ec0,228
721fa21e49c0,721fc0ea9bc0,234
721fa21e49c0,721fbe278c40,238
721fa21e49c0,721f97ef9640,232
721fa21e49c0,721f94390480,234
721fa21e49c0,721fd0c990c0,236
721fa21e49c0,721f96e97640,238
721fa21e49c0,721faccb7f40,364
721fdf0be480,721f924c8980,232
721fdf0be480,721fffa47880,238
721fdf0be480,721fc57e29c0,234
721fdf0be480,721fae8bc100,238
721fdf0be480,721fd3d70880,236
721fdf0be480,721fec712f80,234
721fdf0be480,721fcded6a40,228
721fdf0be480,721ffc081480,238
721fdf0be480,721fb4acfc40,234
721fdf0be480,721fd623f9c0,236
721fdf0be480,721fcb708c40,230
721fdf0be480,72200d281000,236
721fdf0be480,721fa0b28380,236
721fdf0be480,721ff60706c0,232
721fdf0be480,721fbf744a80,230
721fdf0be480,721ff829f000,232
721fdf0be480,721fcd328640,358
721f98567340,721f924c8980,230
721f98567340,721fffa47880,240
721f98567340,721fc57e29c0,236
721f98567340,721fae8bc100,234
721f98567340,721fd3d70880,234
721f98567340,721fec712f80,236
721f98567340,721fcded6a40,232
721f98567340,721ffc081480,236
721f98567340,721fb4acfc40,236
721f98567340,721fd623f9c0,238
721f98567340,721fcb708c40,232
721f98567340,72200d281000,234
721f98567340,721fa0b28380,236
721f98567340,721ff60706c0,230
721f98567340,721fbf744a80,232
721f98567340,721ff829f000,358
721fb8638b80,721f924c8980,230
721fb8638b80,721fffa47880,240
721fb8638b80,721fc57e29c0,236
721fb8638b80,721fae8bc100,238
721fb8638b80,721fd3d70880,234
721fb8638b80,721fec712f80,236
721fb8638b80,721fcded6a40,232
721fb8638b80,721ffc081480,236
721fb8638b80,721fb4acfc40,236
721fb8638b80,721fd623f9c0,236
721fb8638b80,721fcb708c40,232
721fb8638b80,72200d281000,234
721fb8638b80,721fa0b28380,234
721fb8638b80,721ff60706c0,230
721fb8638b80,721fbf744a80,232
721fb8638b80,721ff829f000,226
721fb8638b80,721fcd328640,232
721fb8638b80,721fa326aac0,230
721fb8638b80,721fe6735ec0,232
721fb8638b80,721fc0ea9bc0,238
721fb8638b80,721fbe278c40,236
721fb8638b80,721f97ef9640,356
721ffc443700,721f924c8980,232
721ffc443700,721fffa47880,238
721ffc443700,721fc57e29c0,236
721ffc443700,721fae8bc100,240
721ffc443700,721fd3d70880,236
721ffc443700,721fec712f80,234
721ffc443700,721fcded6a40,230
721ffc443700,721ffc081480,240
721ffc443700,721fb4acfc40,234
721ffc443700,721fd623f9c0,240
721ffc443700,721fcb708c40,230
721ffc443700,72200d281000,236
721ffc443700,721fa0b28380,236
721ffc443700,721ff60706c0,232
721ffc443700,721fbf744a80,232
721ffc443700,721ff829f000,232
721ffc443700,721fcd328640,230
721ffc443700,721fa326aac0,232
721ffc443700,721fe6735ec0,232
721ffc443700,721fc0ea9bc0,236
721ffc443700,721fbe278c40,238
721ffc443700,721f97ef9640,232
721ffc443700,721f94390480,236
721ffc443700,721fd0c990c0,234
721ffc443700,721f96e97640,238
721ffc443700,721faccb7f40,236
721ffc443700,721f96156f40,236
721ffc443700,721fcc4c3180,236
721ffc443700,721fd27e6840,230
721ffc443700,721fae018dc0,358
721fceb04740,721f924c8980,230
721fceb04740,721fffa47880,230
721fceb04740,721fc57e29c0,360
721fd28c8680,721f924c8980,228
721fd28c8680,721fffa47880,240
721fd28c8680,721fc57e29c0,236
721fd28c8680,721fae8bc100,240
721fd28c8680,721fd3d70880,362
721ff7890300,721f924c8980,232
721ff7890300,721fffa47880,232
721ff7890300,721fc57e29c0,234
721ff7890300,721fae8bc100,234
721ff7890300,721fd3d70880,234
721ff7890300,721fec712f80,232
721ff7890300,721fcded6a40,230
721ff7890300,721ffc081480,234
721ff7890300,721fb4acfc40,232
721ff7890300,721fd623f9c0,232
721ff7890300,721fcb708c40,230
721ff7890300,72200d281000,234
721ff7890300,721fa0b28380,234
721ff7890300,721ff60706c0,232
721ff7890300,721fbf744a80,360
721ffec6f580,721f924c8980,232
721ffec6f580,721fffa47880,238
721ffec6f580,721fc57e29c0,362
721f9a1aee40,721f924c8980,232
721f9a1aee40,721fffa47880,232
721f9a1aee40,721fc57e29c0,232
721f9a1aee40,721fae8bc100,234
721f9a1aee40,721fd3d70880,234
721f9a1aee40,721fec712f80,232
721f9a1aee40,721fcded6a40,230
721f9a1aee40,721ffc081480,234
721f9a1aee40,721fb4acfc40,360
7220085a57c0,721f924c8980,232
7220085a57c0,721fffa47880,358
721fa8263c80,721f924c8980,232
721fa8263c80,721fffa47880,240
721fa8263c80,721fc57e29c0,236
721fa8263c80,721fae8bc100,240
721fa8263c80,721fd3d70880,236
721fa8263c80,721fec712f80,234
721fa8263c80,721fcded6a40,230
721fa8263c80,721ffc081480,238
721fa8263c80,721fb4acfc40,236
721fa8263c80,721fd623f9c0,240
721fa8263c80,721fcb708c40,230
721fa8263c80,72200d281000,236
721fa8263c80,721fa0b28380,236
721fa8263c80,721ff60706c0,232
721fa8263c80,721fbf744a80,228
721fa8263c80,721ff829f000,232
721fa8263c80,721fcd328640,232
721fa8263c80,721fa326aac0,232
721fa8263c80,721fe6735ec0,230
721fa8263c80,721fc0ea9bc0,236
721fa8263c80,721fbe278c40,238
721fa8263c80,721f97ef9640,232
721fa8263c80,721f94390480,364
721ffd146200,721f924c8980,230
721ffd146200,721fffa47880,236
721ffd146200,721fc57e29c0,234
721ffd146200,721fae8bc100,240
721ffd146200,721fd3d70880,236
721ffd146200,721fec712f80,236
721ffd146200,721fcded6a40,232
721ffd146200,721ffc081480,240
721ffd146200,721fb4acfc40,234
721ffd146200,721fd623f9c0,240
721ffd146200,721fcb708c40,230
721ffd146200,72200d281000,236
721ffd146200,721fa0b28380,236
721ffd146200,721ff60706c0,232
721ffd146200,721fbf744a80,228
721ffd146200,721ff829f000,230
721ffd146200,721fcd328640,232
721ffd146200,721fa326aac0,232
721ffd146200,721fe6735ec0,230
721ffd146200,721fc0ea9bc0,236
721ffd146200,721fbe278c40,240
721ffd146200,721f97ef9640,232
721ffd146200,721f94390480,238
721ffd146200,721fd0c990c0,362
721fdcbbbb40,721f924c8980,230
721fdcbbbb40,721fffa47880,236
721fdcbbbb40,721fc57e29c0,234
721fdcbbbb40,721fae8bc100,238
721fdcbbbb40,721fd3d70880,236
721fdcbbbb40,721fec712f80,232
721fdcbbbb40,721fcded6a40,230
721fdcbbbb40,721ffc081480,236
721fdcbbbb40,721fb4acfc40,236
721fdcbbbb40,721fd623f9c0,238
721fdcbbbb40,721fcb708c40,232
721fdcbbbb40,72200d281000,236
721fdcbbbb40,721fa0b28380,236
721fdcbbbb40,721ff60706c0,232
721fdcbbbb40,721fbf744a80,228
721fdcbbbb40,721ff829f000,230
721fdcbbbb40,721fcd328640,230
721fdcbbbb40,721fa326aac0,232
721fdcbbbb40,721fe6735ec0,230
721fdcbbbb40,721fc0ea9bc0,238
721fdcbbbb40,721fbe278c40,238
721fdcbbbb40,721f97ef9640,232
721fdcbbbb40,721f94390480,234
721fdcbbbb40,721fd0c990c0,234
721fdcbbbb40,721f96e97640,238
721fdcbbbb40,721faccb7f40,234
721fdcbbbb40,721f96156f40,236
721fdcbbbb40,721fcc4c3180,236
721fdcbbbb40,721fd27e6840,228
721fdcbbbb40,721fae018dc0,230
721fdcbbbb40,721fca6ddc40,236
721fdcbbbb40,721fd9682240,364
721ff6d40e00,721f924c8980,232
721ff6d40e00,721fffa47880,238
721ff6d40e00,721fc57e29c0,234
721ff6d40e00,721fae8bc100,238
721ff6d40e00,721fd3d70880,236
721ff6d40e00,721fec712f80,234
721ff6d40e00,721fcded6a40,228
721ff6d40e00,721ffc081480,238
721ff6d40e00,721fb4acfc40,234
721ff6d40e00,721fd623f9c0,236
721ff6d40e00,721fcb708c40,230
721ff6d40e00,72200d281000,236
721ff6d40e00,721fa0b28380,236
721ff6d40e00,721ff60706c0,232
721ff6d40e00,721fbf744a80,358
721f90aa9800,721f924c8980,230
721f90aa9800,721fffa47880,240
721f90aa9800,721fc57e29c0,236
721f90aa9800,721fae8bc100,236
721f90aa9800,721fd3d70880,234
721f90aa9800,721fec712f80,236
721f90aa9800,721fcded6a40,232
721f90aa9800,721ffc081480,236
721f90aa9800,721fb4acfc40,236
721f90aa9800,721fd623f9c0,236
721f90aa9800,721fcb708c40,232
721f90aa9800,72200d281000,234
721f90aa9800,721fa0b28380,236
721f90aa9800,721ff60706c0,230
721f90aa9800,721fbf744a80,232
721f90aa9800,721ff829f000,232
721f90aa9800,721fcd328640,232
721f90aa9800,721fa326aac0,232
721f90aa9800,721fe6735ec0,232
721f90aa9800,721fc0ea9bc0,238
721f90aa9800,721fbe278c40,236
721f90aa9800,721f97ef9640,230
721f90aa9800,721f94390480,240
721f90aa9800,721fd0c990c0,236
721f90aa9800,721f96e97640,236
721f90aa9800,721faccb7f40,240
721f90aa9800,721f96156f40,360
721f9729d840,721f924c8980,232
721f9729d840,721fffa47880,232
721f9729d840,721fc57e29c0,232
721f9729d840,721fae8bc100,234
721f9729d840,721fd3d70880,234
721f9729d840,721fec712f80,232
721f9729d840,721fcded6a40,230
721f9729d840,721ffc081480,234
721f9729d840,721fb4acfc40,232
721f9729d840,721fd623f9c0,234
721f9729d840,721fcb708c40,230
721f9729d840,72200d281000,234
721f9729d840,721fa0b28380,234
721f9729d840,721ff60706c0,232
721f9729d840,721fbf744a80,230
721f9729d840,721ff829f000,232
721f9729d840,721fcd328640,234
721f9729d840,721fa326aac0,232
721f9729d840,721fe6735ec0,230
721f9729d840,721fc0ea9bc0,232
721f9729d840,721fbe278c40,234
721f9729d840,721f97ef9640,232
721f9729d840,721f94390480,358
721f99394380,721f924c8980,232
721f99394380,721fffa47880,240
721f99394380,721fc57e29c0,234
721f99394380,721fae8bc100,242
721f99394380,721fd3d70880,236
721f99394380,721fec712f80,234
721f99394380,721fcded6a40,230
721f99394380,721ffc081480,242
721f99394380,721fb4acfc40,234
721f99394380,721fd623f9c0,242
721f99394380,721fcb708c40,230
721f99394380,72200d281000,236
721f99394380,721fa0b28380,236
721f99394380,721ff60706c0,234
721f99394380,721fbf744a80,230
721f99394380,721ff829f000,232
721f99394380,721fcd328640,234
721f99394380,721fa326aac0,232
721f99394380,721fe6735ec0,230
721f99394380,721fc0ea9bc0,236
721f99394380,721fbe278c40,242
721f99394380,721f97ef9640,232
721f99394380,721f94390480,242
721f99394380,721fd0c990c0,234
721f99394380,721f96e97640,242
721f99394380,721faccb7f40,238
721f99394380,721f96156f40,236
721f99394380,721fcc4c3180,236
721f99394380,721fd27e6840,358
721fadd82b40,721f924c8980,232
721fadd82b40,721fffa47880,236
721fadd82b40,721fc57e29c0,236
721fadd82b40,721fae8bc100,238
721fadd82b40,721fd3d70880,234
721fadd82b40,721fec712f80,232
721fadd82b40,721fcded6a40,230
721fadd82b40,721ffc081480,236
721fadd82b40,721fb4acfc40,234
721fadd82b40,721fd623f9c0,238
721fadd82b40,721fcb708c40,230
721fadd82b40,72200d281000,234
721fadd82b40,721fa0b28380,236
721fadd82b40,721ff60706c0,232
721fadd82b40,721fbf744a80,358
721fa473c400,721f924c8980,232
721fa473c400,721fffa47880,238
721fa473c400,721fc57e29c0,234
721fa473c400,721fae8bc100,242
721fa473c400,721fd3d70880,236
721fa473c400,721fec712f80,360
722000f541c0,721f924c8980,356
721f94eef940,721f924c8980,228
721f94eef940,721fffa47880,234
721f94eef940,721fc57e29c0,234
721f94eef940,721fae8bc100,232
721f94eef940,721fd3d70880,234
721f94eef940,721fec712f80,234
721f94eef940,721fcded6a40,232
721f94eef940,721ffc081480,232
721f94eef940,721fb4acfc40,234
721f94eef940,721fd623f9c0,234
721f94eef940,721fcb708c40,232
721f94eef940,72200d281000,232
721f94eef940,721fa0b28380,232
721f94eef940,721ff60706c0,232
721f94eef940,721fbf744a80,232
721f94eef940,721ff829f000,230
721f94eef940,721fcd328640,232
721f94eef940,721fa326aac0,230
721f94eef940,721fe6735ec0,232
721f94eef940,721fc0ea9bc0,234
721f94eef940,721fbe278c40,360
721fed3d0ec0,721f924c8980,230
721fed3d0ec0,721fffa47880,238
721fed3d0ec0,721fc57e29c0,234
721fed3d0ec0,721fae8bc100,242
721fed3d0ec0,721fd3d70880,236
721fed3d0ec0,721fec712f80,234
721fed3d0ec0,721fcded6a40,230
721fed3d0ec0,721ffc081480,240
721fed3d0ec0,721fb4acfc40,236
721fed3d0ec0,721fd623f9c0,242
721fed3d0ec0,721fcb708c40,234
721fed3d0ec0,72200d281000,236
721fed3d0ec0,721fa0b28380,236
721fed3d0ec0,721ff60706c0,234
721fed3d0ec0,721fbf744a80,232
721fed3d0ec0,721ff829f000,230
721fed3d0ec0,721fcd328640,230
721fed3d0ec0,721fa326aac0,232
721fed3d0ec0,721fe6735ec0,230
721fed3d0ec0,721fc0ea9bc0,238
721fed3d0ec0,721fbe278c40,242
721fed3d0ec0,721f97ef9640,232
721fed3d0ec0,721f94390480,238
721fed3d0ec0,721fd0c990c0,234
721fed3d0ec0,721f96e97640,242
721fed3d0ec0,721faccb7f40,238
721fed3d0ec0,721f96156f40,236
721fed3d0ec0,721fcc4c3180,236
721fed3d0ec0,721fd27e6840,230
721fed3d0ec0,721fae018dc0,230
721fed3d0ec0,721fca6ddc40,236
721fed3d0ec0,721fd9682240,366
721fccc076c0,721f924c8980,228
721fccc076c0,721fffa47880,232
721fccc076c0,721fc57e29c0,234
721fccc076c0,721fae8bc100,232
721fccc076c0,721fd3d70880,232
721fccc076c0,721fec712f80,234
721fccc076c0,721fcded6a40,232
721fccc076c0,721ffc081480,232
721fccc076c0,721fb4acfc40,234
721fccc076c0,721fd623f9c0,232
721fccc076c0,721fcb708c40,232
721fccc076c0,72200d281000,232
721fccc076c0,721fa0b28380,234
721fccc076c0,721ff60706c0,230
721fccc076c0,721fbf744a80,232
721fccc076c0,721ff829f000,232
721fccc076c0,721fcd328640,232
721fccc076c0,721fa326aac0,232
721fccc076c0,721fe6735ec0,232
721fccc076c0,721fc0ea9bc0,234
721fccc076c0,721fbe278c40,232
721fccc076c0,721f97ef9640,230
721fccc076c0,721f94390480,232
721fccc076c0,721fd0c990c0,234
721fccc076c0,721f96e97640,232
721fccc076c0,721faccb7f40,234
721fccc076c0,721f96156f40,360
721fd25fc680,721f924c8980,232
721fd25fc680,721fffa47880,230
721fd25fc680,721fc57e29c0,230
721fd25fc680,721fae8bc100,234
721fd25fc680,721fd3d70880,234
721fd25fc680,721fec712f80,230
721fd25fc680,721fcded6a40,228
721fd25fc680,721ffc081480,234
721fd25fc680,721fb4acfc40,232
721fd25fc680,721fd623f9c0,232
721fd25fc680,721fcb708c40,232
721fd25fc680,72200d281000,234
721fd25fc680,721fa0b28380,234
721fd25fc680,721ff60706c0,232
721fd25fc680,721fbf744a80,230
721fd25fc680,721ff829f000,232
721fd25fc680,721fcd328640,230
721fd25fc680,721fa326aac0,232
721fd25fc680,721fe6735ec0,230
721fd25fc680,721fc0ea9bc0,232
721fd25fc680,721fbe278c40,232
721fd25fc680,721f97ef9640,232
721fd25fc680,721f94390480,230
721fd25fc680,721fd0c990c0,230
721fd25fc680,721f96e97640,232
721fd25fc680,721faccb7f40,230
721fd25fc680,721f96156f40,232
721fd25fc680,721fcc4c3180,234
721fd25fc680,721fd27e6840,230
721fd25fc680,721fae018dc0,228
721fd25fc680,721fca6ddc40,232
721fd25fc680,721fd9682240,358
721fb4f31e00,721f924c8980,232
721fb4f31e00,721fffa47880,366
721fedbaae80,721f924c8980,232
721fedbaae80,721fffa47880,232
721fedbaae80,721fc57e29c0,232
721fedbaae80,721fae8bc100,234
721fedbaae80,721fd3d70880,234
721fedbaae80,721fec712f80,234
721fedbaae80,721fcded6a40,232
721fedbaae80,721ffc081480,234
721fedbaae80,721fb4acfc40,232
721fedbaae80,721fd623f9c0,232
721fedbaae80,721fcb708c40,230
721fedbaae80,72200d281000,234
721fedbaae80,721fa0b28380,234
721fedbaae80,721ff60706c0,232
721fedbaae80,721fbf744a80,232
721fedbaae80,721ff829f000,232
721fedbaae80,721fcd328640,232
721fedbaae80,721fa326aac0,232
721fedbaae80,721fe6735ec0,230
721fedbaae80,721fc0ea9bc0,232
721fedbaae80,721fbe278c40,234
721fedbaae80,721f97ef9640,232
721fedbaae80,721f94390480,232
721fedbaae80,721fd0c990c0,234
721fedbaae80,721f96e97640,234
721fedbaae80,721faccb7f40,358
721ff72e8840,721f924c8980,232
721ff72e8840,721fffa47880,232
721ff72e8840,721fc57e29c0,232
721ff72e8840,721fae8bc100,234
721ff72e8840,721fd3d70880,234
721ff72e8840,721fec712f80,232
721ff72e8840,721fcded6a40,230
721ff72e8840,721ffc081480,234
721ff72e8840,721fb4acfc40,234
721ff72e8840,721fd623f9c0,234
721ff72e8840,721fcb708c40,234
721ff72e8840,72200d281000,234
721ff72e8840,721fa0b28380,234
721ff72e8840,721ff60706c0,232
721ff72e8840,721fbf744a80,232
721ff72e8840,721ff829f000,232
721ff72e8840,721fcd328640,232
721ff72e8840,721fa326aac0,232
721ff72e8840,721fe6735ec0,230
721ff72e8840,721fc0ea9bc0,360
721fc0297c00,721f924c8980,232
721fc0297c00,721fffa47880,232
721fc0297c00,721fc57e29c0,230
721fc0297c00,721fae8bc100,234
721fc0297c00,721fd3d70880,234
721fc0297c00,721fec712f80,234
721fc0297c00,721fcded6a40,232
721fc0297c00,721ffc081480,234
721fc0297c00,721fb4acfc40,230
721fc0297c00,721fd623f9c0,234
721fc0297c00,721fcb708c40,230
721fc0297c00,72200d281000,234
721fc0297c00,721fa0b28380,234
721fc0297c00,721ff60706c0,232
721fc0297c00,721fbf744a80,230
721fc0297c00,721ff829f000,232
721fc0297c00,721fcd328640,230
721fc0297c00,721fa326aac0,232
721fc0297c00,721fe6735ec0,228
721fc0297c00,721fc0ea9bc0,230
721fc0297c00,721fbe278c40,234
721fc0297c00,721f97ef9640,232
721fc0297c00,721f94390480,230
721fc0297c00,721fd0c990c0,358
721fb9367fc0,721f924c8980,232
721fb9367fc0,721fffa47880,234
721fb9367fc0,721fc57e29c0,236
721fb9367fc0,721fae8bc100,238
721fb9367fc0,721fd3d70880,234
721fb9367fc0,721fec712f80,232
721fb9367fc0,721fcded6a40,230
721fb9367fc0,721ffc081480,236
721fb9367fc0,721fb4acfc40,234
721fb9367fc0,721fd623f9c0,238
721fb9367fc0,721fcb708c40,230
721fb9367fc0,72200d281000,236
721fb9367fc0,721fa0b28380,236
721fb9367fc0,721ff60706c0,232
721fb9367fc0,721fbf744a80,358
721fd0eb9b00,721f924c8980,232
721fd0eb9b00,721fffa47880,366
721fd367c600,721f924c8980,230
721fd367c600,721fffa47880,236
721fd367c600,721fc57e29c0,234
721fd367c600,721fae8bc100,240
721fd367c600,721fd3d70880,236
721fd367c600,721fec712f80,236
721fd367c600,721fcded6a40,232
721fd367c600,721ffc081480,240
721fd367c600,721fb4acfc40,234
721fd367c600,721fd623f9c0,240
721fd367c600,721fcb708c40,230
721fd367c600,72200d281000,236
721fd367c600,721fa0b28380,236
721fd367c600,721ff60706c0,232
721fd367c600,721fbf744a80,228
721fd367c600,721ff829f000,230
721fd367c600,721fcd328640,230
721fd367c600,721fa326aac0,232
721fd367c600,721fe6735ec0,230
721fd367c600,721fc0ea9bc0,234
721fd367c600,721fbe278c40,240
721fd367c600,721f97ef9640,232
721fd367c600,721f94390480,238
721fd367c600,721fd0c990c0,236
721fd367c600,721f96e97640,240
721fd367c600,721faccb7f40,364
722009626440,721f924c8980,228
722009626440,721fffa47880,242
722009626440,721fc57e29c0,236
722009626440,721fae8bc100,242
722009626440,721fd3d70880,360
721fda620e80,721f924c8980,232
721fda620e80,721fffa47880,240
721fda620e80,721fc57e29c0,234
721fda620e80,721fae8bc100,240
721fda620e80,721fd3d70880,236
721fda620e80,721fec712f80,234
721fda620e80,721fcded6a40,230
721fda620e80,721ffc081480,240
721fda620e80,721fb4acfc40,234
721fda620e80,721fd623f9c0,240
721fda620e80,721fcb708c40,230
721fda620e80,72200d281000,236
721fda620e80,721fa0b28380,236
721fda620e80,721ff60706c0,232
721fda620e80,721fbf744a80,228
721fda620e80,721ff829f000,232
721fda620e80,721fcd328640,232
721fda620e80,721fa326aac0,232
721fda620e80,721fe6735ec0,230
721fda620e80,721fc0ea9bc0,236
721fda620e80,721fbe278c40,240
721fda620e80,721f97ef9640,232
721fda620e80,721f94390480,240
721fda620e80,721fd0c990c0,234
721fda620e80,721f96e97640,240
721fda620e80,721faccb7f40,236
721fda620e80,721f96156f40,236
721fda620e80,721fcc4c3180,236
721fda620e80,721fd27e6840,358
721ffceb5180,721f924c8980,232
721ffceb5180,721fffa47880,230
721ffceb5180,721fc57e29c0,230
721ffceb5180,721fae8bc100,234
721ffceb5180,721fd3d70880,234
721ffceb5180,721fec712f80,234
721ffceb5180,721fcded6a40,356
721ff6c69b80,721f924c8980,230
721ff6c69b80,721fffa47880,238
721ff6c69b80,721fc57e29c0,236
721ff6c69b80,721fae8bc100,236
721ff6c69b80,721fd3d70880,234
721ff6c69b80,721fec712f80,236
721ff6c69b80,721fcded6a40,232
721ff6c69b80,721ffc081480,238
721ff6c69b80,721fb4acfc40,234
721ff6c69b80,721fd623f9c0,234
721ff6c69b80,721fcb708c40,232
721ff6c69b80,72200d281000,236
721ff6c69b80,721fa0b28380,234
721ff6c69b80,721ff60706c0,232
721ff6c69b80,721fbf744a80,232
721ff6c69b80,721ff829f000,228
721ff6c69b80,721fcd328640,232
721ff6c69b80,721fa326aac0,230
721ff6c69b80,721fe6735ec0,232
721ff6c69b80,721fc0ea9bc0,238
721ff6c69b80,721fbe278c40,236
721ff6c69b80,721f97ef9640,228
721ff6c69b80,721f94390480,238
721ff6c69b80,721fd0c990c0,234
721ff6c69b80,721f96e97640,236
721ff6c69b80,721faccb7f40,238
721ff6c69b80,721f96156f40,234
721ff6c69b80,721fcc4c3180,234
721ff6c69b80,721fd27e6840,232
721ff6c69b80,721fae018dc0,232
721ff6c69b80,721fca6ddc40,362
721f9a325600,721f924c8980,232
721f9a325600,721fffa47880,238
721f9a325600,721fc57e29c0,234
721f9a325600,721fae8bc100,242
721f9a325600,721fd3d70880,236
721f9a325600,721fec712f80,234
721f9a325600,721fcded6a40,230
721f9a325600,721ffc081480,240
721f9a325600,721fb4acfc40,236
721f9a325600,721fd623f9c0,242
721f9a325600,721fcb708c40,358
721fc097d840,721f924c8980,228
721fc097d840,721fffa47880,242
721fc097d840,721fc57e29c0,236
721fc097d840,721fae8bc100,242
721fc097d840,721fd3d70880,236
721fc097d840,721fec712f80,236
721fc097d840,721fcded6a40,232
721fc097d840,721ffc081480,238
721fc097d840,721fb4acfc40,236
721fc097d840,721fd623f9c0,242
721fc097d840,721fcb708c40,234
721fc097d840,72200d281000,234
721fc097d840,721fa0b28380,234
721fc097d840,721ff60706c0,230
721fc097d840,721fbf744a80,232
721fc097d840,721ff829f000,228
721fc097d840,721fcd328640,234
721fc097d840,721fa326aac0,230
721fc097d840,721fe6735ec0,232
721fc097d840,721fc0ea9bc0,238
721fc097d840,721fbe278c40,368
721fdf6f9e80,721f924c8980,230
721fdf6f9e80,721fffa47880,234
721fdf6f9e80,721fc57e29c0,234
721fdf6f9e80,721fae8bc100,236
721fdf6f9e80,721fd3d70880,234
721fdf6f9e80,721fec712f80,234
721fdf6f9e80,721fcded6a40,232
721fdf6f9e80,721ffc081480,232
721fdf6f9e80,721fb4acfc40,234
721fdf6f9e80,721fd623f9c0,234
721fdf6f9e80,721fcb708c40,232
721fdf6f9e80,72200d281000,232
721fdf6f9e80,721fa0b28380,232
721fdf6f9e80,721ff60706c0,232
721fdf6f9e80,721fbf744a80,232
721fdf6f9e80,721ff829f000,230
721fdf6f9e80,721fcd328640,232
721fdf6f9e80,721fa326aac0,230
721fdf6f9e80,721fe6735ec0,232
721fdf6f9e80,721fc0ea9bc0,234
721fdf6f9e80,721fbe278c40,360
72200a194bc0,721f924c8980,232
72200a194bc0,721fffa47880,230
72200a194bc0,721fc57e29c0,230
72200a194bc0,721fae8bc100,232
72200a194bc0,721fd3d70880,232
72200a194bc0,721fec712f80,232
72200a194bc0,721fcded6a40,232
72200a194bc0,721ffc081480,232
72200a194bc0,721fb4acfc40,232
72200a194bc0,721fd623f9c0,234
72200a194bc0,721fcb708c40,230
72200a194bc0,72200d281000,232
72200a194bc0,721fa0b28380,232
72200a194bc0,721ff60706c0,232
72200a194bc0,721fbf744a80,230
72200a194bc0,721ff829f000,232
72200a194bc0,721fcd328640,230
72200a194bc0,721fa326aac0,232
72200a194bc0,721fe6735ec0,230
72200a194bc0,721fc0ea9bc0,230
72200a194bc0,721fbe278c40,234
72200a194bc0,721f97ef9640,232
72200a194bc0,721f94390480,230
72200a194bc0,721fd0c990c0,358
721fcbd2c680,721f924c8980,232
721fcbd2c680,721fffa47880,238
721fcbd2c680,721fc57e29c0,236
721fcbd2c680,721fae8bc100,242
721fcbd2c680,721fd3d70880,236
721fcbd2c680,721fec712f80,234
721fcbd2c680,721fcded6a40,228
721fcbd2c680,721ffc081480,242
721fcbd2c680,721fb4acfc40,234
721fcbd2c680,721fd623f9c0,242
721fcbd2c680,721fcb708c40,230
721fcbd2c680,72200d281000,236
721fcbd2c680,721fa0b28380,236
721fcbd2c680,721ff60706c0,232
721fcbd2c680,721fbf744a80,358
721fd8e9f640,721f924c8980,232
721fd8e9f640,721fffa47880,238
721fd8e9f640,721fc57e29c0,236
721fd8e9f640,721fae8bc100,242
721fd8e9f640,721fd3d70880,236
721fd8e9f640,721fec712f80,232
721fd8e9f640,721fcded6a40,228
721fd8e9f640,721ffc081480,240
721fd8e9f640,721fb4acfc40,362
721fa35f8840,721f924c8980,232
721fa35f8840,721fffa47880,236
721fa35f8840,721fc57e29c0,234
721fa35f8840,721fae8bc100,238
721fa35f8840,721fd3d70880,236
721fa35f8840,721fec712f80,236
721fa35f8840,721fcded6a40,232
721fa35f8840,721ffc081480,240
721fa35f8840,721fb4acfc40,234
721fa35f8840,721fd623f9c0,240
721fa35f8840,721fcb708c40,230
721fa35f8840,72200d281000,236
721fa35f8840,721fa0b28380,236
721fa35f8840,721ff60706c0,232
721fa35f8840,721fbf744a80,230
721fa35f8840,721ff829f000,232
721fa35f8840,721fcd328640,230
721fa35f8840,721fa326aac0,232
721fa35f8840,721fe6735ec0,230
721fa35f8840,721fc0ea9bc0,234
721fa35f8840,721fbe278c40,240
721fa35f8840,721f97ef9640,232
721fa35f8840,721f94390480,236
721fa35f8840,721fd0c990c0,362
721fba0728c0,721f924c8980,232
721fba0728c0,721fffa47880,230
721fba0728c0,721fc57e29c0,230
721fba0728c0,721fae8bc100,232
721fba0728c0,721fd3d70880,232
721fba0728c0,721fec712f80,230
721fba0728c0,721fcded6a40,230
721fba0728c0,721ffc081480,232
721fba0728c0,721fb4acfc40,234
721fba0728c0,721fd623f9c0,234
721fba0728c0,721fcb708c40,232
721fba0728c0,72200d281000,232
721fba0728c0,721fa0b28380,232
721fba0728c0,721ff60706c0,232
721fba0728c0,721fbf744a80,230
721fba0728c0,721ff829f000,232
721fba0728c0,721fcd328640,230
721fba0728c0,721fa326aac0,232
721fba0728c0,721fe6735ec0,230
721fba0728c0,721fc0ea9bc0,234
721fba0728c0,721fbe278c40,234
721fba0728c0,721f97ef9640,232
721fba0728c0,721f94390480,230
721fba0728c0,721fd0c990c0,230
721fba0728c0,721f96e97640,234
721fba0728c0,721faccb7f40,230
721fba0728c0,721f96156f40,234
721fba0728c0,721fcc4c3180,232
721fba0728c0,721fd27e6840,230
721fba0728c0,721fae018dc0,230
721fba0728c0,721fca6ddc40,234
721fba0728c0,721fd9682240,358
721fa6c5b1c0,721f924c8980,232
721fa6c5b1c0,721fffa47880,238
721fa6c5b1c0,721fc57e29c0,234
721fa6c5b1c0,721fae8bc100,242
721fa6c5b1c0,721fd3d70880,236
721fa6c5b1c0,721fec712f80,232
721fa6c5b1c0,721fcded6a40,230
721fa6c5b1c0,721ffc081480,242
721fa6c5b1c0,721fb4acfc40,236
721fa6c5b1c0,721fd623f9c0,242
721fa6c5b1c0,721fcb708c40,232
721fa6c5b1c0,72200d281000,236
721fa6c5b1c0,721fa0b28380,236
721fa6c5b1c0,721ff60706c0,234
721fa6c5b1c0,721fbf744a80,232
721fa6c5b1c0,721ff829f000,232
721fa6c5b1c0,721fcd328640,232
721fa6c5b1c0,721fa326aac0,232
721fa6c5b1c0,721fe6735ec0,230
721fa6c5b1c0,721fc0ea9bc0,364
72200b539640,721f924c8980,232
72200b539640,721fffa47880,230
72200b539640,721fc57e29c0,234
72200b539640,721fae8bc100,232
72200b539640,721fd3d70880,232
72200b539640,721fec712f80,230
72200b539640,721fcded6a40,230
72200b539640,721ffc081480,232
72200b539640,721fb4acfc40,230
72200b539640,721fd623f9c0,234
72200b539640,721fcb708c40,230
72200b539640,72200d281000,232
72200b539640,721fa0b28380,232
72200b539640,721ff60706c0,232
72200b539640,721fbf744a80,232
72200b539640,721ff829f000,232
72200b539640,721fcd328640,230
72200b539640,721fa326aac0,232
72200b539640,721fe6735ec0,232
72200b539640,721fc0ea9bc0,230
72200b539640,721fbe278c40,232
72200b539640,721f97ef9640,232
72200b539640,721f94390480,230
72200b539640,721fd0c990c0,232
72200b539640,721f96e97640,232
72200b539640,721faccb7f40,230
72200b539640,721f96156f40,234
72200b539640,721fcc4c3180,232
72200b539640,721fd27e6840,230
72200b539640,721fae018dc0,356
721fbbd1c0c0,721f924c8980,232
721fbbd1c0c0,721fffa47880,230
721fbbd1c0c0,721fc57e29c0,230
721fbbd1c0c0,721fae8bc100,232
721fbbd1c0c0,721fd3d70880,234
721fbbd1c0c0,721fec712f80,232
721fbbd1c0c0,721fcded6a40,232
721fbbd1c0c0,721ffc081480,232
721fbbd1c0c0,721fb4acfc40,232
721fbbd1c0c0,721fd623f9c0,234
721fbbd1c0c0,721fcb708c40,230
721fbbd1c0c0,72200d281000,232
721fbbd1c0c0,721fa0b28380,232
721fbbd1c0c0,721ff60706c0,232
721fbbd1c0c0,721fbf744a80,230
721fbbd1c0c0,721ff829f000,232
721fbbd1c0c0,721fcd328640,230
721fbbd1c0c0,721fa326aac0,232
721fbbd1c0c0,721fe6735ec0,230
721fbbd1c0c0,721fc0ea9bc0,230
721fbbd1c0c0,721fbe278c40,234
721fbbd1c0c0,721f97ef9640,232
721fbbd1c0c0,721f94390480,230
721fbbd1c0c0,721fd0c990c0,234
721fbbd1c0c0,721f96e97640,234
721fbbd1c0c0,721faccb7f40,358
721faf0f8a40,721f924c8980,232
721faf0f8a40,721fffa47880,238
721faf0f8a40,721fc57e29c0,234
721faf0f8a40,721fae8bc100,242
721faf0f8a40,721fd3d70880,236
721faf0f8a40,721fec712f80,236
721faf0f8a40,721fcded6a40,232
721faf0f8a40,721ffc081480,242
721faf0f8a40,721fb4acfc40,234
721faf0f8a40,721fd623f9c0,242
721faf0f8a40,721fcb708c40,232
721faf0f8a40,72200d281000,236
721faf0f8a40,721fa0b28380,236
721faf0f8a40,721ff60706c0,234
721faf0f8a40,721fbf744a80,232
721faf0f8a40,721ff829f000,232
721faf0f8a40,721fcd328640,232
721faf0f8a40,721fa326aac0,232
721faf0f8a40,721fe6735ec0,230
721faf0f8a40,721fc0ea9bc0,234
721faf0f8a40,721fbe278c40,242
721faf0f8a40,721f97ef9640,232
721faf0f8a40,721f94390480,238
721faf0f8a40,721fd0c990c0,362
721f95acd9c0,721f924c8980,226
721f95acd9c0,721fffa47880,236
721f95acd9c0,721fc57e29c0,236
721f95acd9c0,721fae8bc100,234
721f95acd9c0,721fd3d70880,232
721f95acd9c0,721fec712f80,236
721f95acd9c0,721fcded6a40,232
721f95acd9c0,721ffc081480,234
721f95acd9c0,721fb4acfc40,236
721f95acd9c0,721fd623f9c0,234
721f95acd9c0,721fcb708c40,232
721f95acd9c0,72200d281000,234
721f95acd9c0,721fa0b28380,234
721f95acd9c0,721ff60706c0,230
721f95acd9c0,721fbf744a80,232
721f95acd9c0,721ff829f000,232
721f95acd9c0,721fcd328640,232
721f95acd9c0,721fa326aac0,232
721f95acd9c0,721fe6735ec0,232
721f95acd9c0,721fc0ea9bc0,238
721f95acd9c0,721fbe278c40,236
721f95acd9c0,721f97ef9640,230
721f95acd9c0,721f94390480,238
721f95acd9c0,721fd0c990c0,236
721f95acd9c0,721f96e97640,236
721f95acd9c0,721faccb7f40,238
721f95acd9c0,721f96156f40,362
721fdac9ec00,721f924c8980,228
721fdac9ec00,721fffa47880,234
721fdac9ec00,721fc57e29c0,232
721fdac9ec00,721fae8bc100,230
721fdac9ec00,721fd3d70880,232
721fdac9ec00,721fec712f80,234
721fdac9ec00,721fcded6a40,232
721fdac9ec00,721ffc081480,230
721fdac9ec00,721fb4acfc40,232
721fdac9ec00,721fd623f9c0,230
721fdac9ec00,721fcb708c40,232
721fdac9ec00,72200d281000,230
721fdac9ec00,721fa0b28380,360
721fc4a34e40,721f924c8980,230
721fc4a34e40,721fffa47880,242
721fc4a34e40,721fc57e29c0,236
721fc4a34e40,721fae8bc100,240
721fc4a34e40,721fd3d70880,234
721fc4a34e40,721fec712f80,236
721fc4a34e40,721fcded6a40,232
721fc4a34e40,721ffc081480,238
721fc4a34e40,721fb4acfc40,236
721fc4a34e40,721fd623f9c0,238
721fc4a34e40,721fcb708c40,234
721fc4a34e40,72200d281000,234
721fc4a34e40,721fa0b28380,234
721fc4a34e40,721ff60706c0,232
721fc4a34e40,721fbf744a80,232
721fc4a34e40,721ff829f000,228
721fc4a34e40,721fcd328640,234
721fc4a34e40,721fa326aac0,230
721fc4a34e40,721fe6735ec0,232
721fc4a34e40,721fc0ea9bc0,238
721fc4a34e40,721fbe278c40,240
721fc4a34e40,721f97ef9640,232
721fc4a34e40,721f94390480,242
721fc4a34e40,721fd0c990c0,236
721fc4a34e40,721f96e97640,368
722007c21bc0,721f924c8980,228
722007c21bc0,721fffa47880,232
722007c21bc0,721fc57e29c0,234
722007c21bc0,721fae8bc100,232
722007c21bc0,721fd3d70880,232
722007c21bc0,721fec712f80,234
722007c21bc0,721fcded6a40,232
722007c21bc0,721ffc081480,232
722007c21bc0,721fb4acfc40,234
722007c21bc0,721fd623f9c0,232
722007c21bc0,721fcb708c40,232
722007c21bc0,72200d281000,232
722007c21bc0,721fa0b28380,234
722007c21bc0,721ff60706c0,232
722007c21bc0,721fbf744a80,234
722007c21bc0,721ff829f000,232
722007c21bc0,721fcd328640,232
722007c21bc0,721fa326aac0,356
721fe0d8e580,721f924c8980,230
721fe0d8e580,721fffa47880,234
721fe0d8e580,721fc57e29c0,234
721fe0d8e580,721fae8bc100,232
721fe0d8e580,721fd3d70880,232
721fe0d8e580,721fec712f80,234
721fe0d8e580,721fcded6a40,232
721fe0d8e580,721ffc081480,232
721fe0d8e580,721fb4acfc40,234
721fe0d8e580,721fd623f9c0,232
721fe0d8e580,721fcb708c40,232
721fe0d8e580,72200d281000,232
721fe0d8e580,721fa0b28380,234
721fe0d8e580,721ff60706c0,232
721fe0d8e580,721fbf744a80,232
721fe0d8e580,721ff829f000,358
721fa3005d00,721f924c8980,232
721fa3005d00,721fffa47880,236
721fa3005d00,721fc57e29c0,234
721fa3005d00,721fae8bc100,240
721fa3005d00,721fd3d70880,236
721fa3005d00,721fec712f80,234
721fa3005d00,721fcded6a40,228
721fa3005d00,721ffc081480,240
721fa3005d00,721fb4acfc40,236
721fa3005d00,721fd623f9c0,240
721fa3005d00,721fcb708c40,232
721fa3005d00,72200d281000,236
721fa3005d00,721fa0b28380,236
721fa3005d00,721ff60706c0,232
721fa3005d00,721fbf744a80,228
721fa3005d00,721ff829f000,232
721fa3005d00,721fcd328640,230
721fa3005d00,721fa326aac0,232
721fa3005d00,721fe6735ec0,228
721fa3005d00,721fc0ea9bc0,362
721fc5a29280,721f924c8980,230
721fc5a29280,721fffa47880,234
721fc5a29280,721fc57e29c0,232
721fc5a29280,721fae8bc100,230
721fc5a29280,721fd3d70880,230
721fc5a29280,721fec712f80,234
721fc5a29280,721fcded6a40,232
721fc5a29280,721ffc081480,230
721fc5a29280,721fb4acfc40,232
721fc5a29280,721fd623f9c0,230
721fc5a29280,721fcb708c40,232
721fc5a29280,72200d281000,232
721fc5a29280,721fa0b28380,234
721fc5a29280,721ff60706c0,230
721fc5a29280,721fbf744a80,232
721fc5a29280,721ff829f000,232
721fc5a29280,721fcd328640,232
721fc5a29280,721fa326aac0,356
721fa458ac40,721f924c8980,232
721fa458ac40,721fffa47880,236
721fa458ac40,721fc57e29c0,234
721fa458ac40,721fae8bc100,240
721fa458ac40,721fd3d70880,236
721fa458ac40,721fec712f80,236
721fa458ac40,721fcded6a40,232
721fa458ac40,721ffc081480,240
721fa458ac40,721fb4acfc40,234
721fa458ac40,721fd623f9c0,240
721fa458ac40,721fcb708c40,230
721fa458ac40,72200d281000,236
721fa458ac40,721fa0b28380,236
721fa458ac40,721ff60706c0,232
721fa458ac40,721fbf744a80,230
721fa458ac40,721ff829f000,232
721fa458ac40,721fcd328640,230
721fa458ac40,721fa326aac0,232
721fa458ac40,721fe6735ec0,228
721fa458ac40,721fc0ea9bc0,234
721fa458ac40,721fbe278c40,240
721fa458ac40,721f97ef9640,232
721fa458ac40,721f94390480,238
721fa458ac40,721fd0c990c0,236
721fa458ac40,721f96e97640,240
721fa458ac40,721faccb7f40,364
721fc9137b40,721f924c8980,232
721fc9137b40,721fffa47880,242
721fc9137b40,721fc57e29c0,236
721fc9137b40,721fae8bc100,238
721fc9137b40,721fd3d70880,234
721fc9137b40,721fec712f80,236
721fc9137b40,721fcded6a40,232
721fc9137b40,721ffc081480,238
721fc9137b40,721fb4acfc40,236
721fc9137b40,721fd623f9c0,238
721fc9137b40,721fcb708c40,232
721fc9137b40,72200d281000,234
721fc9137b40,721fa0b28380,234
721fc9137b40,721ff60706c0,230
721fc9137b40,721fbf744a80,232
721fc9137b40,721ff829f000,228
721fc9137b40,721fcd328640,234
721fc9137b40,721fa326aac0,230
721fc9137b40,721fe6735ec0,232
721fc9137b40,721fc0ea9bc0,238
721fc9137b40,721fbe278c40,240
721fc9137b40,721f97ef9640,232
721fc9137b40,721f94390480,240
721fc9137b40,721fd0c990c0,236
721fc9137b40,721f96e97640,242
721fc9137b40,721faccb7f40,240
721fc9137b40,721f96156f40,234
721fc9137b40,721fcc4c3180,360
721fa47d4140,721f924c8980,230
721fa47d4140,721fffa47880,232
721fa47d4140,721fc57e29c0,234
721fa47d4140,721fae8bc100,230
721fa47d4140,721fd3d70880,230
721fa47d4140,721fec712f80,232
721fa47d4140,721fcded6a40,232
721fa47d4140,721ffc081480,230
721fa47d4140,721fb4acfc40,234
721fa47d4140,721fd623f9c0,232
721fa47d4140,721fcb708c40,232
721fa47d4140,72200d281000,230
721fa47d4140,721fa0b28380,232
721fa47d4140,721ff60706c0,230
721fa47d4140,721fbf744a80,232
721fa47d4140,721ff829f000,232
721fa47d4140,721fcd328640,232
721fa47d4140,721fa326aac0,232
721fa47d4140,721fe6735ec0,232
721fa47d4140,721fc0ea9bc0,234
721fa47d4140,721fbe278c40,230
721fa47d4140,721f97ef9640,230
721fa47d4140,721f94390480,232
721fa47d4140,721fd0c990c0,234
721fa47d4140,721f96e97640,230
721fa47d4140,721faccb7f40,234
721fa47d4140,721f96156f40,358
72200ca73480,721f924c8980,230
72200ca73480,721fffa47880,240
72200ca73480,721fc57e29c0,236
72200ca73480,721fae8bc100,244
72200ca73480,721fd3d70880,236
72200ca73480,721fec712f80,236
72200ca73480,721fcded6a40,232
72200ca73480,721ffc081480,238
72200ca73480,721fb4acfc40,236
72200ca73480,721fd623f9c0,366
721ffa5cf780,721f924c8980,230
721ffa5cf780,721fffa47880,234
721ffa5cf780,721fc57e29c0,234
721ffa5cf780,721fae8bc100,236
721ffa5cf780,721fd3d70880,234
721ffa5cf780,721fec712f80,234
721ffa5cf780,721fcded6a40,232
721ffa5cf780,721ffc081480,232
721ffa5cf780,721fb4acfc40,234
721ffa5cf780,721fd623f9c0,234
721ffa5cf780,721fcb708c40,232
721ffa5cf780,72200d281000,232
721ffa5cf780,721fa0b28380,232
721ffa5cf780,721ff60706c0,232
721ffa5cf780,721fbf744a80,232
721ffa5cf780,721ff829f000,230
721ffa5cf780,721fcd328640,232
721ffa5cf780,721fa326aac0,230
721ffa5cf780,721fe6735ec0,232
721ffa5cf780,721fc0ea9bc0,234
721ffa5cf780,721fbe278c40,360
721fced3c100,721f924c8980,228
721fced3c100,721fffa47880,234
721fced3c100,721fc57e29c0,232
721fced3c100,721fae8bc100,234
721fced3c100,721fd3d70880,234
721fced3c100,721fec712f80,234
721fced3c100,721fcded6a40,232
721fced3c100,721ffc081480,230
721fced3c100,721fb4acfc40,232
721fced3c100,721fd623f9c0,232
721fced3c100,721fcb708c40,232
721fced3c100,72200d281000,230
721fced3c100,721fa0b28380,232
721fced3c100,721ff60706c0,230
721fced3c100,721fbf744a80,232
721fced3c100,721ff829f000,228
721fced3c100,721fcd328640,232
721fced3c100,721fa326aac0,228
721fced3c100,721fe6735ec0,232
721fced3c100,721fc0ea9bc0,232
721fced3c100,721fbe278c40,358
721fceb2cf80,721f924c8980,232
721fceb2cf80,721fffa47880,240
721fceb2cf80,721fc57e29c0,236
721fceb2cf80,721fae8bc100,236
721fceb2cf80,721fd3d70880,234
721fceb2cf80,721fec712f80,236
721fceb2cf80,721fcded6a40,232
721fceb2cf80,721ffc081480,238
721fceb2cf80,721fb4acfc40,236
721fceb2cf80,721fd623f9c0,236
721fceb2cf80,721fcb708c40,232
721fceb2cf80,72200d281000,234
721fceb2cf80,721fa0b28380,234
721fceb2cf80,721ff60706c0,230
721fceb2cf80,721fbf744a80,232
721fceb2cf80,721ff829f000,226
721fceb2cf80,721fcd328640,232
721fceb2cf80,721fa326aac0,228
721fceb2cf80,721fe6735ec0,232
721fceb2cf80,721fc0ea9bc0,238
721fceb2cf80,721fbe278c40,236
721fceb2cf80,721f97ef9640,232
721fceb2cf80,721f94390480,240
721fceb2cf80,721fd0c990c0,236
721fceb2cf80,721f96e97640,364
721fbee4bd80,721f924c8980,358
721fc9562580,721f924c8980,232
721fc9562580,721fffa47880,234
721fc9562580,721fc57e29c0,234
721fc9562580,721fae8bc100,232
721fc9562580,721fd3d70880,232
721fc9562580,721fec712f80,234
721fc9562580,721fcded6a40,232
721fc9562580,721ffc081480,232
721fc9562580,721fb4acfc40,234
721fc9562580,721fd623f9c0,230
721fc9562580,721fcb708c40,232
721fc9562580,72200d281000,232
721fc9562580,721fa0b28380,232
721fc9562580,721ff60706c0,232
721fc9562580,721fbf744a80,234
721fc9562580,721ff829f000,230
721fc9562580,721fcd328640,232
721fc9562580,721fa326aac0,230
721fc9562580,721fe6735ec0,232
721fc9562580,721fc0ea9bc0,232
721fc9562580,721fbe278c40,232
721fc9562580,721f97ef9640,232
721fc9562580,721f94390480,234
721fc9562580,721fd0c990c0,234
721fc9562580,721f96e97640,234
721fc9562580,721faccb7f40,234
721fc9562580,721f96156f40,232
721fc9562580,721fcc4c3180,360
721f9a34de40,721f924c8980,228
721f9a34de40,721fffa47880,232
721f9a34de40,721fc57e29c0,234
721f9a34de40,721fae8bc100,230
721f9a34de40,721fd3d70880,230
721f9a34de40,721fec712f80,232
721f9a34de40,721fcded6a40,232
721f9a34de40,721ffc081480,228
721f9a34de40,721fb4acfc40,234
721f9a34de40,721fd623f9c0,232
721f9a34de40,721fcb708c40,232
721f9a34de40,72200d281000,230
721f9a34de40,721fa0b28380,358
721facf00f00,721f924c8980,356
721fb13cc140,721f924c8980,232
721fb13cc140,721fffa47880,236
721fb13cc140,721fc57e29c0,362
721fa5873440,721f924c8980,232
721fa5873440,721fffa47880,236
721fa5873440,721fc57e29c0,236
721fa5873440,721fae8bc100,236
721fa5873440,721fd3d70880,232
721fa5873440,721fec712f80,234
721fa5873440,721fcded6a40,232
721fa5873440,721ffc081480,234
721fa5873440,721fb4acfc40,236
721fa5873440,721fd623f9c0,238
721fa5873440,721fcb708c40,232
721fa5873440,72200d281000,232
721fa5873440,721fa0b28380,232
721fa5873440,721ff60706c0,230
721fa5873440,721fbf744a80,232
721fa5873440,721ff829f000,228
721fa5873440,721fcd328640,232
721fa5873440,721fa326aac0,230
721fa5873440,721fe6735ec0,232
721fa5873440,721fc0ea9bc0,238
721fa5873440,721fbe278c40,236
721fa5873440,721f97ef9640,232
721fa5873440,721f94390480,236
721fa5873440,721fd0c990c0,236
721fa5873440,721f96e97640,364
721fdea7e780,721f924c8980,230
721fdea7e780,721fffa47880,240
721fdea7e780,721fc57e29c0,236
721fdea7e780,721fae8bc100,240
721fdea7e780,721fd3d70880,234
721fdea7e780,721fec712f80,236
721fdea7e780,721fcded6a40,232
721fdea7e780,721ffc081480,242
721fdea7e780,721fb4acfc40,236
721fdea7e780,721fd623f9c0,238
721fdea7e780,721fcb708c40,232
721fdea7e780,72200d281000,362
722001cc5fc0,721f924c8980,230
722001cc5fc0,721fffa47880,240
722001cc5fc0,721fc57e29c0,236
722001cc5fc0,721fae8bc100,236
722001cc5fc0,721fd3d70880,232
722001cc5fc0,721fec712f80,236
722001cc5fc0,721fcded6a40,232
722001cc5fc0,721ffc081480,236
722001cc5fc0,721fb4acfc40,236
722001cc5fc0,721fd623f9c0,236
722001cc5fc0,721fcb708c40,232
722001cc5fc0,72200d281000,234
722001cc5fc0,721fa0b28380,236
722001cc5fc0,721ff60706c0,230
722001cc5fc0,721fbf744a80,232
722001cc5fc0,721ff829f000,358
721fa0c08000,721f924c8980,232
721fa0c08000,721fffa47880,232
721fa0c08000,721fc57e29c0,358
721f9b9aae00,721f924c8980,230
721f9b9aae00,721fffa47880,234
721f9b9aae00,721fc57e29c0,232
721f9b9aae00,721fae8bc100,230
721f9b9aae00,721fd3d70880,232
721f9b9aae00,721fec712f80,234
721f9b9aae00,721fcded6a40,232
721f9b9aae00,721ffc081480,232
721f9b9aae00,721fb4acfc40,232
721f9b9aae00,721fd623f9c0,230
721f9b9aae00,721fcb708c40,232
721f9b9aae00,72200d281000,230
721f9b9aae00,721fa0b28380,358
721fcbd65640,721f924c8980,228
721fcbd65640,721fffa47880,242
721fcbd65640,721fc57e29c0,236
721fcbd65640,721fae8bc100,242
721fcbd65640,721fd3d70880,236
721fcbd65640,721fec712f80,236
721fcbd65640,721fcded6a40,232
721fcbd65640,721ffc081480,240
721fcbd65640,721fb4acfc40,236
721fcbd65640,721fd623f9c0,240
721fcbd65640,721fcb708c40,232
721fcbd65640,72200d281000,234
721fcbd65640,721fa0b28380,234
721fcbd65640,721ff60706c0,232
721fcbd65640,721fbf744a80,232
721fcbd65640,721ff829f000,228
721fcbd65640,721fcd328640,234
721fcbd65640,721fa326aac0,230
721fcbd65640,721fe6735ec0,232
721fcbd65640,721fc0ea9bc0,238
721fcbd65640,721fbe278c40,368
721fb5400880,721f924c8980,228
721fb5400880,721fffa47880,240
721fb5400880,721fc57e29c0,236
721fb5400880,721fae8bc100,242
721fb5400880,721fd3d70880,236
721fb5400880,721fec712f80,236
721fb5400880,721fcded6a40,232
721fb5400880,721ffc081480,236
721fb5400880,721fb4acfc40,236
721fb5400880,721fd623f9c0,240
721fb5400880,721fcb708c40,232
721fb5400880,72200d281000,234
721fb5400880,721fa0b28380,234
721fb5400880,721ff60706c0,230
721fb5400880,721fbf744a80,234
721fb5400880,721ff829f000,228
721fb5400880,721fcd328640,232
721fb5400880,721fa326aac0,230
721fb5400880,721fe6735ec0,232
721fb5400880,721fc0ea9bc0,238
721fb5400880,721fbe278c40,366
721fc6c1d700,721f924c8980,228
721fc6c1d700,721fffa47880,238
721fc6c1d700,721fc57e29c0,236
721fc6c1d700,721fae8bc100,238
721fc6c1d700,721fd3d70880,362
721fe3bc0800,721f924c8980,232
721fe3bc0800,721fffa47880,238
721fe3bc0800,721fc57e29c0,234
721fe3bc0800,721fae8bc100,242
721fe3bc0800,721fd3d70880,236
721fe3bc0800,721fec712f80,236
721fe3bc0800,721fcded6a40,356
721fb1b39f00,721f924c8980,232
721fb1b39f00,721fffa47880,232
721fb1b39f00,721fc57e29c0,360
721ff3b397c0,721f924c8980,230
721ff3b397c0,721fffa47880,236
721ff3b397c0,721fc57e29c0,236
721ff3b397c0,721fae8bc100,238
721ff3b397c0,721fd3d70880,236
721ff3b397c0,721fec712f80,232
721ff3b397c0,721fcded6a40,230
721ff3b397c0,721ffc081480,236
721ff3b397c0,721fb4acfc40,234
721ff3b397c0,721fd623f9c0,238
721ff3b397c0,721fcb708c40,230
721ff3b397c0,72200d281000,236
721ff3b397c0,721fa0b28380,236
721ff3b397c0,721ff60706c0,232
721ff3b397c0,721fbf744a80,232
721ff3b397c0,721ff829f000,230
721ff3b397c0,721fcd328640,230
721ff3b397c0,721fa326aac0,232
721ff3b397c0,721fe6735ec0,358
722003eb9280,721f924c8980,232
722003eb9280,721fffa47880,238
722003eb9280,721fc57e29c0,234
722003eb9280,721fae8bc100,244
722003eb9280,721fd3d70880,236
722003eb9280,721fec712f80,234
722003eb9280,721fcded6a40,230
722003eb9280,721ffc081480,242
722003eb9280,721fb4acfc40,362
721fb88078c0,721f924c8980,232
721fb88078c0,721fffa47880,238
721fb88078c0,721fc57e29c0,234
721fb88078c0,721fae8bc100,242
721fb88078c0,721fd3d70880,236
721fb88078c0,721fec712f80,362
721fbf9d8400,721f924c8980,232
721fbf9d8400,721fffa47880,238
721fbf9d8400,721fc57e29c0,362
721fb9aee0c0,721f924c8980,232
721fb9aee0c0,721fffa47880,236
721fb9aee0c0,721fc57e29c0,236
721fb9aee0c0,721fae8bc100,234
721fb9aee0c0,721fd3d70880,232
721fb9aee0c0,721fec712f80,236
721fb9aee0c0,721fcded6a40,232
721fb9aee0c0,721ffc081480,234
721fb9aee0c0,721fb4acfc40,236
721fb9aee0c0,721fd623f9c0,234
721fb9aee0c0,721fcb708c40,232
721fb9aee0c0,72200d281000,232
721fb9aee0c0,721fa0b28380,232
721fb9aee0c0,721ff60706c0,230
721fb9aee0c0,721fbf744a80,232
721fb9aee0c0,721ff829f000,228
721fb9aee0c0,721fcd328640,232
721fb9aee0c0,721fa326aac0,230
721fb9aee0c0,721fe6735ec0,232
721fb9aee0c0,721fc0ea9bc0,238
721fb9aee0c0,721fbe278c40,236
721fb9aee0c0,721f97ef9640,358
721fb16294c0,721f924c8980,230
721fb16294c0,721fffa47880,242
721fb16294c0,721fc57e29c0,236
721fb16294c0,721fae8bc100,240
721fb16294c0,721fd3d70880,234
721fb16294c0,721fec712f80,236
721fb16294c0,721fcded6a40,232
721fb16294c0,721ffc081480,238
721fb16294c0,721fb4acfc40,236
721fb16294c0,721fd623f9c0,238
721fb16294c0,721fcb708c40,232
721fb16294c0,72200d281000,234
721fb16294c0,721fa0b28380,236
721fb16294c0,721ff60706c0,230
721fb16294c0,721fbf744a80,232
721fb16294c0,721ff829f000,228
721fb16294c0,721fcd328640,234
721fb16294c0,721fa326aac0,230
721fb16294c0,721fe6735ec0,232
721fb16294c0,721fc0ea9bc0,238
721fb16294c0,721fbe278c40,240
721fb16294c0,721f97ef9640,356
721f91966980,721f924c8980,232
721f91966980,721fffa47880,234
721f91966980,721fc57e29c0,234
721f91966980,721fae8bc100,240
721f91966980,721fd3d70880,236
721f91966980,721fec712f80,234
721f91966980,721fcded6a40,230
721f91966980,721ffc081480,238
721f91966980,721fb4acfc40,236
721f91966980,721fd623f9c0,236
721f91966980,721fcb708c40,358
721fcdcf3e00,721f924c8980,232
721fcdcf3e00,721fffa47880,238
721fcdcf3e00,721fc57e29c0,234
721fcdcf3e00,721fae8bc100,238
721fcdcf3e00,721fd3d70880,236
721fcdcf3e00,721fec712f80,234
721fcdcf3e00,721fcded6a40,230
721fcdcf3e00,721ffc081480,238
721fcdcf3e00,721fb4acfc40,234
721fcdcf3e00,721fd623f9c0,236
721fcdcf3e00,721fcb708c40,230
721fcdcf3e00,72200d281000,236
721fcdcf3e00,721fa0b28380,236
721fcdcf3e00,721ff60706c0,232
721fcdcf3e00,721fbf744a80,234
721fcdcf3e00,721ff829f000,232
721fcdcf3e00,721fcd328640,230
721fcdcf3e00,721fa326aac0,232
721fcdcf3e00,721fe6735ec0,232
721fcdcf3e00,721fc0ea9bc0,234
721fcdcf3e00,721fbe278c40,238
721fcdcf3e00,721f97ef9640,232
721fcdcf3e00,721f94390480,238
721fcdcf3e00,721fd0c990c0,234
721fcdcf3e00,721f96e97640,236
721fcdcf3e00,721faccb7f40,234
721fcdcf3e00,721f96156f40,234
721fcdcf3e00,721fcc4c3180,236
721fcdcf3e00,721fd27e6840,230
721fcdcf3e00,721fae018dc0,356
721fe8252740,721f924c8980,228
721fe8252740,721fffa47880,242
721fe8252740,721fc57e29c0,236
721fe8252740,721fae8bc100,244
721fe8252740,721fd3d70880,236
721fe8252740,721fec712f80,236
721fe8252740,721fcded6a40,232
721fe8252740,721ffc081480,238
721fe8252740,721fb4acfc40,236
721fe8252740,721fd623f9c0,366
721fa70f15c0,721f924c8980,232
721fa70f15c0,721fffa47880,236
721fa70f15c0,721fc57e29c0,234
721fa70f15c0,721fae8bc100,238
721fa70f15c0,721fd3d70880,234
721fa70f15c0,721fec712f80,234
721fa70f15c0,721fcded6a40,230
721fa70f15c0,721ffc081480,240
721fa70f15c0,721fb4acfc40,236
721fa70f15c0,721fd623f9c0,240
721fa70f15c0,721fcb708c40,232
721fa70f15c0,72200d281000,236
721fa70f15c0,721fa0b28380,234
721fa70f15c0,721ff60706c0,232
721fa70f15c0,721fbf744a80,230
721fa70f15c0,721ff829f000,232
721fa70f15c0,721fcd328640,230
721fa70f15c0,721fa326aac0,232
721fa70f15c0,721fe6735ec0,230
721fa70f15c0,721fc0ea9bc0,364
72200802b980,721f924c8980,230
72200802b980,721fffa47880,234
72200802b980,721fc57e29c0,234
72200802b980,721fae8bc100,232
72200802b980,721fd3d70880,232
72200802b980,721fec712f80,234
72200802b980,721fcded6a40,232
72200802b980,721ffc081480,232
72200802b980,721fb4acfc40,234
72200802b980,721fd623f9c0,230
72200802b980,721fcb708c40,232
72200802b980,72200d281000,234
72200802b980,721fa0b28380,234
72200802b980,721ff60706c0,232
72200802b980,721fbf744a80,232
72200802b980,721ff829f000,232
72200802b980,721fcd328640,232
72200802b980,721fa326aac0,232
72200802b980,721fe6735ec0,232
72200802b980,721fc0ea9bc0,234
72200802b980,721fbe278c40,232
72200802b980,721f97ef9640,230
72200802b980,721f94390480,234
72200802b980,721fd0c990c0,236
72200802b980,721f96e97640,232
72200802b980,721faccb7f40,232
72200802b980,721f96156f40,360
721ffdc268c0,721f924c8980,230
721ffdc268c0,721fffa47880,234
721ffdc268c0,721fc57e29c0,234
721ffdc268c0,721fae8bc100,232
721ffdc268c0,721fd3d70880,232
721ffdc268c0,721fec712f80,234
721ffdc268c0,721fcded6a40,232
721ffdc268c0,721ffc081480,232
721ffdc268c0,721fb4acfc40,234
721ffdc268c0,721fd623f9c0,232
721ffdc268c0,721fcb708c40,232
721ffdc268c0,72200d281000,232
721ffdc268c0,721fa0b28380,360
721fa4d64a40,721f924c8980,232
721fa4d64a40,721fffa47880,236
721fa4d64a40,721fc57e29c0,232
721fa4d64a40,721fae8bc100,238
721fa4d64a40,721fd3d70880,234
721fa4d64a40,721fec712f80,232
721fa4d64a40,721fcded6a40,230
721fa4d64a40,721ffc081480,236
721fa4d64a40,721fb4acfc40,232
721fa4d64a40,721fd623f9c0,238
721fa4d64a40,721fcb708c40,230
721fa4d64a40,72200d281000,236
721fa4d64a40,721fa0b28380,234
721fa4d64a40,721ff60706c0,232
721fa4d64a40,721fbf744a80,228
721fa4d64a40,721ff829f000,232
721fa4d64a40,721fcd328640,232
721fa4d64a40,721fa326aac0,232
721fa4d64a40,721fe6735ec0,228
721fa4d64a40,721fc0ea9bc0,234
721fa4d64a40,721fbe278c40,238
721fa4d64a40,721f97ef9640,232
721fa4d64a40,721f94390480,362
721ff37fb100,721f924c8980,230
721ff37fb100,721fffa47880,234
721ff37fb100,721fc57e29c0,234
721ff37fb100,721fae8bc100,232
721ff37fb100,721fd3d70880,232
721ff37fb100,721fec712f80,236
721ff37fb100,721fcded6a40,232
721ff37fb100,721ffc081480,232
721ff37fb100,721fb4acfc40,234
721ff37fb100,721fd623f9c0,230
721ff37fb100,721fcb708c40,232
721ff37fb100,72200d281000,232
721ff37fb100,721fa0b28380,234
721ff37fb100,721ff60706c0,232
721ff37fb100,721fbf744a80,232
721ff37fb100,721ff829f000,232
721ff37fb100,721fcd328640,232
721ff37fb100,721fa326aac0,232
721ff37fb100,721fe6735ec0,232
721ff37fb100,721fc0ea9bc0,232
721ff37fb100,721fbe278c40,232
721ff37fb100,721f97ef9640,230
721ff37fb100,721f94390480,234
721ff37fb100,721fd0c990c0,234
721ff37fb100,721f96e97640,232
721ff37fb100,721faccb7f40,232
721ff37fb100,721f96156f40,360
721fbdb62a00,721f924c8980,232
721fbdb62a00,721fffa47880,366
721fe4a91a00,721f924c8980,232
721fe4a91a00,721fffa47880,234
721fe4a91a00,721fc57e29c0,234
721fe4a91a00,721fae8bc100,232
721fe4a91a00,721fd3d70880,232
721fe4a91a00,721fec712f80,234
721fe4a91a00,721fcded6a40,232
721fe4a91a00,721ffc081480,232
721fe4a91a00,721fb4acfc40,234
721fe4a91a00,721fd623f9c0,230
721fe4a91a00,721fcb708c40,234
721fe4a91a00,72200d281000,232
721fe4a91a00,721fa0b28380,232
721fe4a91a00,721ff60706c0,232
721fe4a91a00,721fbf744a80,232
721fe4a91a00,721ff829f000,230
721fe4a91a00,721fcd328640,232
721fe4a91a00,721fa326aac0,230
721fe4a91a00,721fe6735ec0,232
721fe4a91a00,721fc0ea9bc0,234
721fe4a91a00,721fbe278c40,232
721fe4a91a00,721f97ef9640,232
721fe4a91a00,721f94390480,234
721fe4a91a00,721fd0c990c0,234
721fe4a91a00,721f96e97640,360
721fa3846e80,721f924c8980,232
721fa3846e80,721fffa47880,362
721ff82c4f80,721f924c8980,232
721ff82c4f80,721fffa47880,232
721ff82c4f80,721fc57e29c0,234
721ff82c4f80,721fae8bc100,236
721ff82c4f80,721fd3d70880,234
721ff82c4f80,721fec712f80,232
721ff82c4f80,721fcded6a40,230
721ff82c4f80,721ffc081480,234
721ff82c4f80,721fb4acfc40,232
721ff82c4f80,721fd623f9c0,232
721ff82c4f80,721fcb708c40,232
721ff82c4f80,72200d281000,234
721ff82c4f80,721fa0b28380,236
721ff82c4f80,721ff60706c0,232
721ff82c4f80,721fbf744a80,236
721ff82c4f80,721ff829f000,232
721ff82c4f80,721fcd328640,232
721ff82c4f80,721fa326aac0,232
721ff82c4f80,721fe6735ec0,232
721ff82c4f80,721fc0ea9bc0,230
721ff82c4f80,721fbe278c40,234
721ff82c4f80,721f97ef9640,232
721ff82c4f80,721f94390480,232
721ff82c4f80,721fd0c990c0,232
721ff82c4f80,721f96e97640,234
721ff82c4f80,721faccb7f40,230
721ff82c4f80,721f96156f40,234
721ff82c4f80,721fcc4c3180,234
721ff82c4f80,721fd27e6840,230
721ff82c4f80,721fae018dc0,358
721feffdf840,721f924c8980,230
721feffdf840,721fffa47880,234
721feffdf840,721fc57e29c0,234
721feffdf840,721fae8bc100,238
721feffdf840,721fd3d70880,236
721feffdf840,721fec712f80,234
721feffdf840,721fcded6a40,230
721feffdf840,721ffc081480,236
721feffdf840,721fb4acfc40,236
721feffdf840,721fd623f9c0,238
721feffdf840,721fcb708c40,232
721feffdf840,72200d281000,236
721feffdf840,721fa0b28380,236
721feffdf840,721ff60706c0,232
721feffdf840,721fbf744a80,228
721feffdf840,721ff829f000,232
721feffdf840,721fcd328640,230
721feffdf840,721fa326aac0,232
721feffdf840,721fe6735ec0,228
721feffdf840,721fc0ea9bc0,364
721fc1947dc0,721f924c8980,358
721f9a8910c0,721f924c8980,232
721f9a8910c0,721fffa47880,232
721f9a8910c0,721fc57e29c0,232
721f9a8910c0,721fae8bc100,234
721f9a8910c0,721fd3d70880,234
721f9a8910c0,721fec712f80,232
721f9a8910c0,721fcded6a40,230
721f9a8910c0,721ffc081480,232
721f9a8910c0,721fb4acfc40,360
722006a52cc0,721f924c8980,232
722006a52cc0,721fffa47880,240
722006a52cc0,721fc57e29c0,234
722006a52cc0,721fae8bc100,238
722006a52cc0,721fd3d70880,236
722006a52cc0,721fec712f80,234
722006a52cc0,721fcded6a40,228
722006a52cc0,721ffc081480,240
722006a52cc0,721fb4acfc40,234
722006a52cc0,721fd623f9c0,240
722006a52cc0,721fcb708c40,230
722006a52cc0,72200d281000,234
722006a52cc0,721fa0b28380,234
722006a52cc0,721ff60706c0,232
722006a52cc0,721fbf744a80,230
722006a52cc0,721ff829f000,232
722006a52cc0,721fcd328640,232
722006a52cc0,721fa326aac0,232
722006a52cc0,721fe6735ec0,230
722006a52cc0,721fc0ea9bc0,236
722006a52cc0,721fbe278c40,240
722006a52cc0,721f97ef9640,232
722006a52cc0,721f94390480,364
721f915c6540,721f924c8980,232
721f915c6540,721fffa47880,240
721f915c6540,721fc57e29c0,234
721f915c6540,721fae8bc100,242
721f915c6540,721fd3d70880,236
721f915c6540,721fec712f80,234
721f915c6540,721fcded6a40,230
721f915c6540,721ffc081480,240
721f915c6540,721fb4acfc40,234
721f915c6540,721fd623f9c0,242
721f915c6540,721fcb708c40,230
721f915c6540,72200d281000,236
721f915c6540,721fa0b28380,236
721f915c6540,721ff60706c0,234
721f915c6540,721fbf744a80,230
721f915c6540,721ff829f000,232
721f915c6540,721fcd328640,234
721f915c6540,721fa326aac0,232
721f915c6540,721fe6735ec0,230
721f915c6540,721fc0ea9bc0,236
721f915c6540,721fbe278c40,242
721f915c6540,721f97ef9640,232
721f915c6540,721f94390480,240
721f915c6540,721fd0c990c0,234
721f915c6540,721f96e97640,242
721f915c6540,721faccb7f40,238
721f915c6540,721f96156f40,236
721f915c6540,721fcc4c3180,236
721f915c6540,721fd27e6840,358
72200d7570c0,721f924c8980,232
72200d7570c0,721fffa47880,236
72200d7570c0,721fc57e29c0,234
72200d7570c0,721fae8bc100,240
72200d7570c0,721fd3d70880,236
72200d7570c0,721fec712f80,234
72200d7570c0,721fcded6a40,230
72200d7570c0,721ffc081480,240
72200d7570c0,721fb4acfc40,236
72200d7570c0,721fd623f9c0,240
72200d7570c0,721fcb708c40,232
72200d7570c0,72200d281000,236
72200d7570c0,721fa0b28380,236
72200d7570c0,721ff60706c0,232
72200d7570c0,721fbf744a80,230
72200d7570c0,721ff829f000,232
72200d7570c0,721fcd328640,230
72200d7570c0,721fa326aac0,232
72200d7570c0,721fe6735ec0,230
72200d7570c0,721fc0ea9bc0,240
72200d7570c0,721fbe278c40,240
72200d7570c0,721f97ef9640,232
72200d7570c0,721f94390480,236
72200d7570c0,721fd0c990c0,234
72200d7570c0,721f96e97640,240
72200d7570c0,721faccb7f40,238
72200d7570c0,721f96156f40,236
72200d7570c0,721fcc4c3180,236
72200d7570c0,721fd27e6840,230
72200d7570c0,721fae018dc0,230
72200d7570c0,721fca6ddc40,236
72200d7570c0,721fd9682240,364
721f9885acc0,721f924c8980,230
721f9885acc0,721fffa47880,232
721f9885acc0,721fc57e29c0,234
721f9885acc0,721fae8bc100,234
721f9885acc0,721fd3d70880,234
721f9885acc0,721fec712f80,234
721f9885acc0,721fcded6a40,232
721f9885acc0,721ffc081480,232
721f9885acc0,721fb4acfc40,234
721f9885acc0,721fd623f9c0,234
721f9885acc0,721fcb708c40,232
721f9885acc0,72200d281000,232
721f9885acc0,721fa0b28380,232
721f9885acc0,721ff60706c0,230
721f9885acc0,721fbf744a80,232
721f9885acc0,721ff829f000,230
721f9885acc0,721fcd328640,232
721f9885acc0,721fa326aac0,230
721f9885acc0,721fe6735ec0,232
721f9885acc0,721fc0ea9bc0,234
721f9885acc0,721fbe278c40,360
721f9e171380,721f924c8980,230
721f9e171380,721fffa47880,234
721f9e171380,721fc57e29c0,232
721f9e171380,721fae8bc100,232
721f9e171380,721fd3d70880,230
721f9e171380,721fec712f80,234
721f9e171380,721fcded6a40,232
721f9e171380,721ffc081480,358
721fca6bc740,721f924c8980,230
721fca6bc740,721fffa47880,232
721fca6bc740,721fc57e29c0,234
721fca6bc740,721fae8bc100,232
721fca6bc740,721fd3d70880,232
721fca6bc740,721fec712f80,234
721fca6bc740,721fcded6a40,232
721fca6bc740,721ffc081480,358
721fbee5b580,721f924c8980,232
721fbee5b580,721fffa47880,242
721fbee5b580,721fc57e29c0,234
721fbee5b580,721fae8bc100,242
721fbee5b580,721fd3d70880,236
721fbee5b580,721fec712f80,234
721fbee5b580,721fcded6a40,228
721fbee5b580,721ffc081480,240
721fbee5b580,721fb4acfc40,234
721fbee5b580,721fd623f9c0,242
721fbee5b580,721fcb708c40,230
721fbee5b580,72200d281000,236
721fbee5b580,721fa0b28380,236
721fbee5b580,721ff60706c0,232
721fbee5b580,721fbf744a80,230
721fbee5b580,721ff829f000,232
721fbee5b580,721fcd328640,232
721fbee5b580,721fa326aac0,232
721fbee5b580,721fe6735ec0,230
721fbee5b580,721fc0ea9bc0,234
721fbee5b580,721fbe278c40,242
721fbee5b580,721f97ef9640,232
721fbee5b580,721f94390480,240
721fbee5b580,721fd0c990c0,234
721fbee5b580,721f96e97640,244
721fbee5b580,721faccb7f40,238
721fbee5b580,721f96156f40,236
721fbee5b580,721fcc4c3180,236
721fbee5b580,721fd27e6840,358
721fd5f8ea80,721f924c8980,232
721fd5f8ea80,721fffa47880,232
721fd5f8ea80,721fc57e29c0,232
721fd5f8ea80,721fae8bc100,236
721fd5f8ea80,721fd3d70880,234
721fd5f8ea80,721fec712f80,234
721fd5f8ea80,721fcded6a40,358
721f9f47cf80,721f924c8980,232
721f9f47cf80,721fffa47880,232
721f9f47cf80,721fc57e29c0,232
721f9f47cf80,721fae8bc100,236
721f9f47cf80,721fd3d70880,234
721f9f47cf80,721fec712f80,234
721f9f47cf80,721fcded6a40,358
721fe1b95480,721f924c8980,228
721fe1b95480,721fffa47880,242
721fe1b95480,721fc57e29c0,236
721fe1b95480,721fae8bc100,240
721fe1b95480,721fd3d70880,234
721fe1b95480,721fec712f80,236
721fe1b95480,721fcded6a40,232
721fe1b95480,721ffc081480,242
721fe1b95480,721fb4acfc40,236
721fe1b95480,721fd623f9c0,238
721fe1b95480,721fcb708c40,232
721fe1b95480,72200d281000,362
721fbacc8280,721f924c8980,232
721fbacc8280,721fffa47880,238
721fbacc8280,721fc57e29c0,234
721fbacc8280,721fae8bc100,242
721fbacc8280,721fd3d70880,236
721fbacc8280,721fec712f80,362
721f94536200,721f924c8980,232
721f94536200,721fffa47880,238
721f94536200,721fc57e29c0,234
721f94536200,721fae8bc100,240
721f94536200,721fd3d70880,236
721f94536200,721fec712f80,234
721f94536200,721fcded6a40,230
721f94536200,721ffc081480,240
721f94536200,721fb4acfc40,362
72200b59cd80,721f924c8980,232
72200b59cd80,721fffa47880,242
72200b59cd80,721fc57e29c0,234
72200b59cd80,721fae8bc100,242
72200b59cd80,721fd3d70880,236
72200b59cd80,721fec712f80,234
72200b59cd80,721fcded6a40,230
72200b59cd80,721ffc081480,240
72200b59cd80,721fb4acfc40,234
72200b59cd80,721fd623f9c0,242
72200b59cd80,721fcb708c40,230
72200b59cd80,72200d281000,236
72200b59cd80,721fa0b28380,236
72200b59cd80,721ff60706c0,232
72200b59cd80,721fbf744a80,230
72200b59cd80,721ff829f000,232
72200b59cd80,721fcd328640,232
72200b59cd80,721fa326aac0,232
72200b59cd80,721fe6735ec0,230
72200b59cd80,721fc0ea9bc0,234
72200b59cd80,721fbe278c40,242
72200b59cd80,721f97ef9640,232
72200b59cd80,721f94390480,366
721feb8a0680,721f924c8980,228
721feb8a0680,721fffa47880,234
721feb8a0680,721fc57e29c0,232
721feb8a0680,721fae8bc100,234
721feb8a0680,721fd3d70880,358
721fbf2242c0,721f924c8980,232
721fbf2242c0,721fffa47880,230
721fbf2242c0,721fc57e29c0,232
721fbf2242c0,721fae8bc100,234
721fbf2242c0,721fd3d70880,234
721fbf2242c0,721fec712f80,234
721fbf2242c0,721fcded6a40,232
721fbf2242c0,721ffc081480,232
721fbf2242c0,721fb4acfc40,232
721fbf2242c0,721fd623f9c0,234
721fbf2242c0,721fcb708c40,230
721fbf2242c0,72200d281000,234
721fbf2242c0,721fa0b28380,234
721fbf2242c0,721ff60706c0,232
721fbf2242c0,721fbf744a80,230
721fbf2242c0,721ff829f000,232
721fbf2242c0,721fcd328640,232
721fbf2242c0,721fa326aac0,232
721fbf2242c0,721fe6735ec0,230
721fbf2242c0,721fc0ea9bc0,232
721fbf2242c0,721fbe278c40,234
721fbf2242c0,721f97ef9640,232
721fbf2242c0,721f94390480,230
721fbf2242c0,721fd0c990c0,234
721fbf2242c0,721f96e97640,234
721fbf2242c0,721faccb7f40,360
721faddc6240,721f924c8980,232
721faddc6240,721fffa47880,236
721faddc6240,721fc57e29c0,232
721faddc6240,721fae8bc100,238
721faddc6240,721fd3d70880,234
721faddc6240,721fec712f80,232
721faddc6240,721fcded6a40,228
721faddc6240,721ffc081480,236
721faddc6240,721fb4acfc40,236
721faddc6240,721fd623f9c0,238
721faddc6240,721fcb708c40,232
721faddc6240,72200d281000,234
721faddc6240,721fa0b28380,236
721faddc6240,721ff60706c0,232
721faddc6240,721fbf744a80,228
721faddc6240,721ff829f000,230
721faddc6240,721fcd328640,230
721faddc6240,721fa326aac0,232
721faddc6240,721fe6735ec0,230
721faddc6240,721fc0ea9bc0,362
721fee407000,721f924c8980,232
721fee407000,721fffa47880,230
721fee407000,721fc57e29c0,232
721fee407000,721fae8bc100,234
721fee407000,721fd3d70880,234
721fee407000,721fec712f80,232
721fee407000,721fcded6a40,228
721fee407000,721ffc081480,234
721fee407000,721fb4acfc40,230
721fee407000,721fd623f9c0,234
721fee407000,721fcb708c40,230
721fee407000,72200d281000,234
721fee407000,721fa0b28380,234
721fee407000,721ff60706c0,232
721fee407000,721fbf744a80,232
721fee407000,721ff829f000,232
721fee407000,721fcd328640,230
721fee407000,721fa326aac0,232
721fee407000,721fe6735ec0,356
721ffe118100,721f924c8980,232
721ffe118100,721fffa47880,238
721ffe118100,721fc57e29c0,236
721ffe118100,721fae8bc100,242
721ffe118100,721fd3d70880,236
721ffe118100,721fec712f80,234
721ffe118100,721fcded6a40,230
721ffe118100,721ffc081480,242
721ffe118100,721fb4acfc40,234
721ffe118100,721fd623f9c0,242
721ffe118100,721fcb708c40,230
721ffe118100,72200d281000,236
721ffe118100,721fa0b28380,236
721ffe118100,721ff60706c0,232
721ffe118100,721fbf744a80,232
721ffe118100,721ff829f000,232
721ffe118100,721fcd328640,230
721ffe118100,721fa326aac0,232
721ffe118100,721fe6735ec0,232
721ffe118100,721fc0ea9bc0,234
721ffe118100,721fbe278c40,242
721ffe118100,721f97ef9640,232
721ffe118100,721f94390480,238
721ffe118100,721fd0c990c0,234
721ffe118100,721f96e97640,242
721ffe118100,721faccb7f40,238
721ffe118100,721f96156f40,236
721ffe118100,721fcc4c3180,236
721ffe118100,721fd27e6840,228
721ffe118100,721fae018dc0,356
7220072189c0,721f924c8980,228
7220072189c0,721fffa47880,236
7220072189c0,721fc57e29c0,236
7220072189c0,721fae8bc100,234
7220072189c0,721fd3d70880,232
7220072189c0,721fec712f80,234
7220072189c0,721fcded6a40,232
7220072189c0,721ffc081480,236
7220072189c0,721fb4acfc40,236
7220072189c0,721fd623f9c0,234
7220072189c0,721fcb708c40,232
7220072189c0,72200d281000,236
7220072189c0,721fa0b28380,232
7220072189c0,721ff60706c0,358
7220066f8600,721f924c8980,230
7220066f8600,721fffa47880,238
7220066f8600,721fc57e29c0,234
7220066f8600,721fae8bc100,236
7220066f8600,721fd3d70880,234
7220066f8600,721fec712f80,236
7220066f8600,721fcded6a40,232
7220066f8600,721ffc081480,238
7220066f8600,721fb4acfc40,236
7220066f8600,721fd623f9c0,234
7220066f8600,721fcb708c40,232
7220066f8600,72200d281000,234
7220066f8600,721fa0b28380,362
721ff7343a80,721f924c8980,232
721ff7343a80,721fffa47880,236
721ff7343a80,721fc57e29c0,362
721ff603f280,721f924c8980,230
721ff603f280,721fffa47880,234
721ff603f280,721fc57e29c0,232
721ff603f280,721fae8bc100,232
721ff603f280,721fd3d70880,230
721ff603f280,721fec712f80,232
721ff603f280,721fcded6a40,232
721ff603f280,721ffc081480,230
721ff603f280,721fb4acfc40,232
721ff603f280,721fd623f9c0,230
721ff603f280,721fcb708c40,232
721ff603f280,72200d281000,232
721ff603f280,721fa0b28380,232
721ff603f280,721ff60706c0,230
721ff603f280,721fbf744a80,232
721ff603f280,721ff829f000,232
721ff603f280,721fcd328640,232
721ff603f280,721fa326aac0,232
721ff603f280,721fe6735ec0,232
721ff603f280,721fc0ea9bc0,232
721ff603f280,721fbe278c40,230
721ff603f280,721f97ef9640,230
721ff603f280,721f94390480,234
721ff603f280,721fd0c990c0,232
721ff603f280,721f96e97640,230
721ff603f280,721faccb7f40,232
721ff603f280,721f96156f40,358
721f9c65d040,721f924c8980,232
721f9c65d040,721fffa47880,230
721f9c65d040,721fc57e29c0,234
721f9c65d040,721fae8bc100,232
721f9c65d040,721fd3d70880,232
721f9c65d040,721fec712f80,230
721f9c65d040,721fcded6a40,230
721f9c65d040,721ffc081480,232
721f9c65d040,721fb4acfc40,230
721f9c65d040,721fd623f9c0,234
721f9c65d040,721fcb708c40,230
721f9c65d040,72200d281000,234
721f9c65d040,721fa0b28380,232
721f9c65d040,721ff60706c0,232
721f9c65d040,721fbf744a80,358
721fdbd3eb80,721f924c8980,232
721fdbd3eb80,721fffa47880,236
721fdbd3eb80,721fc57e29c0,362
721fa4da1c80,721f924c8980,232
721fa4da1c80,721fffa47880,240
721fa4da1c80,721fc57e29c0,236
721fa4da1c80,721fae8bc100,238
721fa4da1c80,721fd3d70880,234
721fa4da1c80,721fec712f80,236
721fa4da1c80,721fcded6a40,232
721fa4da1c80,721ffc081480,236
721fa4da1c80,721fb4acfc40,236
721fa4da1c80,721fd623f9c0,236
721fa4da1c80,721fcb708c40,232
721fa4da1c80,72200d281000,234
721fa4da1c80,721fa0b28380,234
721fa4da1c80,721ff60706c0,230
721fa4da1c80,721fbf744a80,232
721fa4da1c80,721ff829f000,230
721fa4da1c80,721fcd328640,232
721fa4da1c80,721fa326aac0,228
721fa4da1c80,721fe6735ec0,232
721fa4da1c80,721fc0ea9bc0,238
721fa4da1c80,721fbe278c40,236
721fa4da1c80,721f97ef9640,358
721ff22eea80,721f924c8980,232
721ff22eea80,721fffa47880,242
721ff22eea80,721fc57e29c0,236
721ff22eea80,721fae8bc100,240
721ff22eea80,721fd3d70880,234
721ff22eea80,721fec712f80,236
721ff22eea80,721fcded6a40,232
721ff22eea80,721ffc081480,238
721ff22eea80,721fb4acfc40,236
721ff22eea80,721fd623f9c0,238
721ff22eea80,721fcb708c40,232
721ff22eea80,72200d281000,234
721ff22eea80,721fa0b28380,234
721ff22eea80,721ff60706c0,230
721ff22eea80,721fbf744a80,232
721ff22eea80,721ff829f000,228
721ff22eea80,721fcd328640,232
721ff22eea80,721fa326aac0,230
721ff22eea80,721fe6735ec0,232
721ff22eea80,721fc0ea9bc0,238
721ff22eea80,721fbe278c40,240
721ff22eea80,721f97ef9640,232
721ff22eea80,721f94390480,242
721ff22eea80,721fd0c990c0,236
721ff22eea80,721f96e97640,242
721ff22eea80,721faccb7f40,242
721ff22eea80,721f96156f40,234
721ff22eea80,721fcc4c3180,362
721ff0785a40,721f924c8980,228
721ff0785a40,721fffa47880,236
721ff0785a40,721fc57e29c0,236
721ff0785a40,721fae8bc100,238
721ff0785a40,721fd3d70880,234
721ff0785a40,721fec712f80,234
721ff0785a40,721fcded6a40,232
721ff0785a40,721ffc081480,234
721ff0785a40,721fb4acfc40,236
721ff0785a40,721fd623f9c0,364
72200e266c40,721f924c8980,230
72200e266c40,721fffa47880,242
72200e266c40,721fc57e29c0,236
72200e266c40,721fae8bc100,242
72200e266c40,721fd3d70880,360
721fd34ce300,721f924c8980,232
721fd34ce300,721fffa47880,238
721fd34ce300,721fc57e29c0,234
721fd34ce300,721fae8bc100,242
721fd34ce300,721fd3d70880,236
721fd34ce300,721fec712f80,362
721fa32cd840,721f924c8980,232
721fa32cd840,721fffa47880,230
721fa32cd840,721fc57e29c0,232
721fa32cd840,721fae8bc100,232
721fa32cd840,721fd3d70880,232
721fa32cd840,721fec712f80,232
721fa32cd840,721fcded6a40,232
721fa32cd840,721ffc081480,232
721fa32cd840,721fb4acfc40,230
721fa32cd840,721fd623f9c0,234
721fa32cd840,721fcb708c40,230
721fa32cd840,72200d281000,234
721fa32cd840,721fa0b28380,232
721fa32cd840,721ff60706c0,232
721fa32cd840,721fbf744a80,230
721fa32cd840,721ff829f000,232
721fa32cd840,721fcd328640,230
721fa32cd840,721fa326aac0,232
721fa32cd840,721fe6735ec0,230
721fa32cd840,721fc0ea9bc0,232
721fa32cd840,721fbe278c40,234
721fa32cd840,721f97ef9640,232
721fa32cd840,721f94390480,230
721fa32cd840,721fd0c990c0,360
721f99cf7d00,721f924c8980,232
721f99cf7d00,721fffa47880,238
721f99cf7d00,721fc57e29c0,234
721f99cf7d00,721fae8bc100,242
721f99cf7d00,721fd3d70880,236
721f99cf7d00,721fec712f80,236
721f99cf7d00,721fcded6a40,356
721fcb120fc0,721f924c8980,232
721fcb120fc0,721fffa47880,240
721fcb120fc0,721fc57e29c0,232
721fcb120fc0,721fae8bc100,242
721fcb120fc0,721fd3d70880,236
721fcb120fc0,721fec712f80,234
721fcb120fc0,721fcded6a40,230
721fcb120fc0,721ffc081480,240
721fcb120fc0,721fb4acfc40,232
721fcb120fc0,721fd623f9c0,242
721fcb120fc0,721fcb708c40,230
721fcb120fc0,72200d281000,236
721fcb120fc0,721fa0b28380,236
721fcb120fc0,721ff60706c0,234
721fcb120fc0,721fbf744a80,230
721fcb120fc0,721ff829f000,232
721fcb120fc0,721fcd328640,234
721fcb120fc0,721fa326aac0,232
721fcb120fc0,721fe6735ec0,228
721fcb120fc0,721fc0ea9bc0,234
721fcb120fc0,721fbe278c40,242
721fcb120fc0,721f97ef9640,232
721fcb120fc0,721f94390480,242
721fcb120fc0,721fd0c990c0,232
721fcb120fc0,721f96e97640,242
721fcb120fc0,721faccb7f40,238
721fcb120fc0,721f96156f40,236
721fcb120fc0,721fcc4c3180,236
721fcb120fc0,721fd27e6840,356
721fa5a93dc0,721f924c8980,232
721fa5a93dc0,721fffa47880,236
721fa5a93dc0,721fc57e29c0,362
721f9864ee00,721f924c8980,358
721fd4b7bcc0,721f924c8980,228
721fd4b7bcc0,721fffa47880,232
721fd4b7bcc0,721fc57e29c0,234
721fd4b7bcc0,721fae8bc100,230
721fd4b7bcc0,721fd3d70880,230
721fd4b7bcc0,721fec712f80,234
721fd4b7bcc0,721fcded6a40,232
721fd4b7bcc0,721ffc081480,232
721fd4b7bcc0,721fb4acfc40,234
721fd4b7bcc0,721fd623f9c0,230
721fd4b7bcc0,721fcb708c40,232
721fd4b7bcc0,72200d281000,234
721fd4b7bcc0,721fa0b28380,230
721fd4b7bcc0,721ff60706c0,232
721fd4b7bcc0,721fbf744a80,232
721fd4b7bcc0,721ff829f000,230
721fd4b7bcc0,721fcd328640,232
721fd4b7bcc0,721fa326aac0,228
721fd4b7bcc0,721fe6735ec0,232
721fd4b7bcc0,721fc0ea9bc0,234
721fd4b7bcc0,721fbe278c40,232
721fd4b7bcc0,721f97ef9640,228
721fd4b7bcc0,721f94390480,232
721fd4b7bcc0,721fd0c990c0,234
721fd4b7bcc0,721f96e97640,232
721fd4b7bcc0,721faccb7f40,234
721fd4b7bcc0,721f96156f40,232
721fd4b7bcc0,721fcc4c3180,230
721fd4b7bcc0,721fd27e6840,232
721fd4b7bcc0,721fae018dc0,232
721fd4b7bcc0,721fca6ddc40,360
721fb4e05140,721f924c8980,232
721fb4e05140,721fffa47880,234
721fb4e05140,721fc57e29c0,232
721fb4e05140,721fae8bc100,234
721fb4e05140,721fd3d70880,234
721fb4e05140,721fec712f80,232
721fb4e05140,721fcded6a40,230
721fb4e05140,721ffc081480,234
721fb4e05140,721fb4acfc40,232
721fb4e05140,721fd623f9c0,234
721fb4e05140,721fcb708c40,230
721fb4e05140,72200d281000,234
721fb4e05140,721fa0b28380,234
721fb4e05140,721ff60706c0,232
721fb4e05140,721fbf744a80,230
721fb4e05140,721ff829f000,232
721fb4e05140,721fcd328640,234
721fb4e05140,721fa326aac0,232
721fb4e05140,721fe6735ec0,230
721fb4e05140,721fc0ea9bc0,232
721fb4e05140,721fbe278c40,234
721fb4e05140,721f97ef9640,232
721fb4e05140,721f94390480,234
721fb4e05140,721fd0c990c0,232
721fb4e05140,721f96e97640,234
721fb4e05140,721faccb7f40,232
721fb4e05140,721f96156f40,234
721fb4e05140,721fcc4c3180,234
721fb4e05140,721fd27e6840,356
721fd3f0b540,721f924c8980,232
721fd3f0b540,721fffa47880,230
721fd3f0b540,721fc57e29c0,232
721fd3f0b540,721fae8bc100,234
721fd3f0b540,721fd3d70880,234
721fd3f0b540,721fec712f80,232
721fd3f0b540,721fcded6a40,230
721fd3f0b540,721ffc081480,234
721fd3f0b540,721fb4acfc40,234
721fd3f0b540,721fd623f9c0,234
721fd3f0b540,721fcb708c40,358
722004bd7240,721f924c8980,232
722004bd7240,721fffa47880,230
722004bd7240,721fc57e29c0,232
722004bd7240,721fae8bc100,232
722004bd7240,721fd3d70880,232
722004bd7240,721fec712f80,232
722004bd7240,721fcded6a40,232
722004bd7240,721ffc081480,232
722004bd7240,721fb4acfc40,232
722004bd7240,721fd623f9c0,234
722004bd7240,721fcb708c40,230
722004bd7240,72200d281000,232
722004bd7240,721fa0b28380,232
722004bd7240,721ff60706c0,232
722004bd7240,721fbf744a80,230
722004bd7240,721ff829f000,232
722004bd7240,721fcd328640,230
722004bd7240,721fa326aac0,232
722004bd7240,721fe6735ec0,230
722004bd7240,721fc0ea9bc0,232
722004bd7240,721fbe278c40,234
722004bd7240,721f97ef9640,232
722004bd7240,721f94390480,230
722004bd7240,721fd0c990c0,358
721ffbf93c00,721f924c8980,228
721ffbf93c00,721fffa47880,242
721ffbf93c00,721fc57e29c0,236
721ffbf93c00,721fae8bc100,240
721ffbf93c00,721fd3d70880,234
721ffbf93c00,721fec712f80,236
721ffbf93c00,721fcded6a40,232
721ffbf93c00,721ffc081480,238
721ffbf93c00,721fb4acfc40,236
721ffbf93c00,721fd623f9c0,238
721ffbf93c00,721fcb708c40,232
721ffbf93c00,72200d281000,236
721ffbf93c00,721fa0b28380,236
721ffbf93c00,721ff60706c0,230
721ffbf93c00,721fbf744a80,232
721ffbf93c00,721ff829f000,232
721ffbf93c00,721fcd328640,232
721ffbf93c00,721fa326aac0,232
721ffbf93c00,721fe6735ec0,232
721ffbf93c00,721fc0ea9bc0,238
721ffbf93c00,721fbe278c40,240
721ffbf93c00,721f97ef9640,228
721ffbf93c00,721f94390480,240
721ffbf93c00,721fd0c990c0,236
721ffbf93c00,721f96e97640,240
721ffbf93c00,721faccb7f40,242
721ffbf93c00,721f96156f40,360
721fe45884c0,721f924c8980,232
721fe45884c0,721fffa47880,238
721fe45884c0,721fc57e29c0,234
721fe45884c0,721fae8bc100,242
721fe45884c0,721fd3d70880,236
721fe45884c0,721fec712f80,234
721fe45884c0,721fcded6a40,230
721fe45884c0,721ffc081480,240
721fe45884c0,721fb4acfc40,236
721fe45884c0,721fd623f9c0,240
721fe45884c0,721fcb708c40,232
721fe45884c0,72200d281000,236
721fe45884c0,721fa0b28380,236
721fe45884c0,721ff60706c0,232
721fe45884c0,721fbf744a80,232
721fe45884c0,721ff829f000,232
721fe45884c0,721fcd328640,230
721fe45884c0,721fa326aac0,232
721fe45884c0,721fe6735ec0,230
721fe45884c0,721fc0ea9bc0,364
721fd796c700,721f924c8980,232
721fd796c700,721fffa47880,230
721fd796c700,721fc57e29c0,230
721fd796c700,721fae8bc100,234
721fd796c700,721fd3d70880,234
721fd796c700,721fec712f80,232
721fd796c700,721fcded6a40,228
721fd796c700,721ffc081480,234
721fd796c700,721fb4acfc40,232
721fd796c700,721fd623f9c0,232
721fd796c700,721fcb708c40,358
721fa7e5bec0,721f924c8980,232
721fa7e5bec0,721fffa47880,238
721fa7e5bec0,721fc57e29c0,236
721fa7e5bec0,721fae8bc100,242
721fa7e5bec0,721fd3d70880,236
721fa7e5bec0,721fec712f80,234
721fa7e5bec0,721fcded6a40,230
721fa7e5bec0,721ffc081480,242
721fa7e5bec0,721fb4acfc40,234
721fa7e5bec0,721fd623f9c0,242
721fa7e5bec0,721fcb708c40,232
721fa7e5bec0,72200d281000,236
721fa7e5bec0,721fa0b28380,236
721fa7e5bec0,721ff60706c0,232
721fa7e5bec0,721fbf744a80,232
721fa7e5bec0,721ff829f000,232
721fa7e5bec0,721fcd328640,230
721fa7e5bec0,721fa326aac0,232
721fa7e5bec0,721fe6735ec0,232
721fa7e5bec0,721fc0ea9bc0,234
721fa7e5bec0,721fbe278c40,242
721fa7e5bec0,721f97ef9640,232
721fa7e5bec0,721f94390480,238
721fa7e5bec0,721fd0c990c0,234
721fa7e5bec0,721f96e97640,242
721fa7e5bec0,721faccb7f40,238
721fa7e5bec0,721f96156f40,236
721fa7e5bec0,721fcc4c3180,236
721fa7e5bec0,721fd27e6840,230
721fa7e5bec0,721fae018dc0,358
721fe9cbe6c0,721f924c8980,232
721fe9cbe6c0,721fffa47880,366
721fd4109480,721f924c8980,232
721fd4109480,721fffa47880,240
721fd4109480,721fc57e29c0,236
721fd4109480,721fae8bc100,238
721fd4109480,721fd3d70880,234
721fd4109480,721fec712f80,236
721fd4109480,721fcded6a40,232
721fd4109480,721ffc081480,238
721fd4109480,721fb4acfc40,236
721fd4109480,721fd623f9c0,236
721fd4109480,721fcb708c40,232
721fd4109480,72200d281000,234
721fd4109480,721fa0b28380,234
721fd4109480,721ff60706c0,230
721fd4109480,721fbf744a80,232
721fd4109480,721ff829f000,228
721fd4109480,721fcd328640,232
721fd4109480,721fa326aac0,230
721fd4109480,721fe6735ec0,232
721fd4109480,721fc0ea9bc0,238
721fd4109480,721fbe278c40,236
721fd4109480,721f97ef9640,358
7220048fc540,721f924c8980,232
7220048fc540,721fffa47880,240
7220048fc540,721fc57e29c0,236
7220048fc540,721fae8bc100,234
7220048fc540,721fd3d70880,234
7220048fc540,721fec712f80,236
7220048fc540,721fcded6a40,232
7220048fc540,721ffc081480,238
7220048fc540,721fb4acfc40,236
7220048fc540,721fd623f9c0,238
7220048fc540,721fcb708c40,232
7220048fc540,72200d281000,234
7220048fc540,721fa0b28380,234
7220048fc540,721ff60706c0,230
7220048fc540,721fbf744a80,232
7220048fc540,721ff829f000,230
7220048fc540,721fcd328640,232
7220048fc540,721fa326aac0,230
7220048fc540,721fe6735ec0,232
7220048fc540,721fc0ea9bc0,238
7220048fc540,721fbe278c40,236
7220048fc540,721f97ef9640,232
7220048fc540,721f94390480,240
7220048fc540,721fd0c990c0,236
7220048fc540,721f96e97640,238
7220048fc540,721faccb7f40,242
7220048fc540,721f96156f40,234
7220048fc540,721fcc4c3180,362
721f9a0e29c0,721f924c8980,232
721f9a0e29c0,721fffa47880,230
721f9a0e29c0,721fc57e29c0,232
721f9a0e29c0,721fae8bc100,232
721f9a0e29c0,721fd3d70880,232
721f9a0e29c0,721fec712f80,232
721f9a0e29c0,721fcded6a40,358
721ff30cf6c0,721f924c8980,232
721ff30cf6c0,721fffa47880,236
721ff30cf6c0,721fc57e29c0,234
721ff30cf6c0,721fae8bc100,238
721ff30cf6c0,721fd3d70880,236
721ff30cf6c0,721fec712f80,234
721ff30cf6c0,721fcded6a40,230
721ff30cf6c0,721ffc081480,240
721ff30cf6c0,721fb4acfc40,236
721ff30cf6c0,721fd623f9c0,240
721ff30cf6c0,721fcb708c40,232
721ff30cf6c0,72200d281000,236
721ff30cf6c0,721fa0b28380,236
721ff30cf6c0,721ff60706c0,232
721ff30cf6c0,721fbf744a80,230
721ff30cf6c0,721ff829f000,232
721ff30cf6c0,721fcd328640,230
721ff30cf6c0,721fa326aac0,232
721ff30cf6c0,721fe6735ec0,230
721ff30cf6c0,721fc0ea9bc0,238
721ff30cf6c0,721fbe278c40,240
721ff30cf6c0,721f97ef9640,232
721ff30cf6c0,721f94390480,236
721ff30cf6c0,721fd0c990c0,234
721ff30cf6c0,721f96e97640,240
721ff30cf6c0,721faccb7f40,238
721ff30cf6c0,721f96156f40,236
721ff30cf6c0,721fcc4c3180,236
721ff30cf6c0,721fd27e6840,228
721ff30cf6c0,721fae018dc0,228
721ff30cf6c0,721fca6ddc40,236
721ff30cf6c0,721fd9682240,366
721fe3f03580,721f924c8980,232
721fe3f03580,721fffa47880,236
721fe3f03580,721fc57e29c0,234
721fe3f03580,721fae8bc100,240
721fe3f03580,721fd3d70880,236
721fe3f03580,721fec712f80,362
7220093faac0,721f924c8980,232
7220093faac0,721fffa47880,236
7220093faac0,721fc57e29c0,236
7220093faac0,721fae8bc100,238
7220093faac0,721fd3d70880,236
7220093faac0,721fec712f80,234
7220093faac0,721fcded6a40,228
7220093faac0,721ffc081480,238
7220093faac0,721fb4acfc40,234
7220093faac0,721fd623f9c0,238
7220093faac0,721fcb708c40,230
7220093faac0,72200d281000,234
7220093faac0,721fa0b28380,236
7220093faac0,721ff60706c0,232
7220093faac0,721fbf744a80,232
7220093faac0,721ff829f000,232
7220093faac0,721fcd328640,230
7220093faac0,721fa326aac0,232
7220093faac0,721fe6735ec0,232
7220093faac0,721fc0ea9bc0,234
7220093faac0,721fbe278c40,238
7220093faac0,721f97ef9640,232
7220093faac0,721f94390480,234
7220093faac0,721fd0c990c0,234
7220093faac0,721f96e97640,240
7220093faac0,721faccb7f40,238
7220093faac0,721f96156f40,236
7220093faac0,721fcc4c3180,234
7220093faac0,721fd27e6840,230
7220093faac0,721fae018dc0,358
721feb4e8080,721f924c8980,232
721feb4e8080,721fffa47880,240
721feb4e8080,721fc57e29c0,236
721feb4e8080,721fae8bc100,242
721feb4e8080,721fd3d70880,236
721feb4e8080,721fec712f80,234
721feb4e8080,721fcded6a40,230
721feb4e8080,721ffc081480,242
721feb4e8080,721fb4acfc40,234
721feb4e8080,721fd623f9c0,240
721feb4e8080,721fcb708c40,230
721feb4e8080,72200d281000,236
721feb4e8080,721fa0b28380,236
721feb4e8080,721ff60706c0,232
721feb4e8080,721fbf744a80,232
721feb4e8080,721ff829f000,232
721feb4e8080,721fcd328640,230
721feb4e8080,721fa326aac0,232
721feb4e8080,721fe6735ec0,232
721feb4e8080,721fc0ea9bc0,234
721feb4e8080,721fbe278c40,242
721feb4e8080,721f97ef9640,232
721feb4e8080,721f94390480,238
721feb4e8080,721fd0c990c0,234
721feb4e8080,721f96e97640,242
721feb4e8080,721faccb7f40,238
721feb4e8080,721f96156f40,236
721feb4e8080,721fcc4c3180,236
721feb4e8080,721fd27e6840,230
721feb4e8080,721fae018dc0,358
721fdb7fbb80,721f924c8980,232
721fdb7fbb80,721fffa47880,242
721fdb7fbb80,721fc57e29c0,236
721fdb7fbb80,721fae8bc100,240
721fdb7fbb80,721fd3d70880,234
721fdb7fbb80,721fec712f80,236
721fdb7fbb80,721fcded6a40,232
721fdb7fbb80,721ffc081480,238
721fdb7fbb80,721fb4acfc40,236
721fdb7fbb80,721fd623f9c0,238
721fdb7fbb80,721fcb708c40,232
721fdb7fbb80,72200d281000,234
721fdb7fbb80,721fa0b28380,234
721fdb7fbb80,721ff60706c0,230
721fdb7fbb80,721fbf744a80,232
721fdb7fbb80,721ff829f000,230
721fdb7fbb80,721fcd328640,232
721fdb7fbb80,721fa326aac0,228
721fdb7fbb80,721fe6735ec0,232
721fdb7fbb80,721fc0ea9bc0,238
721fdb7fbb80,721fbe278c40,240
721fdb7fbb80,721f97ef9640,358
721ff193e540,721f924c8980,230
721ff193e540,721fffa47880,238
721ff193e540,721fc57e29c0,236
721ff193e540,721fae8bc100,236
721ff193e540,721fd3d70880,234
721ff193e540,721fec712f80,236
721ff193e540,721fcded6a40,232
721ff193e540,721ffc081480,236
721ff193e540,721fb4acfc40,236
721ff193e540,721fd623f9c0,238
721ff193e540,721fcb708c40,234
721ff193e540,72200d281000,234
721ff193e540,721fa0b28380,236
721ff193e540,721ff60706c0,230
721ff193e540,721fbf744a80,232
721ff193e540,721ff829f000,358
721fd2727340,721f924c8980,228
721fd2727340,721fffa47880,232
721fd2727340,721fc57e29c0,234
721fd2727340,721fae8bc100,230
721fd2727340,721fd3d70880,230
721fd2727340,721fec712f80,234
721fd2727340,721fcded6a40,232
721fd2727340,721ffc081480,228
721fd2727340,721fb4acfc40,234
721fd2727340,721fd623f9c0,232
721fd2727340,721fcb708c40,232
721fd2727340,72200d281000,230
721fd2727340,721fa0b28380,234
721fd2727340,721ff60706c0,230
721fd2727340,721fbf744a80,232
721fd2727340,721ff829f000,356
721fe9058c00,721f924c8980,228
721fe9058c00,721fffa47880,240
721fe9058c00,721fc57e29c0,236
721fe9058c00,721fae8bc100,240
721fe9058c00,721fd3d70880,362
721fbe87d100,721f924c8980,232
721fbe87d100,721fffa47880,236
721fbe87d100,721fc57e29c0,234
721fbe87d100,721fae8bc100,238
721fbe87d100,721fd3d70880,236
721fbe87d100,721fec712f80,236
721fbe87d100,721fcded6a40,232
721fbe87d100,721ffc081480,238
721fbe87d100,721fb4acfc40,234
721fbe87d100,721fd623f9c0,236
721fbe87d100,721fcb708c40,230
721fbe87d100,72200d281000,236
721fbe87d100,721fa0b28380,236
721fbe87d100,721ff60706c0,232
721fbe87d100,721fbf744a80,230
721fbe87d100,721ff829f000,232
721fbe87d100,721fcd328640,230
721fbe87d100,721fa326aac0,232
721fbe87d100,721fe6735ec0,230
721fbe87d100,721fc0ea9bc0,234
721fbe87d100,721fbe278c40,236
721fbe87d100,721f97ef9640,232
721fbe87d100,721f94390480,238
721fbe87d100,721fd0c990c0,234
721fbe87d100,721f96e97640,238
721fbe87d100,721faccb7f40,362
721fe86c8fc0,721f924c8980,232
721fe86c8fc0,721fffa47880,238
721fe86c8fc0,721fc57e29c0,234
721fe86c8fc0,721fae8bc100,242
721fe86c8fc0,721fd3d70880,236
721fe86c8fc0,721fec712f80,234
721fe86c8fc0,721fcded6a40,230
721fe86c8fc0,721ffc081480,240
721fe86c8fc0,721fb4acfc40,362
721fcc5476c0,721f924c8980,232
721fcc5476c0,721fffa47880,238
721fcc5476c0,721fc57e29c0,236
721fcc5476c0,721fae8bc100,242
721fcc5476c0,721fd3d70880,236
721fcc5476c0,721fec712f80,234
721fcc5476c0,721fcded6a40,228
721fcc5476c0,721ffc081480,240
721fcc5476c0,721fb4acfc40,232
721fcc5476c0,721fd623f9c0,242
721fcc5476c0,721fcb708c40,230
721fcc5476c0,72200d281000,236
721fcc5476c0,721fa0b28380,236
721fcc5476c0,721ff60706c0,232
721fcc5476c0,721fbf744a80,230
721fcc5476c0,721ff829f000,232
721fcc5476c0,721fcd328640,230
721fcc5476c0,721fa326aac0,232
721fcc5476c0,721fe6735ec0,232
721fcc5476c0,721fc0ea9bc0,234
721fcc5476c0,721fbe278c40,242
721fcc5476c0,721f97ef9640,232
721fcc5476c0,721f94390480,238
721fcc5476c0,721fd0c990c0,234
721fcc5476c0,721f96e97640,242
721fcc5476c0,721faccb7f40,238
721fcc5476c0,721f96156f40,236
721fcc5476c0,721fcc4c3180,236
721fcc5476c0,721fd27e6840,230
721fcc5476c0,721fae018dc0,356
721fa0202b80,721f924c8980,232
721fa0202b80,721fffa47880,236
721fa0202b80,721fc57e29c0,236
721fa0202b80,721fae8bc100,238
721fa0202b80,721fd3d70880,236
721fa0202b80,721fec712f80,234
721fa0202b80,721fcded6a40,228
721fa0202b80,721ffc081480,238
721fa0202b80,721fb4acfc40,234
721fa0202b80,721fd623f9c0,238
721fa0202b80,721fcb708c40,230
721fa0202b80,72200d281000,236
721fa0202b80,721fa0b28380,236
721fa0202b80,721ff60706c0,232
721fa0202b80,721fbf744a80,232
721fa0202b80,721ff829f000,232
721fa0202b80,721fcd328640,230
721fa0202b80,721fa326aac0,232
721fa0202b80,721fe6735ec0,232
721fa0202b80,721fc0ea9bc0,234
721fa0202b80,721fbe278c40,238
721fa0202b80,721f97ef9640,232
721fa0202b80,721f94390480,236
721fa0202b80,721fd0c990c0,234
721fa0202b80,721f96e97640,238
721fa0202b80,721faccb7f40,234
721fa0202b80,721f96156f40,236
721fa0202b80,721fcc4c3180,236
721fa0202b80,721fd27e6840,228
721fa0202b80,721fae018dc0,358
721fe7b2fc00,721f924c8980,232
721fe7b2fc00,721fffa47880,238
721fe7b2fc00,721fc57e29c0,234
721fe7b2fc00,721fae8bc100,238
721fe7b2fc00,721fd3d70880,236
721fe7b2fc00,721fec712f80,236
721fe7b2fc00,721fcded6a40,232
721fe7b2fc00,721ffc081480,240
721fe7b2fc00,721fb4acfc40,234
721fe7b2fc00,721fd623f9c0,236
721fe7b2fc00,721fcb708c40,230
721fe7b2fc00,72200d281000,236
721fe7b2fc00,721fa0b28380,236
721fe7b2fc00,721ff60706c0,232
721fe7b2fc00,721fbf744a80,230
721fe7b2fc00,721ff829f000,232
721fe7b2fc00,721fcd328640,230
721fe7b2fc00,721fa326aac0,232
721fe7b2fc00,721fe6735ec0,228
721fe7b2fc00,721fc0ea9bc0,236
721fe7b2fc00,721fbe278c40,236
721fe7b2fc00,721f97ef9640,232
721fe7b2fc00,721f94390480,238
721fe7b2fc00,721fd0c990c0,362
721f90c159c0,721f924c8980,232
721f90c159c0,721fffa47880,238
721f90c159c0,721fc57e29c0,234
721f90c159c0,721fae8bc100,242
721f90c159c0,721fd3d70880,236
721f90c159c0,721fec712f80,234
721f90c159c0,721fcded6a40,230
721f90c159c0,721ffc081480,240
721f90c159c0,721fb4acfc40,236
721f90c159c0,721fd623f9c0,240
721f90c159c0,721fcb708c40,358
721fb46d03c0,721f924c8980,232
721fb46d03c0,721fffa47880,236
721fb46d03c0,721fc57e29c0,234
721fb46d03c0,721fae8bc100,238
721fb46d03c0,721fd3d70880,236
721fb46d03c0,721fec712f80,234
721fb46d03c0,721fcded6a40,230
721fb46d03c0,721ffc081480,240
721fb46d03c0,721fb4acfc40,236
721fb46d03c0,721fd623f9c0,240
721fb46d03c0,721fcb708c40,232
721fb46d03c0,72200d281000,236
721fb46d03c0,721fa0b28380,236
721fb46d03c0,721ff60706c0,232
721fb46d03c0,721fbf744a80,230
721fb46d03c0,721ff829f000,232
721fb46d03c0,721fcd328640,230
721fb46d03c0,721fa326aac0,232
721fb46d03c0,721fe6735ec0,230
721fb46d03c0,721fc0ea9bc0,362
721ff2a27940,721f924c8980,230
721ff2a27940,721fffa47880,234
721ff2a27940,721fc57e29c0,234
721ff2a27940,721fae8bc100,232
721ff2a27940,721fd3d70880,232
721ff2a27940,721fec712f80,234
721ff2a27940,721fcded6a40,232
721ff2a27940,721ffc081480,234
721ff2a27940,721fb4acfc40,234
721ff2a27940,721fd623f9c0,232
721ff2a27940,721fcb708c40,232
721ff2a27940,72200d281000,234
721ff2a27940,721fa0b28380,232
721ff2a27940,721ff60706c0,360
721fccf369c0,721f924c8980,230
721fccf369c0,721fffa47880,234
721fccf369c0,721fc57e29c0,234
721fccf369c0,721fae8bc100,232
721fccf369c0,721fd3d70880,232
721fccf369c0,721fec712f80,234
721fccf369c0,721fcded6a40,232
721fccf369c0,721ffc081480,232
721fccf369c0,721fb4acfc40,234
721fccf369c0,721fd623f9c0,232
721fccf369c0,721fcb708c40,232
721fccf369c0,72200d281000,234
721fccf369c0,721fa0b28380,232
721fccf369c0,721ff60706c0,234
721fccf369c0,721fbf744a80,232
721fccf369c0,721ff829f000,230
721fccf369c0,721fcd328640,232
721fccf369c0,721fa326aac0,230
721fccf369c0,721fe6735ec0,232
721fccf369c0,721fc0ea9bc0,234
721fccf369c0,721fbe278c40,232
721fccf369c0,721f97ef9640,230
721fccf369c0,721f94390480,232
721fccf369c0,721fd0c990c0,234
721fccf369c0,721f96e97640,232
721fccf369c0,721faccb7f40,234
721fccf369c0,721f96156f40,232
721fccf369c0,721fcc4c3180,232
721fccf369c0,721fd27e6840,232
721fccf369c0,721fae018dc0,232
721fccf369c0,721fca6ddc40,360
721fcb364180,721f924c8980,232
721fcb364180,721fffa47880,234
721fcb364180,721fc57e29c0,232
721fcb364180,721fae8bc100,236
721fcb364180,721fd3d70880,234
721fcb364180,721fec712f80,232
721fcb364180,721fcded6a40,230
721fcb364180,721ffc081480,234
721fcb364180,721fb4acfc40,232
721fcb364180,721fd623f9c0,234
721fcb364180,721fcb708c40,230
721fcb364180,72200d281000,234
721fcb364180,721fa0b28380,234
721fcb364180,721ff60706c0,232
721fcb364180,721fbf744a80,232
721fcb364180,721ff829f000,232
721fcb364180,721fcd328640,360
721ffc276780,721f924c8980,230
721ffc276780,721fffa47880,240
721ffc276780,721fc57e29c0,236
721ffc276780,721fae8bc100,238
721ffc276780,721fd3d70880,234
721ffc276780,721fec712f80,236
721ffc276780,721fcded6a40,232
721ffc276780,721ffc081480,240
721ffc276780,721fb4acfc40,236
721ffc276780,721fd623f9c0,236
721ffc276780,721fcb708c40,232
721ffc276780,72200d281000,236
721ffc276780,721fa0b28380,234
721ffc276780,721ff60706c0,232
721ffc276780,721fbf744a80,232
721ffc276780,721ff829f000,230
721ffc276780,721fcd328640,232
721ffc276780,721fa326aac0,228
721ffc276780,721fe6735ec0,232
721ffc276780,721fc0ea9bc0,238
721ffc276780,721fbe278c40,236
721ffc276780,721f97ef9640,228
721ffc276780,721f94390480,240
721ffc276780,721fd0c990c0,236
721ffc276780,721f96e97640,236
721ffc276780,721faccb7f40,240
721ffc276780,721f96156f40,234
721ffc276780,721fcc4c3180,234
721ffc276780,721fd27e6840,232
721ffc276780,721fae018dc0,232
721ffc276780,721fca6ddc40,360
721f92cb26c0,721f924c8980,232
721f92cb26c0,721fffa47880,238
721f92cb26c0,721fc57e29c0,236
721f92cb26c0,721fae8bc100,242
721f92cb26c0,721fd3d70880,236
721f92cb26c0,721fec712f80,234
721f92cb26c0,721fcded6a40,230
721f92cb26c0,721ffc081480,242
721f92cb26c0,721fb4acfc40,236
721f92cb26c0,721fd623f9c0,242
721f92cb26c0,721fcb708c40,232
721f92cb26c0,72200d281000,236
721f92cb26c0,721fa0b28380,236
721f92cb26c0,721ff60706c0,234
721f92cb26c0,721fbf744a80,230
721f92cb26c0,721ff829f000,232
721f92cb26c0,721fcd328640,232
721f92cb26c0,721fa326aac0,232
721f92cb26c0,721fe6735ec0,228
721f92cb26c0,721fc0ea9bc0,238
721f92cb26c0,721fbe278c40,244
721f92cb26c0,721f97ef9640,232
721f92cb26c0,721f94390480,240
721f92cb26c0,721fd0c990c0,234
721f92cb26c0,721f96e97640,244
721f92cb26c0,721faccb7f40,240
721f92cb26c0,721f96156f40,238
721f92cb26c0,721fcc4c3180,238
721f92cb26c0,721fd27e6840,230
721f92cb26c0,721fae018dc0,232
721f92cb26c0,721fca6ddc40,238
721f92cb26c0,721fd9682240,368
721ff1369300,721f924c8980,230
721ff1369300,721fffa47880,240
721ff1369300,721fc57e29c0,236
721ff1369300,721fae8bc100,238
721ff1369300,721fd3d70880,234
721ff1369300,721fec712f80,238
721ff1369300,721fcded6a40,232
721ff1369300,721ffc081480,242
721ff1369300,721fb4acfc40,236
721ff1369300,721fd623f9c0,238
721ff1369300,721fcb708c40,234
721ff1369300,72200d281000,236
721ff1369300,721fa0b28380,234
721ff1369300,721ff60706c0,234
721ff1369300,721fbf744a80,234
721ff1369300,721ff829f000,232
721ff1369300,721fcd328640,236
721ff1369300,721fa326aac0,230
721ff1369300,721fe6735ec0,232
721ff1369300,721fc0ea9bc0,238
721ff1369300,721fbe278c40,236
721ff1369300,721f97ef9640,230
721ff1369300,721f94390480,242
721ff1369300,721fd0c990c0,238
721ff1369300,721f96e97640,238
721ff1369300,721faccb7f40,240
721ff1369300,721f96156f40,234
721ff1369300,721fcc4c3180,234
721ff1369300,721fd27e6840,232
721ff1369300,721fae018dc0,234
721ff1369300,721fca6ddc40,362
721fc1381cc0,721f924c8980,230
721fc1381cc0,721fffa47880,234
721fc1381cc0,721fc57e29c0,236
721fc1381cc0,721fae8bc100,234
721fc1381cc0,721fd3d70880,232
721fc1381cc0,721fec712f80,232
721fc1381cc0,721fcded6a40,232
721fc1381cc0,721ffc081480,232
721fc1381cc0,721fb4acfc40,236
721fc1381cc0,721fd623f9c0,234
721fc1381cc0,721fcb708c40,234
721fc1381cc0,72200d281000,232
721fc1381cc0,721fa0b28380,232
721fc1381cc0,721ff60706c0,232
721fc1381cc0,721fbf744a80,232
721fc1381cc0,721ff829f000,230
721fc1381cc0,721fcd328640,234
721fc1381cc0,721fa326aac0,230
721fc1381cc0,721fe6735ec0,232
721fc1381cc0,721fc0ea9bc0,236
721fc1381cc0,721fbe278c40,362
722008a89940,721f924c8980,232
722008a89940,721fffa47880,244
722008a89940,721fc57e29c0,238
722008a89940,721fae8bc100,244
722008a89940,721fd3d70880,236
722008a89940,721fec712f80,238
722008a89940,721fcded6a40,234
722008a89940,721ffc081480,240
722008a89940,721fb4acfc40,238
722008a89940,721fd623f9c0,242
722008a89940,721fcb708c40,234
722008a89940,72200d281000,234
722008a89940,721fa0b28380,234
722008a89940,721ff60706c0,230
722008a89940,721fbf744a80,234
722008a89940,721ff829f000,230
722008a89940,721fcd328640,234
722008a89940,721fa326aac0,230
722008a89940,721fe6735ec0,232
722008a89940,721fc0ea9bc0,240
722008a89940,721fbe278c40,370
721fde4fcf40,721f924c8980,234
721fde4fcf40,721fffa47880,234
721fde4fcf40,721fc57e29c0,234
721fde4fcf40,721fae8bc100,236
721fde4fcf40,721fd3d70880,236
721fde4fcf40,721fec712f80,234
721fde4fcf40,721fcded6a40,230
721fde4fcf40,721ffc081480,234
721fde4fcf40,721fb4acfc40,236
721fde4fcf40,721fd623f9c0,236
721fde4fcf40,721fcb708c40,360
721f96b0a1c0,721f924c8980,230
721f96b0a1c0,721fffa47880,240
721f96b0a1c0,721fc57e29c0,236
721f96b0a1c0,721fae8bc100,238
721f96b0a1c0,721fd3d70880,234
721f96b0a1c0,721fec712f80,238
721f96b0a1c0,721fcded6a40,234
721f96b0a1c0,721ffc081480,242
721f96b0a1c0,721fb4acfc40,238
721f96b0a1c0,721fd623f9c0,240
721f96b0a1c0,721fcb708c40,234
721f96b0a1c0,72200d281000,362
721fd15f6040,721f924c8980,232
721fd15f6040,721fffa47880,234
721fd15f6040,721fc57e29c0,232
721fd15f6040,721fae8bc100,234
721fd15f6040,721fd3d70880,234
721fd15f6040,721fec712f80,230
721fd15f6040,721fcded6a40,230
721fd15f6040,721ffc081480,234
721fd15f6040,721fb4acfc40,232
721fd15f6040,721fd623f9c0,234
721fd15f6040,721fcb708c40,230
721fd15f6040,72200d281000,234
721fd15f6040,721fa0b28380,234
721fd15f6040,721ff60706c0,234
721fd15f6040,721fbf744a80,230
721fd15f6040,721ff829f000,232
721fd15f6040,721fcd328640,234
721fd15f6040,721fa326aac0,232
721fd15f6040,721fe6735ec0,230
721fd15f6040,721fc0ea9bc0,232
721fd15f6040,721fbe278c40,234
721fd15f6040,721f97ef9640,232
721fd15f6040,721f94390480,358
721ff7558e00,721f924c8980,230
721ff7558e00,721fffa47880,234
721ff7558e00,721fc57e29c0,234
721ff7558e00,721fae8bc100,232
721ff7558e00,721fd3d70880,232
721ff7558e00,721fec712f80,236
721ff7558e00,721fcded6a40,232
721ff7558e00,721ffc081480,232
721ff7558e00,721fb4acfc40,234
721ff7558e00,721fd623f9c0,230
721ff7558e00,721fcb708c40,232
721ff7558e00,72200d281000,232
721ff7558e00,721fa0b28380,360
721ff19c8880,721f924c8980,228
721ff19c8880,721fffa47880,238
721ff19c8880,721fc57e29c0,236
721ff19c8880,721fae8bc100,236
721ff19c8880,721fd3d70880,234
721ff19c8880,721fec712f80,236
721ff19c8880,721fcded6a40,232
721ff19c8880,721ffc081480,236
721ff19c8880,721fb4acfc40,236
721ff19c8880,721fd623f9c0,236
721ff19c8880,721fcb708c40,232
721ff19c8880,72200d281000,234
721ff19c8880,721fa0b28380,236
721ff19c8880,721ff60706c0,230
721ff19c8880,721fbf744a80,232
721ff19c8880,721ff829f000,232
721ff19c8880,721fcd328640,232
721ff19c8880,721fa326aac0,358
721f968ff4c0,721f924c8980,232
721f968ff4c0,721fffa47880,242
721f968ff4c0,721fc57e29c0,236
721f968ff4c0,721fae8bc100,240
721f968ff4c0,721fd3d70880,234
721f968ff4c0,721fec712f80,236
721f968ff4c0,721fcded6a40,232
721f968ff4c0,721ffc081480,238
721f968ff4c0,721fb4acfc40,236
721f968ff4c0,721fd623f9c0,238
721f968ff4c0,721fcb708c40,232
721f968ff4c0,72200d281000,234
721f968ff4c0,721fa0b28380,234
721f968ff4c0,721ff60706c0,232
721f968ff4c0,721fbf744a80,232
721f968ff4c0,721ff829f000,228
721f968ff4c0,721fcd328640,232
721f968ff4c0,721fa326aac0,230
721f968ff4c0,721fe6735ec0,232
721f968ff4c0,721fc0ea9bc0,238
721f968ff4c0,721fbe278c40,240
721f968ff4c0,721f97ef9640,358
721fed055380,721f924c8980,228
721fed055380,721fffa47880,238
721fed055380,721fc57e29c0,236
721fed055380,721fae8bc100,234
721fed055380,721fd3d70880,234
721fed055380,721fec712f80,236
721fed055380,721fcded6a40,232
721fed055380,721ffc081480,238
721fed055380,721fb4acfc40,236
721fed055380,721fd623f9c0,234
721fed055380,721fcb708c40,232
721fed055380,72200d281000,362
721ffccab280,721f924c8980,230
721ffccab280,721fffa47880,242
721ffccab280,721fc57e29c0,234
721ffccab280,721fae8bc100,242
721ffccab280,721fd3d70880,236
721ffccab280,721fec712f80,234
721ffccab280,721fcded6a40,230
721ffccab280,721ffc081480,242
721ffccab280,721fb4acfc40,234
721ffccab280,721fd623f9c0,240
721ffccab280,721fcb708c40,230
721ffccab280,72200d281000,236
721ffccab280,721fa0b28380,236
721ffccab280,721ff60706c0,232
721ffccab280,721fbf744a80,232
721ffccab280,721ff829f000,230
721ffccab280,721fcd328640,232
721ffccab280,721fa326aac0,232
721ffccab280,721fe6735ec0,230
721ffccab280,721fc0ea9bc0,236
721ffccab280,721fbe278c40,242
721ffccab280,721f97ef9640,232
721ffccab280,721f94390480,366
721ffabcebc0,721f924c8980,232
721ffabcebc0,721fffa47880,232
721ffabcebc0,721fc57e29c0,232
721ffabcebc0,721fae8bc100,234
721ffabcebc0,721fd3d70880,234
721ffabcebc0,721fec712f80,232
721ffabcebc0,721fcded6a40,230
721ffabcebc0,721ffc081480,234
721ffabcebc0,721fb4acfc40,232
721ffabcebc0,721fd623f9c0,234
721ffabcebc0,721fcb708c40,230
721ffabcebc0,72200d281000,234
721ffabcebc0,721fa0b28380,234
721ffabcebc0,721ff60706c0,232
721ffabcebc0,721fbf744a80,230
721ffabcebc0,721ff829f000,232
721ffabcebc0,721fcd328640,358
721fc2158940,721f924c8980,230
721fc2158940,721fffa47880,242
721fc2158940,721fc57e29c0,234
721fc2158940,721fae8bc100,242
721fc2158940,721fd3d70880,236
721fc2158940,721fec712f80,234
721fc2158940,721fcded6a40,230
721fc2158940,721ffc081480,240
721fc2158940,721fb4acfc40,234
721fc2158940,721fd623f9c0,240
721fc2158940,721fcb708c40,230
721fc2158940,72200d281000,236
721fc2158940,721fa0b28380,236
721fc2158940,721ff60706c0,234
721fc2158940,721fbf744a80,232
721fc2158940,721ff829f000,230
721fc2158940,721fcd328640,234
721fc2158940,721fa326aac0,232
721fc2158940,721fe6735ec0,230
721fc2158940,721fc0ea9bc0,236
721fc2158940,721fbe278c40,242
721fc2158940,721f97ef9640,232
721fc2158940,721f94390480,366
721ff72a5d40,721f924c8980,228
721ff72a5d40,721fffa47880,232
721ff72a5d40,721fc57e29c0,234
721ff72a5d40,721fae8bc100,230
721ff72a5d40,721fd3d70880,230
721ff72a5d40,721fec712f80,232
721ff72a5d40,721fcded6a40,232
721ff72a5d40,721ffc081480,230
721ff72a5d40,721fb4acfc40,234
721ff72a5d40,721fd623f9c0,232
721ff72a5d40,721fcb708c40,232
721ff72a5d40,72200d281000,230
721ff72a5d40,721fa0b28380,234
721ff72a5d40,721ff60706c0,230
721ff72a5d40,721fbf744a80,232
721ff72a5d40,721ff829f000,232
721ff72a5d40,721fcd328640,232
721ff72a5d40,721fa326aac0,356
721fd72b6c80,721f924c8980,228
721fd72b6c80,721fffa47880,242
721fd72b6c80,721fc57e29c0,236
721fd72b6c80,721fae8bc100,240
721fd72b6c80,721fd3d70880,234
721fd72b6c80,721fec712f80,236
721fd72b6c80,721fcded6a40,232
721fd72b6c80,721ffc081480,242
721fd72b6c80,721fb4acfc40,236
721fd72b6c80,721fd623f9c0,238
721fd72b6c80,721fcb708c40,232
721fd72b6c80,72200d281000,362
72200eb54500,721f924c8980,232
72200eb54500,721fffa47880,230
72200eb54500,721fc57e29c0,232
72200eb54500,721fae8bc100,234
72200eb54500,721fd3d70880,234
72200eb54500,721fec712f80,232
72200eb54500,721fcded6a40,228
72200eb54500,721ffc081480,234
72200eb54500,721fb4acfc40,230
72200eb54500,721fd623f9c0,232
72200eb54500,721fcb708c40,230
72200eb54500,72200d281000,234
72200eb54500,721fa0b28380,234
72200eb54500,721ff60706c0,232
72200eb54500,721fbf744a80,234
72200eb54500,721ff829f000,232
72200eb54500,721fcd328640,230
72200eb54500,721fa326aac0,232
72200eb54500,721fe6735ec0,356
721fd9de42c0,721f924c8980,232
721fd9de42c0,721fffa47880,232
721fd9de42c0,721fc57e29c0,232
721fd9de42c0,721fae8bc100,234
721fd9de42c0,721fd3d70880,234
721fd9de42c0,721fec712f80,232
721fd9de42c0,721fcded6a40,230
721fd9de42c0,721ffc081480,234
721fd9de42c0,721fb4acfc40,232
721fd9de42c0,721fd623f9c0,234
721fd9de42c0,721fcb708c40,230
721fd9de42c0,72200d281000,234
721fd9de42c0,721fa0b28380,234
721fd9de42c0,721ff60706c0,232
721fd9de42c0,721fbf744a80,232
721fd9de42c0,721ff829f000,232
721fd9de42c0,721fcd328640,234
721fd9de42c0,721fa326aac0,232
721fd9de42c0,721fe6735ec0,230
721fd9de42c0,721fc0ea9bc0,232
721fd9de42c0,721fbe278c40,236
721fd9de42c0,721f97ef9640,232
721fd9de42c0,721f94390480,232
721fd9de42c0,721fd0c990c0,232
721fd9de42c0,721f96e97640,234
721fd9de42c0,721faccb7f40,232
721fd9de42c0,721f96156f40,236
721fd9de42c0,721fcc4c3180,234
721fd9de42c0,721fd27e6840,358
721f9abddfc0,721f924c8980,230
721f9abddfc0,721fffa47880,366
721fe8dad100,721f924c8980,232
721fe8dad100,721fffa47880,232
721fe8dad100,721fc57e29c0,230
721fe8dad100,721fae8bc100,234
721fe8dad100,721fd3d70880,234
721fe8dad100,721fec712f80,360
722009861400,721f924c8980,230
722009861400,721fffa47880,238
722009861400,721fc57e29c0,234
722009861400,721fae8bc100,240
722009861400,721fd3d70880,236
722009861400,721fec712f80,234
722009861400,721fcded6a40,230
722009861400,721ffc081480,240
722009861400,721fb4acfc40,236
722009861400,721fd623f9c0,240
722009861400,721fcb708c40,232
722009861400,72200d281000,236
722009861400,721fa0b28380,236
722009861400,721ff60706c0,232
722009861400,721fbf744a80,228
722009861400,721ff829f000,230
722009861400,721fcd328640,232
722009861400,721fa326aac0,232
722009861400,721fe6735ec0,230
722009861400,721fc0ea9bc0,238
722009861400,721fbe278c40,240
722009861400,721f97ef9640,232
722009861400,721f94390480,238
722009861400,721fd0c990c0,234
722009861400,721f96e97640,240
722009861400,721faccb7f40,236
722009861400,721f96156f40,236
722009861400,721fcc4c3180,236
722009861400,721fd27e6840,230
722009861400,721fae018dc0,230
722009861400,721fca6ddc40,236
722009861400,721fd9682240,364
721ff44a6fc0,721f924c8980,230
721ff44a6fc0,721fffa47880,232
721ff44a6fc0,721fc57e29c0,234
721ff44a6fc0,721fae8bc100,360
721fa64f47c0,721f924c8980,230
721fa64f47c0,721fffa47880,240
721fa64f47c0,721fc57e29c0,236
721fa64f47c0,721fae8bc100,236
721fa64f47c0,721fd3d70880,234
721fa64f47c0,721fec712f80,234
721fa64f47c0,721fcded6a40,232
721fa64f47c0,721ffc081480,236
721fa64f47c0,721fb4acfc40,236
721fa64f47c0,721fd623f9c0,236
721fa64f47c0,721fcb708c40,232
721fa64f47c0,72200d281000,234
721fa64f47c0,721fa0b28380,236
721fa64f47c0,721ff60706c0,230
721fa64f47c0,721fbf744a80,232
721fa64f47c0,721ff829f000,232
721fa64f47c0,721fcd328640,232
721fa64f47c0,721fa326aac0,232
721fa64f47c0,721fe6735ec0,232
721fa64f47c0,721fc0ea9bc0,238
721fa64f47c0,721fbe278c40,238
721fa64f47c0,721f97ef9640,230
721fa64f47c0,721f94390480,240
721fa64f47c0,721fd0c990c0,236
721fa64f47c0,721f96e97640,238
721fa64f47c0,721faccb7f40,240
721fa64f47c0,721f96156f40,362
721f9ac63f80,721f924c8980,230
721f9ac63f80,721fffa47880,234
721f9ac63f80,721fc57e29c0,234
721f9ac63f80,721fae8bc100,232
721f9ac63f80,721fd3d70880,232
721f9ac63f80,721fec712f80,234
721f9ac63f80,721fcded6a40,232
721f9ac63f80,721ffc081480,234
721f9ac63f80,721fb4acfc40,234
721f9ac63f80,721fd623f9c0,230
721f9ac63f80,721fcb708c40,232
721f9ac63f80,72200d281000,236
721f9ac63f80,721fa0b28380,232
721f9ac63f80,721ff60706c0,358
721fcd1d6bc0,721f924c8980,232
721fcd1d6bc0,721fffa47880,238
721fcd1d6bc0,721fc57e29c0,236
721fcd1d6bc0,721fae8bc100,244
721fcd1d6bc0,721fd3d70880,236
721fcd1d6bc0,721fec712f80,234
721fcd1d6bc0,721fcded6a40,230
721fcd1d6bc0,721ffc081480,240
721fcd1d6bc0,721fb4acfc40,234
721fcd1d6bc0,721fd623f9c0,240
721fcd1d6bc0,721fcb708c40,232
721fcd1d6bc0,72200d281000,236
721fcd1d6bc0,721fa0b28380,236
721fcd1d6bc0,721ff60706c0,234
721fcd1d6bc0,721fbf744a80,234
721fcd1d6bc0,721ff829f000,232
721fcd1d6bc0,721fcd328640,232
721fcd1d6bc0,721fa326aac0,232
721fcd1d6bc0,721fe6735ec0,358
721fa830a1c0,721f924c8980,230
721fa830a1c0,721fffa47880,232
721fa830a1c0,721fc57e29c0,234
721fa830a1c0,721fae8bc100,232
721fa830a1c0,721fd3d70880,232
721fa830a1c0,721fec712f80,234
721fa830a1c0,721fcded6a40,232
721fa830a1c0,721ffc081480,228
721fa830a1c0,721fb4acfc40,234
721fa830a1c0,721fd623f9c0,234
721fa830a1c0,721fcb708c40,232
721fa830a1c0,72200d281000,230
721fa830a1c0,721fa0b28380,230
721fa830a1c0,721ff60706c0,230
721fa830a1c0,721fbf744a80,232
721fa830a1c0,721ff829f000,230
721fa830a1c0,721fcd328640,232
721fa830a1c0,721fa326aac0,228
721fa830a1c0,721fe6735ec0,232
721fa830a1c0,721fc0ea9bc0,234
721fa830a1c0,721fbe278c40,360
721fc0534340,721f924c8980,232
721fc0534340,721fffa47880,240
721fc0534340,721fc57e29c0,234
721fc0534340,721fae8bc100,242
721fc0534340,721fd3d70880,236
721fc0534340,721fec712f80,234
721fc0534340,721fcded6a40,230
721fc0534340,721ffc081480,240
721fc0534340,721fb4acfc40,234
721fc0534340,721fd623f9c0,242
721fc0534340,721fcb708c40,230
721fc0534340,72200d281000,236
721fc0534340,721fa0b28380,236
721fc0534340,721ff60706c0,234
721fc0534340,721fbf744a80,232
721fc0534340,721ff829f000,230
721fc0534340,721fcd328640,234
721fc0534340,721fa326aac0,232
721fc0534340,721fe6735ec0,230
721fc0534340,721fc0ea9bc0,236
721fc0534340,721fbe278c40,242
721fc0534340,721f97ef9640,232
721fc0534340,721f94390480,366
721fb0dfe540,721f924c8980,232
721fb0dfe540,721fffa47880,236
721fb0dfe540,721fc57e29c0,234
721fb0dfe540,721fae8bc100,238
721fb0dfe540,721fd3d70880,236
721fb0dfe540,721fec712f80,234
721fb0dfe540,721fcded6a40,230
721fb0dfe540,721ffc081480,240
721fb0dfe540,721fb4acfc40,236
721fb0dfe540,721fd623f9c0,240
721fb0dfe540,721fcb708c40,358
721fe6440b80,721f924c8980,232
721fe6440b80,721fffa47880,242
721fe6440b80,721fc57e29c0,236
721fe6440b80,721fae8bc100,240
721fe6440b80,721fd3d70880,234
721fe6440b80,721fec712f80,236
721fe6440b80,721fcded6a40,232
721fe6440b80,721ffc081480,238
721fe6440b80,721fb4acfc40,236
721fe6440b80,721fd623f9c0,238
721fe6440b80,721fcb708c40,232
721fe6440b80,72200d281000,234
721fe6440b80,721fa0b28380,234
721fe6440b80,721ff60706c0,230
721fe6440b80,721fbf744a80,232
721fe6440b80,721ff829f000,230
721fe6440b80,721fcd328640,232
721fe6440b80,721fa326aac0,228
721fe6440b80,721fe6735ec0,232
721fe6440b80,721fc0ea9bc0,238
721fe6440b80,721fbe278c40,240
721fe6440b80,721f97ef9640,232
721fe6440b80,721f94390480,240
721fe6440b80,721fd0c990c0,236
721fe6440b80,721f96e97640,368
721ffca984c0,721f924c8980,232
721ffca984c0,721fffa47880,236
721ffca984c0,721fc57e29c0,234
721ffca984c0,721fae8bc100,238
721ffca984c0,721fd3d70880,236
721ffca984c0,721fec712f80,232
721ffca984c0,721fcded6a40,230
721ffca984c0,721ffc081480,240
721ffca984c0,721fb4acfc40,236
721ffca984c0,721fd623f9c0,240
721ffca984c0,721fcb708c40,232
721ffca984c0,72200d281000,236
721ffca984c0,721fa0b28380,236
721ffca984c0,721ff60706c0,232
721ffca984c0,721fbf744a80,230
721ffca984c0,721ff829f000,232
721ffca984c0,721fcd328640,230
721ffca984c0,721fa326aac0,232
721ffca984c0,721fe6735ec0,230
721ffca984c0,721fc0ea9bc0,238
721ffca984c0,721fbe278c40,240
721ffca984c0,721f97ef9640,232
721ffca984c0,721f94390480,236
721ffca984c0,721fd0c990c0,234
721ffca984c0,721f96e97640,240
721ffca984c0,721faccb7f40,238
721ffca984c0,721f96156f40,236
721ffca984c0,721fcc4c3180,236
721ffca984c0,721fd27e6840,230
721ffca984c0,721fae018dc0,230
721ffca984c0,721fca6ddc40,236
721ffca984c0,721fd9682240,364
721f9e274cc0,721f924c8980,232
721f9e274cc0,721fffa47880,232
721f9e274cc0,721fc57e29c0,232
721f9e274cc0,721fae8bc100,234
721f9e274cc0,721fd3d70880,234
721f9e274cc0,721fec712f80,232
721f9e274cc0,721fcded6a40,230
721f9e274cc0,721ffc081480,234
721f9e274cc0,721fb4acfc40,232
721f9e274cc0,721fd623f9c0,234
721f9e274cc0,721fcb708c40,230
721f9e274cc0,72200d281000,234
721f9e274cc0,721fa0b28380,234
721f9e274cc0,721ff60706c0,232
721f9e274cc0,721fbf744a80,230
721f9e274cc0,721ff829f000,232
721f9e274cc0,721fcd328640,234
721f9e274cc0,721fa326aac0,232
721f9e274cc0,721fe6735ec0,230
721f9e274cc0,721fc0ea9bc0,232
721f9e274cc0,721fbe278c40,234
721f9e274cc0,721f97ef9640,232
721f9e274cc0,721f94390480,234
721f9e274cc0,721fd0c990c0,232
721f9e274cc0,721f96e97640,234
721f9e274cc0,721faccb7f40,232
721f9e274cc0,721f96156f40,234
721f9e274cc0,721fcc4c3180,234
721f9e274cc0,721fd27e6840,358
721fea2f3240,721f924c8980,232
721fea2f3240,721fffa47880,238
721fea2f3240,721fc57e29c0,236
721fea2f3240,721fae8bc100,242
721fea2f3240,721fd3d70880,236
721fea2f3240,721fec712f80,234
721fea2f3240,721fcded6a40,230
721fea2f3240,721ffc081480,240
721fea2f3240,721fb4acfc40,234
721fea2f3240,721fd623f9c0,242
721fea2f3240,721fcb708c40,230
721fea2f3240,72200d281000,236
721fea2f3240,721fa0b28380,236
721fea2f3240,721ff60706c0,234
721fea2f3240,721fbf744a80,232
721fea2f3240,721ff829f000,232
721fea2f3240,721fcd328640,230
721fea2f3240,721fa326aac0,232
721fea2f3240,721fe6735ec0,358
721fdf001800,721f924c8980,230
721fdf001800,721fffa47880,238
721fdf001800,721fc57e29c0,362
721fd07f69c0,721f924c8980,232
721fd07f69c0,721fffa47880,232
721fd07f69c0,721fc57e29c0,230
721fd07f69c0,721fae8bc100,234
721fd07f69c0,721fd3d70880,234
721fd07f69c0,721fec712f80,230
721fd07f69c0,721fcded6a40,230
721fd07f69c0,721ffc081480,232
721fd07f69c0,721fb4acfc40,232
721fd07f69c0,721fd623f9c0,234
721fd07f69c0,721fcb708c40,230
721fd07f69c0,72200d281000,232
721fd07f69c0,721fa0b28380,234
721fd07f69c0,721ff60706c0,232
721fd07f69c0,721fbf744a80,230
721fd07f69c0,721ff829f000,232
721fd07f69c0,721fcd328640,358
721fe3f7cb80,721f924c8980,230
721fe3f7cb80,721fffa47880,240
721fe3f7cb80,721fc57e29c0,236
721fe3f7cb80,721fae8bc100,240
721fe3f7cb80,721fd3d70880,236
721fe3f7cb80,721fec712f80,236
721fe3f7cb80,721fcded6a40,232
721fe3f7cb80,721ffc081480,238
721fe3f7cb80,721fb4acfc40,236
721fe3f7cb80,721fd623f9c0,364
721fae6fe740,721f924c8980,228
721fae6fe740,721fffa47880,236
721fae6fe740,721fc57e29c0,236
721fae6fe740,721fae8bc100,234
721fae6fe740,721fd3d70880,232
721fae6fe740,721fec712f80,234
721fae6fe740,721fcded6a40,232
721fae6fe740,721ffc081480,236
721fae6fe740,721fb4acfc40,236
721fae6fe740,721fd623f9c0,238
721fae6fe740,721fcb708c40,232
721fae6fe740,72200d281000,234
721fae6fe740,721fa0b28380,232
721fae6fe740,721ff60706c0,358
721fd8500b80,721f924c8980,232
721fd8500b80,721fffa47880,236
721fd8500b80,721fc57e29c0,234
721fd8500b80,721fae8bc100,240
721fd8500b80,721fd3d70880,236
721fd8500b80,721fec712f80,362
721fa6772c00,721f924c8980,232
721fa6772c00,721fffa47880,238
721fa6772c00,721fc57e29c0,234
721fa6772c00,721fae8bc100,238
721fa6772c00,721fd3d70880,236
721fa6772c00,721fec712f80,234
721fa6772c00,721fcded6a40,228
721fa6772c00,721ffc081480,238
721fa6772c00,721fb4acfc40,234
721fa6772c00,721fd623f9c0,238
721fa6772c00,721fcb708c40,230
721fa6772c00,72200d281000,236
721fa6772c00,721fa0b28380,238
721fa6772c00,721ff60706c0,232
721fa6772c00,721fbf744a80,230
721fa6772c00,721ff829f000,232
721fa6772c00,721fcd328640,358
721f96e57580,721f924c8980,228
721f96e57580,721fffa47880,238
721f96e57580,721fc57e29c0,236
721f96e57580,721fae8bc100,236
721f96e57580,721fd3d70880,234
721f96e57580,721fec712f80,236
721f96e57580,721fcded6a40,232
721f96e57580,721ffc081480,236
721f96e57580,721fb4acfc40,236
721f96e57580,721fd623f9c0,234
721f96e57580,721fcb708c40,232
721f96e57580,72200d281000,234
721f96e57580,721fa0b28380,236
721f96e57580,721ff60706c0,230
721f96e57580,721fbf744a80,232
721f96e57580,721ff829f000,232
721f96e57580,721fcd328640,232
721f96e57580,721fa326aac0,232
721f96e57580,721fe6735ec0,232
721f96e57580,721fc0ea9bc0,236
721f96e57580,721fbe278c40,236
721f96e57580,721f97ef9640,230
721f96e57580,721f94390480,238
721f96e57580,721fd0c990c0,234
721f96e57580,721f96e97640,236
721f96e57580,721faccb7f40,236
721f96e57580,721f96156f40,360
721fbb0c9440,721f924c8980,232
721fbb0c9440,721fffa47880,236
721fbb0c9440,721fc57e29c0,234
721fbb0c9440,721fae8bc100,238
721fbb0c9440,721fd3d70880,236
721fbb0c9440,721fec712f80,232
721fbb0c9440,721fcded6a40,230
721fbb0c9440,721ffc081480,236
721fbb0c9440,721fb4acfc40,234
721fbb0c9440,721fd623f9c0,238
721fbb0c9440,721fcb708c40,230
721fbb0c9440,72200d281000,236
721fbb0c9440,721fa0b28380,236
721fbb0c9440,721ff60706c0,232
721fbb0c9440,721fbf744a80,228
721fbb0c9440,721ff829f000,232
721fbb0c9440,721fcd328640,232
721fbb0c9440,721fa326aac0,232
721fbb0c9440,721fe6735ec0,228
721fbb0c9440,721fc0ea9bc0,234
721fbb0c9440,721fbe278c40,238
721fbb0c9440,721f97ef9640,232
721fbb0c9440,721f94390480,362
721fae2720c0,721f924c8980,232
721fae2720c0,721fffa47880,238
721fae2720c0,721fc57e29c0,234
721fae2720c0,721fae8bc100,244
721fae2720c0,721fd3d70880,236
721fae2720c0,721fec712f80,234
721fae2720c0,721fcded6a40,230
721fae2720c0,721ffc081480,242
721fae2720c0,721fb4acfc40,236
721fae2720c0,721fd623f9c0,242
721fae2720c0,721fcb708c40,232
721fae2720c0,72200d281000,236
721fae2720c0,721fa0b28380,236
721fae2720c0,721ff60706c0,234
721fae2720c0,721fbf744a80,230
721fae2720c0,721ff829f000,232
721fae2720c0,721fcd328640,232
721fae2720c0,721fa326aac0,232
721fae2720c0,721fe6735ec0,228
721fae2720c0,721fc0ea9bc0,238
721fae2720c0,721fbe278c40,244
721fae2720c0,721f97ef9640,232
721fae2720c0,721f94390480,238
721fae2720c0,721fd0c990c0,234
721fae2720c0,721f96e97640,244
721fae2720c0,721faccb7f40,238
721fae2720c0,721f96156f40,236
721fae2720c0,721fcc4c3180,236
721fae2720c0,721fd27e6840,228
721fae2720c0,721fae018dc0,230
721fae2720c0,721fca6ddc40,236
721fae2720c0,721fd9682240,366
721ff50ac900,721f924c8980,230
721ff50ac900,721fffa47880,234
721ff50ac900,721fc57e29c0,234
721ff50ac900,721fae8bc100,232
721ff50ac900,721fd3d70880,232
721ff50ac900,721fec712f80,234
721ff50ac900,721fcded6a40,232
721ff50ac900,721ffc081480,232
721ff50ac900,721fb4acfc40,234
721ff50ac900,721fd623f9c0,230
721ff50ac900,721fcb708c40,232
721ff50ac900,72200d281000,232
721ff50ac900,721fa0b28380,360
721fa8f746c0,721f924c8980,232
721fa8f746c0,721fffa47880,232
721fa8f746c0,721fc57e29c0,234
721fa8f746c0,721fae8bc100,230
721fa8f746c0,721fd3d70880,230
721fa8f746c0,721fec712f80,232
721fa8f746c0,721fcded6a40,232
721fa8f746c0,721ffc081480,228
721fa8f746c0,721fb4acfc40,234
721fa8f746c0,721fd623f9c0,230
721fa8f746c0,721fcb708c40,234
721fa8f746c0,72200d281000,230
721fa8f746c0,721fa0b28380,230
721fa8f746c0,721ff60706c0,230
721fa8f746c0,721fbf744a80,232
721fa8f746c0,721ff829f000,230
721fa8f746c0,721fcd328640,232
721fa8f746c0,721fa326aac0,228
721fa8f746c0,721fe6735ec0,232
721fa8f746c0,721fc0ea9bc0,234
721fa8f746c0,721fbe278c40,232
721fa8f746c0,721f97ef9640,356
721f9a040cc0,721f924c8980,232
721f9a040cc0,721fffa47880,232
721f9a040cc0,721fc57e29c0,230
721f9a040cc0,721fae8bc100,232
721f9a040cc0,721fd3d70880,232
721f9a040cc0,721fec712f80,230
721f9a040cc0,721fcded6a40,228
721f9a040cc0,721ffc081480,232
721f9a040cc0,721fb4acfc40,232
721f9a040cc0,721fd623f9c0,234
721f9a040cc0,721fcb708c40,230
721f9a040cc0,72200d281000,234
721f9a040cc0,721fa0b28380,232
721f9a040cc0,721ff60706c0,232
721f9a040cc0,721fbf744a80,230
721f9a040cc0,721ff829f000,232
721f9a040cc0,721fcd328640,232
721f9a040cc0,721fa326aac0,232
721f9a040cc0,721fe6735ec0,228
721f9a040cc0,721fc0ea9bc0,230
721f9a040cc0,721fbe278c40,234
721f9a040cc0,721f97ef9640,232
721f9a040cc0,721f94390480,358
721fa8405240,721f924c8980,228
721fa8405240,721fffa47880,240
721fa8405240,721fc57e29c0,236
721fa8405240,721fae8bc100,238
721fa8405240,721fd3d70880,236
721fa8405240,721fec712f80,236
721fa8405240,721fcded6a40,232
721fa8405240,721ffc081480,236
721fa8405240,721fb4acfc40,236
721fa8405240,721fd623f9c0,366
721f9141a440,721f924c8980,232
721f9141a440,721fffa47880,238
721f9141a440,721fc57e29c0,234
721f9141a440,721fae8bc100,242
721f9141a440,721fd3d70880,236
721f9141a440,721fec712f80,234
721f9141a440,721fcded6a40,230
721f9141a440,721ffc081480,242
721f9141a440,721fb4acfc40,236
721f9141a440,721fd623f9c0,240
721f9141a440,721fcb708c40,232
721f9141a440,72200d281000,236
721f9141a440,721fa0b28380,236
721f9141a440,721ff60706c0,234
721f9141a440,721fbf744a80,230
721f9141a440,721ff829f000,232
721f9141a440,721fcd328640,232
721f9141a440,721fa326aac0,232
721f9141a440,721fe6735ec0,228
721f9141a440,721fc0ea9bc0,238
721f9141a440,721fbe278c40,244
721f9141a440,721f97ef9640,232
721f9141a440,721f94390480,238
721f9141a440,721fd0c990c0,234
721f9141a440,721f96e97640,242
721f9141a440,721faccb7f40,238
721f9141a440,721f96156f40,236
721f9141a440,721fcc4c3180,236
721f9141a440,721fd27e6840,228
721f9141a440,721fae018dc0,230
721f9141a440,721fca6ddc40,236
721f9141a440,721fd9682240,366
721fe24f7940,721f924c8980,358
721fa8159740,721f924c8980,232
721fa8159740,721fffa47880,236
721fa8159740,721fc57e29c0,234
721fa8159740,721fae8bc100,238
721fa8159740,721fd3d70880,234
721fa8159740,721fec712f80,234
721fa8159740,721fcded6a40,232
721fa8159740,721ffc081480,240
721fa8159740,721fb4acfc40,234
721fa8159740,721fd623f9c0,240
721fa8159740,721fcb708c40,230
721fa8159740,72200d281000,236
721fa8159740,721fa0b28380,236
721fa8159740,721ff60706c0,232
721fa8159740,721fbf744a80,230
721fa8159740,721ff829f000,232
721fa8159740,721fcd328640,230
721fa8159740,721fa326aac0,232
721fa8159740,721fe6735ec0,230
721fa8159740,721fc0ea9bc0,234
721fa8159740,721fbe278c40,240
721fa8159740,721f97ef9640,232
721fa8159740,721f94390480,236
721fa8159740,721fd0c990c0,236
721fa8159740,721f96e97640,240
721fa8159740,721faccb7f40,366
721fdc3fe700,721f924c8980,232
721fdc3fe700,721fffa47880,240
721fdc3fe700,721fc57e29c0,236
721fdc3fe700,721fae8bc100,236
721fdc3fe700,721fd3d70880,234
721fdc3fe700,721fec712f80,236
721fdc3fe700,721fcded6a40,232
721fdc3fe700,721ffc081480,236
721fdc3fe700,721fb4acfc40,236
721fdc3fe700,721fd623f9c0,236
721fdc3fe700,721fcb708c40,232
721fdc3fe700,72200d281000,234
721fdc3fe700,721fa0b28380,234
721fdc3fe700,721ff60706c0,230
721fdc3fe700,721fbf744a80,232
721fdc3fe700,721ff829f000,228
721fdc3fe700,721fcd328640,232
721fdc3fe700,721fa326aac0,228
721fdc3fe700,721fe6735ec0,232
721fdc3fe700,721fc0ea9bc0,238
721fdc3fe700,721fbe278c40,236
721fdc3fe700,721f97ef9640,358
721fee2d5940,721f924c8980,232
721fee2d5940,721fffa47880,242
721fee2d5940,721fc57e29c0,234
721fee2d5940,721fae8bc100,242
721fee2d5940,721fd3d70880,236
721fee2d5940,721fec712f80,232
721fee2d5940,721fcded6a40,230
721fee2d5940,721ffc081480,242
721fee2d5940,721fb4acfc40,234
721fee2d5940,721fd623f9c0,242
721fee2d5940,721fcb708c40,230
721fee2d5940,72200d281000,236
721fee2d5940,721fa0b28380,236
721fee2d5940,721ff60706c0,234
721fee2d5940,721fbf744a80,232
721fee2d5940,721ff829f000,232
721fee2d5940,721fcd328640,234
721fee2d5940,721fa326aac0,232
721fee2d5940,721fe6735ec0,230
721fee2d5940,721fc0ea9bc0,234
721fee2d5940,721fbe278c40,242
721fee2d5940,721f97ef9640,232
721fee2d5940,721f94390480,366
722002106880,721f924c8980,228
722002106880,721fffa47880,242
722002106880,721fc57e29c0,236
722002106880,721fae8bc100,240
722002106880,721fd3d70880,234
722002106880,721fec712f80,236
722002106880,721fcded6a40,232
722002106880,721ffc081480,242
722002106880,721fb4acfc40,236
722002106880,721fd623f9c0,238
722002106880,721fcb708c40,232
722002106880,72200d281000,236
722002106880,721fa0b28380,234
722002106880,721ff60706c0,232
722002106880,721fbf744a80,232
722002106880,721ff829f000,228
722002106880,721fcd328640,232
722002106880,721fa326aac0,230
722002106880,721fe6735ec0,232
722002106880,721fc0ea9bc0,238
722002106880,721fbe278c40,240
722002106880,721f97ef9640,230
722002106880,721f94390480,242
722002106880,721fd0c990c0,236
722002106880,721f96e97640,240
722002106880,721faccb7f40,240
722002106880,721f96156f40,234
722002106880,721fcc4c3180,234
722002106880,721fd27e6840,232
722002106880,721fae018dc0,232
722002106880,721fca6ddc40,360
721fd6e5fb40,721f924c8980,232
721fd6e5fb40,721fffa47880,364
721fd397c900,721f924c8980,228
721fd397c900,721fffa47880,234
721fd397c900,721fc57e29c0,232
721fd397c900,721fae8bc100,232
721fd397c900,721fd3d70880,232
721fd397c900,721fec712f80,234
721fd397c900,721fcded6a40,232
721fd397c900,721ffc081480,230
721fd397c900,721fb4acfc40,232
721fd397c900,721fd623f9c0,230
721fd397c900,721fcb708c40,232
721fd397c900,72200d281000,230
721fd397c900,721fa0b28380,234
721fd397c900,721ff60706c0,230
721fd397c900,721fbf744a80,232
721fd397c900,721ff829f000,356
721f997fb080,721f924c8980,228
721f997fb080,721fffa47880,240
721f997fb080,721fc57e29c0,236
721f997fb080,721fae8bc100,236
721f997fb080,721fd3d70880,234
721f997fb080,721fec712f80,236
721f997fb080,721fcded6a40,232
721f997fb080,721ffc081480,240
721f997fb080,721fb4acfc40,236
721f997fb080,721fd623f9c0,236
721f997fb080,721fcb708c40,232
721f997fb080,72200d281000,236
721f997fb080,721fa0b28380,234
721f997fb080,721ff60706c0,232
721f997fb080,721fbf744a80,232
721f997fb080,721ff829f000,228
721f997fb080,721fcd328640,232
721f997fb080,721fa326aac0,230
721f997fb080,721fe6735ec0,232
721f997fb080,721fc0ea9bc0,238
721f997fb080,721fbe278c40,236
721f997fb080,721f97ef9640,230
721f997fb080,721f94390480,240
721f997fb080,721fd0c990c0,236
721f997fb080,721f96e97640,236
721f997fb080,721faccb7f40,240
721f997fb080,721f96156f40,234
721f997fb080,721fcc4c3180,234
721f997fb080,721fd27e6840,232
721f997fb080,721fae018dc0,232
721f997fb080,721fca6ddc40,362
721fe2cc3ac0,721f924c8980,228
721fe2cc3ac0,721fffa47880,240
721fe2cc3ac0,721fc57e29c0,236
721fe2cc3ac0,721fae8bc100,240
721fe2cc3ac0,721fd3d70880,238
721fe2cc3ac0,721fec712f80,238
721fe2cc3ac0,721fcded6a40,232
721fe2cc3ac0,721ffc081480,238
721fe2cc3ac0,721fb4acfc40,238
721fe2cc3ac0,721fd623f9c0,240
721fe2cc3ac0,721fcb708c40,234
721fe2cc3ac0,72200d281000,232
721fe2cc3ac0,721fa0b28380,232
721fe2cc3ac0,721ff60706c0,232
721fe2cc3ac0,721fbf744a80,232
721fe2cc3ac0,721ff829f000,228
721fe2cc3ac0,721fcd328640,232
721fe2cc3ac0,721fa326aac0,228
721fe2cc3ac0,721fe6735ec0,232
721fe2cc3ac0,721fc0ea9bc0,238
721fe2cc3ac0,721fbe278c40,366
721f91d53500,721f924c8980,232
721f91d53500,721fffa47880,234
721f91d53500,721fc57e29c0,232
721f91d53500,721fae8bc100,232
721f91d53500,721fd3d70880,232
721f91d53500,721fec712f80,234
721f91d53500,721fcded6a40,232
721f91d53500,721ffc081480,232
721f91d53500,721fb4acfc40,232
721f91d53500,721fd623f9c0,230
721f91d53500,721fcb708c40,232
721f91d53500,72200d281000,230
721f91d53500,721fa0b28380,232
721f91d53500,721ff60706c0,230
721f91d53500,721fbf744a80,234
721f91d53500,721ff829f000,230
721f91d53500,721fcd328640,232
721f91d53500,721fa326aac0,230
721f91d53500,721fe6735ec0,232
721f91d53500,721fc0ea9bc0,232
721f91d53500,721fbe278c40,230
721f91d53500,721f97ef9640,232
721f91d53500,721f94390480,234
721f91d53500,721fd0c990c0,232
721f91d53500,721f96e97640,232
721f91d53500,721faccb7f40,232
721f91d53500,721f96156f40,230
721f91d53500,721fcc4c3180,360
721fb2d05240,721f924c8980,232
721fb2d05240,721fffa47880,240
721fb2d05240,721fc57e29c0,234
721fb2d05240,721fae8bc100,242
721fb2d05240,721fd3d70880,236
721fb2d05240,721fec712f80,234
721fb2d05240,721fcded6a40,230
721fb2d05240,721ffc081480,242
721fb2d05240,721fb4acfc40,236
721fb2d05240,721fd623f9c0,242
721fb2d05240,721fcb708c40,232
721fb2d05240,72200d281000,236
721fb2d05240,721fa0b28380,236
721fb2d05240,721ff60706c0,234
721fb2d05240,721fbf744a80,230
721fb2d05240,721ff829f000,232
721fb2d05240,721fcd328640,234
721fb2d05240,721fa326aac0,232
721fb2d05240,721fe6735ec0,230
721fb2d05240,721fc0ea9bc0,236
721fb2d05240,721fbe278c40,242
721fb2d05240,721f97ef9640,232
721fb2d05240,721f94390480,242
721fb2d05240,721fd0c990c0,236
721fb2d05240,721f96e97640,242
721fb2d05240,721faccb7f40,238
721fb2d05240,721f96156f40,236
721fb2d05240,721fcc4c3180,236
721fb2d05240,721fd27e6840,358
721f943f7e00,721f924c8980,228
721f943f7e00,721fffa47880,242
721f943f7e00,721fc57e29c0,236
721f943f7e00,721fae8bc100,240
721f943f7e00,721fd3d70880,234
721f943f7e00,721fec712f80,236
721f943f7e00,721fcded6a40,232
721f943f7e00,721ffc081480,238
721f943f7e00,721fb4acfc40,236
721f943f7e00,721fd623f9c0,238
721f943f7e00,721fcb708c40,232
721f943f7e00,72200d281000,234
721f943f7e00,721fa0b28380,236
721f943f7e00,721ff60706c0,230
721f943f7e00,721fbf744a80,232
721f943f7e00,721ff829f000,232
721f943f7e00,721fcd328640,232
721f943f7e00,721fa326aac0,232
721f943f7e00,721fe6735ec0,232
721f943f7e00,721fc0ea9bc0,238
721f943f7e00,721fbe278c40,242
721f943f7e00,721f97ef9640,230
721f943f7e00,721f94390480,240
721f943f7e00,721fd0c990c0,236
721f943f7e00,721f96e97640,240
721f943f7e00,721faccb7f40,242
721f943f7e00,721f96156f40,362
721fb3d51a80,721f924c8980,232
721fb3d51a80,721fffa47880,240
721fb3d51a80,721fc57e29c0,232
721fb3d51a80,721fae8bc100,242
721fb3d51a80,721fd3d70880,236
721fb3d51a80,721fec712f80,234
721fb3d51a80,721fcded6a40,230
721fb3d51a80,721ffc081480,242
721fb3d51a80,721fb4acfc40,232
721fb3d51a80,721fd623f9c0,240
721fb3d51a80,721fcb708c40,230
721fb3d51a80,72200d281000,236
721fb3d51a80,721fa0b28380,236
721fb3d51a80,721ff60706c0,232
721fb3d51a80,721fbf744a80,230
721fb3d51a80,721ff829f000,232
721fb3d51a80,721fcd328640,232
721fb3d51a80,721fa326aac0,232
721fb3d51a80,721fe6735ec0,230
721fb3d51a80,721fc0ea9bc0,234
721fb3d51a80,721fbe278c40,242
721fb3d51a80,721f97ef9640,232
721fb3d51a80,721f94390480,242
721fb3d51a80,721fd0c990c0,234
721fb3d51a80,721f96e97640,242
721fb3d51a80,721faccb7f40,238
721fb3d51a80,721f96156f40,236
721fb3d51a80,721fcc4c3180,236
721fb3d51a80,721fd27e6840,358
72200a345e00,721f924c8980,228
72200a345e00,721fffa47880,242
72200a345e00,721fc57e29c0,236
72200a345e00,721fae8bc100,240
72200a345e00,721fd3d70880,234
72200a345e00,721fec712f80,236
72200a345e00,721fcded6a40,232
72200a345e00,721ffc081480,242
72200a345e00,721fb4acfc40,236
72200a345e00,721fd623f9c0,238
72200a345e00,721fcb708c40,232
72200a345e00,72200d281000,362
722002090300,721f924c8980,232
722002090300,721fffa47880,240
722002090300,721fc57e29c0,234
722002090300,721fae8bc100,242
722002090300,721fd3d70880,236
722002090300,721fec712f80,234
722002090300,721fcded6a40,230
722002090300,721ffc081480,240
722002090300,721fb4acfc40,234
722002090300,721fd623f9c0,242
722002090300,721fcb708c40,230
722002090300,72200d281000,236
722002090300,721fa0b28380,236
722002090300,721ff60706c0,232
722002090300,721fbf744a80,230
722002090300,721ff829f000,232
722002090300,721fcd328640,232
722002090300,721fa326aac0,232
722002090300,721fe6735ec0,230
722002090300,721fc0ea9bc0,234
722002090300,721fbe278c40,242
722002090300,721f97ef9640,232
722002090300,721f94390480,366
721fc31c6780,721f924c8980,232
721fc31c6780,721fffa47880,234
721fc31c6780,721fc57e29c0,234
721fc31c6780,721fae8bc100,238
721fc31c6780,721fd3d70880,236
721fc31c6780,721fec712f80,236
721fc31c6780,721fcded6a40,232
721fc31c6780,721ffc081480,238
721fc31c6780,721fb4acfc40,234
721fc31c6780,721fd623f9c0,236
721fc31c6780,721fcb708c40,230
721fc31c6780,72200d281000,236
721fc31c6780,721fa0b28380,236
721fc31c6780,721ff60706c0,232
721fc31c6780,721fbf744a80,230
721fc31c6780,721ff829f000,232
721fc31c6780,721fcd328640,230
721fc31c6780,721fa326aac0,232
721fc31c6780,721fe6735ec0,228
721fc31c6780,721fc0ea9bc0,236
721fc31c6780,721fbe278c40,238
721fc31c6780,721f97ef9640,232
721fc31c6780,721f94390480,236
721fc31c6780,721fd0c990c0,360
721fe5839080,721f924c8980,232
721fe5839080,721fffa47880,240
721fe5839080,721fc57e29c0,234
721fe5839080,721fae8bc100,240
721fe5839080,721fd3d70880,236
721fe5839080,721fec712f80,234
721fe5839080,721fcded6a40,230
721fe5839080,721ffc081480,240
721fe5839080,721fb4acfc40,234
721fe5839080,721fd623f9c0,240
721fe5839080,721fcb708c40,230
721fe5839080,72200d281000,236
721fe5839080,721fa0b28380,236
721fe5839080,721ff60706c0,232
721fe5839080,721fbf744a80,228
721fe5839080,721ff829f000,232
721fe5839080,721fcd328640,232
721fe5839080,721fa326aac0,232
721fe5839080,721fe6735ec0,230
721fe5839080,721fc0ea9bc0,236
721fe5839080,721fbe278c40,240
721fe5839080,721f97ef9640,232
721fe5839080,721f94390480,240
721fe5839080,721fd0c990c0,234
721fe5839080,721f96e97640,240
721fe5839080,721faccb7f40,236
721fe5839080,721f96156f40,236
721fe5839080,721fcc4c3180,236
721fe5839080,721fd27e6840,358
721fd2291b00,721f924c8980,232
721fd2291b00,721fffa47880,236
721fd2291b00,721fc57e29c0,234
721fd2291b00,721fae8bc100,238
721fd2291b00,721fd3d70880,236
721fd2291b00,721fec712f80,234
721fd2291b00,721fcded6a40,228
721fd2291b00,721ffc081480,238
721fd2291b00,721fb4acfc40,234
721fd2291b00,721fd623f9c0,236
721fd2291b00,721fcb708c40,230
721fd2291b00,72200d281000,236
721fd2291b00,721fa0b28380,236
721fd2291b00,721ff60706c0,232
721fd2291b00,721fbf744a80,232
721fd2291b00,721ff829f000,232
721fd2291b00,721fcd328640,230
721fd2291b00,721fa326aac0,232
721fd2291b00,721fe6735ec0,232
721fd2291b00,721fc0ea9bc0,234
721fd2291b00,721fbe278c40,238
721fd2291b00,721f97ef9640,232
721fd2291b00,721f94390480,238
721fd2291b00,721fd0c990c0,234
721fd2291b00,721f96e97640,238
721fd2291b00,721faccb7f40,234
721fd2291b00,721f96156f40,234
721fd2291b00,721fcc4c3180,236
721fd2291b00,721fd27e6840,230
721fd2291b00,721fae018dc0,356
722004bbd140,721f924c8980,230
722004bbd140,721fffa47880,240
722004bbd140,721fc57e29c0,236
722004bbd140,721fae8bc100,236
722004bbd140,721fd3d70880,234
722004bbd140,721fec712f80,236
722004bbd140,721fcded6a40,232
722004bbd140,721ffc081480,238
722004bbd140,721fb4acfc40,236
722004bbd140,721fd623f9c0,236
722004bbd140,721fcb708c40,232
722004bbd140,72200d281000,234
722004bbd140,721fa0b28380,236
722004bbd140,721ff60706c0,230
722004bbd140,721fbf744a80,232
722004bbd140,721ff829f000,232
722004bbd140,721fcd328640,232
722004bbd140,721fa326aac0,356
721fba9b5c00,721f924c8980,228
721fba9b5c00,721fffa47880,242
721fba9b5c00,721fc57e29c0,236
721fba9b5c00,721fae8bc100,368
721ff1b90280,721f924c8980,232
721ff1b90280,721fffa47880,240
721ff1b90280,721fc57e29c0,234
721ff1b90280,721fae8bc100,240
721ff1b90280,721fd3d70880,236
721ff1b90280,721fec712f80,234
721ff1b90280,721fcded6a40,228
721ff1b90280,721ffc081480,240
721ff1b90280,721fb4acfc40,234
721ff1b90280,721fd623f9c0,240
721ff1b90280,721fcb708c40,230
721ff1b90280,72200d281000,236
721ff1b90280,721fa0b28380,236
721ff1b90280,721ff60706c0,232
721ff1b90280,721fbf744a80,228
721ff1b90280,721ff829f000,232
721ff1b90280,721fcd328640,358
721fce2bdd00,721f924c8980,232
721fce2bdd00,721fffa47880,238
721fce2bdd00,721fc57e29c0,234
721fce2bdd00,721fae8bc100,240
721fce2bdd00,721fd3d70880,236
721fce2bdd00,721fec712f80,234
721fce2bdd00,721fcded6a40,230
721fce2bdd00,721ffc081480,240
721fce2bdd00,721fb4acfc40,236
721fce2bdd00,721fd623f9c0,240
721fce2bdd00,721fcb708c40,232
721fce2bdd00,72200d281000,236
721fce2bdd00,721fa0b28380,236
721fce2bdd00,721ff60706c0,232
721fce2bdd00,721fbf744a80,230
721fce2bdd00,721ff829f000,232
721fce2bdd00,721fcd328640,230
721fce2bdd00,721fa326aac0,232
721fce2bdd00,721fe6735ec0,230
721fce2bdd00,721fc0ea9bc0,364
721fd2328840,721f924c8980,228
721fd2328840,721fffa47880,236
721fd2328840,721fc57e29c0,236
721fd2328840,721fae8bc100,238
721fd2328840,721fd3d70880,234
721fd2328840,721fec712f80,234
721fd2328840,721fcded6a40,232
721fd2328840,721ffc081480,234
721fd2328840,721fb4acfc40,236
721fd2328840,721fd623f9c0,238
721fd2328840,721fcb708c40,232
721fd2328840,72200d281000,232
721fd2328840,721fa0b28380,232
721fd2328840,721ff60706c0,230
721fd2328840,721fbf744a80,230
721fd2328840,721ff829f000,228
721fd2328840,721fcd328640,232
721fd2328840,721fa326aac0,230
721fd2328840,721fe6735ec0,232
721fd2328840,721fc0ea9bc0,238
721fd2328840,721fbe278c40,364
721ff9be7800,721f924c8980,232
721ff9be7800,721fffa47880,238
721ff9be7800,721fc57e29c0,238
721ff9be7800,721fae8bc100,240
721ff9be7800,721fd3d70880,236
721ff9be7800,721fec712f80,234
721ff9be7800,721fcded6a40,230
721ff9be7800,721ffc081480,240
721ff9be7800,721fb4acfc40,234
721ff9be7800,721fd623f9c0,240
721ff9be7800,721fcb708c40,230
721ff9be7800,72200d281000,236
721ff9be7800,721fa0b28380,236
721ff9be7800,721ff60706c0,234
721ff9be7800,721fbf744a80,358
721ffa587140,721f924c8980,356
721ff179a900,721f924c8980,228
721ff179a900,721fffa47880,242
721ff179a900,721fc57e29c0,236
721ff179a900,721fae8bc100,240
721ff179a900,721fd3d70880,236
721ff179a900,721fec712f80,236
721ff179a900,721fcded6a40,232
721ff179a900,721ffc081480,240
721ff179a900,721fb4acfc40,236
721ff179a900,721fd623f9c0,238
721ff179a900,721fcb708c40,232
721ff179a900,72200d281000,362
721fdfe94100,721f924c8980,232
721fdfe94100,721fffa47880,360
721f946fb800,721f924c8980,358
721ffc9db600,721f924c8980,232
721ffc9db600,721fffa47880,240
721ffc9db600,721fc57e29c0,238
721ffc9db600,721fae8bc100,244
721ffc9db600,721fd3d70880,238
721ffc9db600,721fec712f80,234
721ffc9db600,721fcded6a40,230
721ffc9db600,721ffc081480,242
721ffc9db600,721fb4acfc40,234
721ffc9db600,721fd623f9c0,242
721ffc9db600,721fcb708c40,230
721ffc9db600,72200d281000,236
721ffc9db600,721fa0b28380,236
721ffc9db600,721ff60706c0,232
721ffc9db600,721fbf744a80,358
721ff9499380,721f924c8980,232
721ff9499380,721fffa47880,240
721ff9499380,721fc57e29c0,234
721ff9499380,721fae8bc100,242
721ff9499380,721fd3d70880,236
721ff9499380,721fec712f80,236
721ff9499380,721fcded6a40,232
721ff9499380,721ffc081480,242
721ff9499380,721fb4acfc40,234
721ff9499380,721fd623f9c0,240
721ff9499380,721fcb708c40,230
721ff9499380,72200d281000,236
721ff9499380,721fa0b28380,236
721ff9499380,721ff60706c0,232
721ff9499380,721fbf744a80,230
721ff9499380,721ff829f000,232
721ff9499380,721fcd328640,232
721ff9499380,721fa326aac0,232
721ff9499380,721fe6735ec0,230
721ff9499380,721fc0ea9bc0,234
721ff9499380,721fbe278c40,242
721ff9499380,721f97ef9640,232
721ff9499380,721f94390480,240
721ff9499380,721fd0c990c0,236
721ff9499380,721f96e97640,242
721ff9499380,721faccb7f40,366
721f96d15c80,721f924c8980,232
721f96d15c80,721fffa47880,238
721f96d15c80,721fc57e29c0,234
721f96d15c80,721fae8bc100,242
721f96d15c80,721fd3d70880,236
721f96d15c80,721fec712f80,360
721fd00d2f80,721f924c8980,228
721fd00d2f80,721fffa47880,242
721fd00d2f80,721fc57e29c0,236
721fd00d2f80,721fae8bc100,242
721fd00d2f80,721fd3d70880,236
721fd00d2f80,721fec712f80,236
721fd00d2f80,721fcded6a40,232
721fd00d2f80,721ffc081480,238
721fd00d2f80,721fb4acfc40,236
721fd00d2f80,721fd623f9c0,366
721f927f2b00,721f924c8980,228
721f927f2b00,721fffa47880,238
721f927f2b00,721fc57e29c0,234
721f927f2b00,721fae8bc100,236
721f927f2b00,721fd3d70880,234
721f927f2b00,721fec712f80,236
721f927f2b00,721fcded6a40,232
721f927f2b00,721ffc081480,364
721fe43143c0,721f924c8980,228
721fe43143c0,721fffa47880,240
721fe43143c0,721fc57e29c0,234
721fe43143c0,721fae8bc100,242
721fe43143c0,721fd3d70880,236
721fe43143c0,721fec712f80,236
721fe43143c0,721fcded6a40,232
721fe43143c0,721ffc081480,238
721fe43143c0,721fb4acfc40,234
721fe43143c0,721fd623f9c0,242
721fe43143c0,721fcb708c40,232
721fe43143c0,72200d281000,234
721fe43143c0,721fa0b28380,234
721fe43143c0,721ff60706c0,230
721fe43143c0,721fbf744a80,232
721fe43143c0,721ff829f000,228
721fe43143c0,721fcd328640,234
721fe43143c0,721fa326aac0,228
721fe43143c0,721fe6735ec0,232
721fe43143c0,721fc0ea9bc0,238
721fe43143c0,721fbe278c40,368
721faf5a8900,721f924c8980,232
721faf5a8900,721fffa47880,242
721faf5a8900,721fc57e29c0,234
721faf5a8900,721fae8bc100,242
721faf5a8900,721fd3d70880,236
721faf5a8900,721fec712f80,234
721faf5a8900,721fcded6a40,230
721faf5a8900,721ffc081480,242
721faf5a8900,721fb4acfc40,234
721faf5a8900,721fd623f9c0,240
721faf5a8900,721fcb708c40,230
721faf5a8900,72200d281000,236
721faf5a8900,721fa0b28380,236
721faf5a8900,721ff60706c0,232
721faf5a8900,721fbf744a80,230
721faf5a8900,721ff829f000,232
721faf5a8900,721fcd328640,234
721faf5a8900,721fa326aac0,232
721faf5a8900,721fe6735ec0,230
721faf5a8900,721fc0ea9bc0,234
721faf5a8900,721fbe278c40,242
721faf5a8900,721f97ef9640,232
721faf5a8900,721f94390480,242
721faf5a8900,721fd0c990c0,234
721faf5a8900,721f96e97640,242
721faf5a8900,721faccb7f40,238
721faf5a8900,721f96156f40,236
721faf5a8900,721fcc4c3180,236
721faf5a8900,721fd27e6840,356
722005af9380,721f924c8980,230
722005af9380,721fffa47880,242
722005af9380,721fc57e29c0,236
722005af9380,721fae8bc100,240
722005af9380,721fd3d70880,234
722005af9380,721fec712f80,236
722005af9380,721fcded6a40,232
722005af9380,721ffc081480,242
722005af9380,721fb4acfc40,236
722005af9380,721fd623f9c0,238
722005af9380,721fcb708c40,232
722005af9380,72200d281000,236
722005af9380,721fa0b28380,234
722005af9380,721ff60706c0,356
721fac373f00,721f924c8980,232
721fac373f00,721fffa47880,236
721fac373f00,721fc57e29c0,234
721fac373f00,721fae8bc100,238
721fac373f00,721fd3d70880,236
721fac373f00,721fec712f80,234
721fac373f00,721fcded6a40,230
721fac373f00,721ffc081480,238
721fac373f00,721fb4acfc40,234
721fac373f00,721fd623f9c0,236
721fac373f00,721fcb708c40,230
721fac373f00,72200d281000,236
721fac373f00,721fa0b28380,236
721fac373f00,721ff60706c0,232
721fac373f00,721fbf744a80,358
721ff4125240,721f924c8980,228
721ff4125240,721fffa47880,242
721ff4125240,721fc57e29c0,236
721ff4125240,721fae8bc100,242
721ff4125240,721fd3d70880,362
721f904f4440,721f924c8980,228
721f904f4440,721fffa47880,240
721f904f4440,721fc57e29c0,236
721f904f4440,721fae8bc100,240
721f904f4440,721fd3d70880,236
721f904f4440,721fec712f80,236
721f904f4440,721fcded6a40,232
721f904f4440,721ffc081480,236
721f904f4440,721fb4acfc40,236
721f904f4440,721fd623f9c0,366
7220002379c0,721f924c8980,232
7220002379c0,721fffa47880,236
7220002379c0,721fc57e29c0,236
7220002379c0,721fae8bc100,234
7220002379c0,721fd3d70880,232
7220002379c0,721fec712f80,236
7220002379c0,721fcded6a40,232
7220002379c0,721ffc081480,234
7220002379c0,721fb4acfc40,236
7220002379c0,721fd623f9c0,234
7220002379c0,721fcb708c40,232
7220002379c0,72200d281000,232
7220002379c0,721fa0b28380,234
7220002379c0,721ff60706c0,230
7220002379c0,721fbf744a80,232
7220002379c0,721ff829f000,228
7220002379c0,721fcd328640,232
7220002379c0,721fa326aac0,230
7220002379c0,721fe6735ec0,232
7220002379c0,721fc0ea9bc0,238
7220002379c0,721fbe278c40,236
7220002379c0,721f97ef9640,232
7220002379c0,721f94390480,236
7220002379c0,721fd0c990c0,236
7220002379c0,721f96e97640,238
7220002379c0,721faccb7f40,238
7220002379c0,721f96156f40,232
7220002379c0,721fcc4c3180,362
721ff7078740,721f924c8980,232
721ff7078740,721fffa47880,238
721ff7078740,721fc57e29c0,234
721ff7078740,721fae8bc100,244
721ff7078740,721fd3d70880,236
721ff7078740,721fec712f80,234
721ff7078740,721fcded6a40,230
721ff7078740,721ffc081480,242
721ff7078740,721fb4acfc40,236
721ff7078740,721fd623f9c0,240
721ff7078740,721fcb708c40,232
721ff7078740,72200d281000,236
721ff7078740,721fa0b28380,236
721ff7078740,721ff60706c0,234
721ff7078740,721fbf744a80,232
721ff7078740,721ff829f000,232
721ff7078740,721fcd328640,232
721ff7078740,721fa326aac0,232
721ff7078740,721fe6735ec0,230
721ff7078740,721fc0ea9bc0,364
721fb43f96c0,721f924c8980,228
721fb43f96c0,721fffa47880,240
721fb43f96c0,721fc57e29c0,236
721fb43f96c0,721fae8bc100,364
72200582f800,721f924c8980,230
72200582f800,721fffa47880,234
72200582f800,721fc57e29c0,234
72200582f800,721fae8bc100,234
72200582f800,721fd3d70880,360
721f9bfca200,721f924c8980,232
721f9bfca200,721fffa47880,364
721faf93f4c0,721f924c8980,232
721faf93f4c0,721fffa47880,366
721ff8abfb00,721f924c8980,232
721ff8abfb00,721fffa47880,366
721fd0390980,721f924c8980,232
721fd0390980,721fffa47880,238
721fd0390980,721fc57e29c0,234
721fd0390980,721fae8bc100,242
721fd0390980,721fd3d70880,236
721fd0390980,721fec712f80,236
721fd0390980,721fcded6a40,232
721fd0390980,721ffc081480,242
721fd0390980,721fb4acfc40,234
721fd0390980,721fd623f9c0,242
721fd0390980,721fcb708c40,230
721fd0390980,72200d281000,236
721fd0390980,721fa0b28380,236
721fd0390980,721ff60706c0,232
721fd0390980,721fbf744a80,230
721fd0390980,721ff829f000,232
721fd0390980,721fcd328640,230
721fd0390980,721fa326aac0,232
721fd0390980,721fe6735ec0,228
721fd0390980,721fc0ea9bc0,234
721fd0390980,721fbe278c40,242
721fd0390980,721f97ef9640,232
721fd0390980,721f94390480,240
721fd0390980,721fd0c990c0,360
722006378540,721f924c8980,232
722006378540,721fffa47880,230
722006378540,721fc57e29c0,232
722006378540,721fae8bc100,234
722006378540,721fd3d70880,234
722006378540,721fec712f80,360
721fbbf51640,721f924c8980,232
721fbbf51640,721fffa47880,232
721fbbf51640,721fc57e29c0,232
721fbbf51640,721fae8bc100,234
721fbbf51640,721fd3d70880,234
721fbbf51640,721fec712f80,360
721fc614db00,721f924c8980,228
721fc614db00,721fffa47880,240
721fc614db00,721fc57e29c0,236
721fc614db00,721fae8bc100,242
721fc614db00,721fd3d70880,236
721fc614db00,721fec712f80,236
721fc614db00,721fcded6a40,232
721fc614db00,721ffc081480,240
721fc614db00,721fb4acfc40,236
721fc614db00,721fd623f9c0,242
721fc614db00,721fcb708c40,232
721fc614db00,72200d281000,234
721fc614db00,721fa0b28380,234
721fc614db00,721ff60706c0,230
721fc614db00,721fbf744a80,232
721fc614db00,721ff829f000,228
721fc614db00,721fcd328640,232
721fc614db00,721fa326aac0,228
721fc614db00,721fe6735ec0,232
721fc614db00,721fc0ea9bc0,238
721fc614db00,721fbe278c40,368
721fb1f2e180,721f924c8980,232
721fb1f2e180,721fffa47880,240
721fb1f2e180,721fc57e29c0,238
721fb1f2e180,721fae8bc100,240
721fb1f2e180,721fd3d70880,234
721fb1f2e180,721fec712f80,236
721fb1f2e180,721fcded6a40,232
721fb1f2e180,721ffc081480,240
721fb1f2e180,721fb4acfc40,236
721fb1f2e180,721fd623f9c0,238
721fb1f2e180,721fcb708c40,232
721fb1f2e180,72200d281000,234
721fb1f2e180,721fa0b28380,234
721fb1f2e180,721ff60706c0,230
721fb1f2e180,721fbf744a80,232
721fb1f2e180,721ff829f000,228
721fb1f2e180,721fcd328640,232
721fb1f2e180,721fa326aac0,228
721fb1f2e180,721fe6735ec0,232
721fb1f2e180,721fc0ea9bc0,238
721fb1f2e180,721fbe278c40,240
721fb1f2e180,721f97ef9640,232
721fb1f2e180,721f94390480,242
721fb1f2e180,721fd0c990c0,236
721fb1f2e180,721f96e97640,242
721fb1f2e180,721faccb7f40,242
721fb1f2e180,721f96156f40,234
721fb1f2e180,721fcc4c3180,362
721f9ece18c0,721f924c8980,232
721f9ece18c0,721fffa47880,238
721f9ece18c0,721fc57e29c0,236
721f9ece18c0,721fae8bc100,242
721f9ece18c0,721fd3d70880,236
721f9ece18c0,721fec712f80,232
721f9ece18c0,721fcded6a40,228
721f9ece18c0,721ffc081480,240
721f9ece18c0,721fb4acfc40,236
721f9ece18c0,721fd623f9c0,242
721f9ece18c0,721fcb708c40,230
721f9ece18c0,72200d281000,236
721f9ece18c0,721fa0b28380,236
721f9ece18c0,721ff60706c0,234
721f9ece18c0,721fbf744a80,358
72200560b800,721f924c8980,232
72200560b800,721fffa47880,240
72200560b800,721fc57e29c0,234
72200560b800,721fae8bc100,244
72200560b800,721fd3d70880,236
72200560b800,721fec712f80,234
72200560b800,721fcded6a40,230
72200560b800,721ffc081480,240
72200560b800,721fb4acfc40,234
72200560b800,721fd623f9c0,242
72200560b800,721fcb708c40,230
72200560b800,72200d281000,236
72200560b800,721fa0b28380,236
72200560b800,721ff60706c0,232
72200560b800,721fbf744a80,230
72200560b800,721ff829f000,232
72200560b800,721fcd328640,232
72200560b800,721fa326aac0,232
72200560b800,721fe6735ec0,230
72200560b800,721fc0ea9bc0,234
72200560b800,721fbe278c40,242
72200560b800,721f97ef9640,232
72200560b800,721f94390480,242
72200560b800,721fd0c990c0,234
72200560b800,721f96e97640,242
72200560b800,721faccb7f40,238
72200560b800,721f96156f40,236
72200560b800,721fcc4c3180,236
72200560b800,721fd27e6840,358
721ff54569c0,721f924c8980,228
721ff54569c0,721fffa47880,242
721ff54569c0,721fc57e29c0,236
721ff54569c0,721fae8bc100,240
721ff54569c0,721fd3d70880,234
721ff54569c0,721fec712f80,236
721ff54569c0,721fcded6a40,232
721ff54569c0,721ffc081480,238
721ff54569c0,721fb4acfc40,236
721ff54569c0,721fd623f9c0,238
721ff54569c0,721fcb708c40,232
721ff54569c0,72200d281000,234
721ff54569c0,721fa0b28380,360
722009ac90c0,721f924c8980,232
722009ac90c0,721fffa47880,242
722009ac90c0,721fc57e29c0,234
722009ac90c0,721fae8bc100,244
722009ac90c0,721fd3d70880,236
722009ac90c0,721fec712f80,234
722009ac90c0,721fcded6a40,230
722009ac90c0,721ffc081480,242
722009ac90c0,721fb4acfc40,234
722009ac90c0,721fd623f9c0,240
722009ac90c0,721fcb708c40,232
722009ac90c0,72200d281000,236
722009ac90c0,721fa0b28380,236
722009ac90c0,721ff60706c0,234
722009ac90c0,721fbf744a80,232
722009ac90c0,721ff829f000,232
722009ac90c0,721fcd328640,358
721ff0d92940,721f924c8980,230
721ff0d92940,721fffa47880,232
721ff0d92940,721fc57e29c0,234
721ff0d92940,721fae8bc100,232
721ff0d92940,721fd3d70880,358
721fd7df1300,721f924c8980,230
721fd7df1300,721fffa47880,234
721fd7df1300,721fc57e29c0,234
721fd7df1300,721fae8bc100,232
721fd7df1300,721fd3d70880,232
721fd7df1300,721fec712f80,236
721fd7df1300,721fcded6a40,232
721fd7df1300,721ffc081480,234
721fd7df1300,721fb4acfc40,234
721fd7df1300,721fd623f9c0,230
721fd7df1300,721fcb708c40,232
721fd7df1300,72200d281000,234
721fd7df1300,721fa0b28380,232
721fd7df1300,721ff60706c0,234
721fd7df1300,721fbf744a80,232
721fd7df1300,721ff829f000,230
721fd7df1300,721fcd328640,232
721fd7df1300,721fa326aac0,230
721fd7df1300,721fe6735ec0,232
721fd7df1300,721fc0ea9bc0,234
721fd7df1300,721fbe278c40,232
721fd7df1300,721f97ef9640,230
721fd7df1300,721f94390480,234
721fd7df1300,721fd0c990c0,234
721fd7df1300,721f96e97640,232
721fd7df1300,721faccb7f40,234
721fd7df1300,721f96156f40,232
721fd7df1300,721fcc4c3180,232
721fd7df1300,721fd27e6840,232
721fd7df1300,721fae018dc0,232
721fd7df1300,721fca6ddc40,360
721fdab5d200,721f924c8980,230
721fdab5d200,721fffa47880,234
721fdab5d200,721fc57e29c0,234
721fdab5d200,721fae8bc100,234
721fdab5d200,721fd3d70880,234
721fdab5d200,721fec712f80,236
721fdab5d200,721fcded6a40,232
721fdab5d200,721ffc081480,232
721fdab5d200,721fb4acfc40,234
721fdab5d200,721fd623f9c0,358
721ff668e180,721f924c8980,232
721ff668e180,721fffa47880,238
721ff668e180,721fc57e29c0,234
721ff668e180,721fae8bc100,240
721ff668e180,721fd3d70880,236
721ff668e180,721fec712f80,234
721ff668e180,721fcded6a40,230
721ff668e180,721ffc081480,240
721ff668e180,721fb4acfc40,236
721ff668e180,721fd623f9c0,240
721ff668e180,721fcb708c40,358
721fc59cc900,721f924c8980,232
721fc59cc900,721fffa47880,230
721fc59cc900,721fc57e29c0,230
721fc59cc900,721fae8bc100,234
721fc59cc900,721fd3d70880,234
721fc59cc900,721fec712f80,232
721fc59cc900,721fcded6a40,228
721fc59cc900,721ffc081480,234
721fc59cc900,721fb4acfc40,232
721fc59cc900,721fd623f9c0,232
721fc59cc900,721fcb708c40,358
721fc51f65c0,721f924c8980,228
721fc51f65c0,721fffa47880,234
721fc51f65c0,721fc57e29c0,234
721fc51f65c0,721fae8bc100,358
721ffe5a3e00,721f924c8980,232
721ffe5a3e00,721fffa47880,238
721ffe5a3e00,721fc57e29c0,236
721ffe5a3e00,721fae8bc100,244
721ffe5a3e00,721fd3d70880,236
721ffe5a3e00,721fec712f80,234
721ffe5a3e00,721fcded6a40,228
721ffe5a3e00,721ffc081480,242
721ffe5a3e00,721fb4acfc40,234
721ffe5a3e00,721fd623f9c0,242
721ffe5a3e00,721fcb708c40,230
721ffe5a3e00,72200d281000,236
721ffe5a3e00,721fa0b28380,236
721ffe5a3e00,721ff60706c0,232
721ffe5a3e00,721fbf744a80,232
721ffe5a3e00,721ff829f000,232
721ffe5a3e00,721fcd328640,230
721ffe5a3e00,721fa326aac0,232
721ffe5a3e00,721fe6735ec0,232
721ffe5a3e00,721fc0ea9bc0,234
721ffe5a3e00,721fbe278c40,244
721ffe5a3e00,721f97ef9640,232
721ffe5a3e00,721f94390480,238
721ffe5a3e00,721fd0c990c0,234
721ffe5a3e00,721f96e97640,242
721ffe5a3e00,721faccb7f40,238
721ffe5a3e00,721f96156f40,236
721ffe5a3e00,721fcc4c3180,236
721ffe5a3e00,721fd27e6840,228
721ffe5a3e00,721fae018dc0,356
722006c9f8c0,721f924c8980,228
722006c9f8c0,721fffa47880,240
722006c9f8c0,721fc57e29c0,236
722006c9f8c0,721fae8bc100,238
722006c9f8c0,721fd3d70880,234
722006c9f8c0,721fec712f80,236
722006c9f8c0,721fcded6a40,232
722006c9f8c0,721ffc081480,240
722006c9f8c0,721fb4acfc40,236
722006c9f8c0,721fd623f9c0,238
722006c9f8c0,721fcb708c40,232
722006c9f8c0,72200d281000,236
722006c9f8c0,721fa0b28380,234
722006c9f8c0,721ff60706c0,358
721fc8be90c0,721f924c8980,232
721fc8be90c0,721fffa47880,236
721fc8be90c0,721fc57e29c0,234
721fc8be90c0,721fae8bc100,238
721fc8be90c0,721fd3d70880,236
721fc8be90c0,721fec712f80,232
721fc8be90c0,721fcded6a40,228
721fc8be90c0,721ffc081480,240
721fc8be90c0,721fb4acfc40,236
721fc8be90c0,721fd623f9c0,240
721fc8be90c0,721fcb708c40,232
721fc8be90c0,72200d281000,236
721fc8be90c0,721fa0b28380,236
721fc8be90c0,721ff60706c0,232
721fc8be90c0,721fbf744a80,228
721fc8be90c0,721ff829f000,234
721fc8be90c0,721fcd328640,230
721fc8be90c0,721fa326aac0,232
721fc8be90c0,721fe6735ec0,228
721fc8be90c0,721fc0ea9bc0,238
721fc8be90c0,721fbe278c40,240
721fc8be90c0,721f97ef9640,232
721fc8be90c0,721f94390480,236
721fc8be90c0,721fd0c990c0,234
721fc8be90c0,721f96e97640,240
721fc8be90c0,721faccb7f40,238
721fc8be90c0,721f96156f40,236
721fc8be90c0,721fcc4c3180,236
721fc8be90c0,721fd27e6840,228
721fc8be90c0,721fae018dc0,228
721fc8be90c0,721fca6ddc40,236
721fc8be90c0,721fd9682240,366
721fd3ab81c0,721f924c8980,230
721fd3ab81c0,721fffa47880,232
721fd3ab81c0,721fc57e29c0,234
721fd3ab81c0,721fae8bc100,232
721fd3ab81c0,721fd3d70880,232
721fd3ab81c0,721fec712f80,232
721fd3ab81c0,721fcded6a40,232
721fd3ab81c0,721ffc081480,230
721fd3ab81c0,721fb4acfc40,234
721fd3ab81c0,721fd623f9c0,358
721fa74481c0,721f924c8980,228
721fa74481c0,721fffa47880,232
721fa74481c0,721fc57e29c0,234
721fa74481c0,721fae8bc100,230
721fa74481c0,721fd3d70880,230
721fa74481c0,721fec712f80,232
721fa74481c0,721fcded6a40,232
721fa74481c0,721ffc081480,230
721fa74481c0,721fb4acfc40,234
721fa74481c0,721fd623f9c0,230
721fa74481c0,721fcb708c40,232
721fa74481c0,72200d281000,230
721fa74481c0,721fa0b28380,358
721fbf8e2480,721f924c8980,232
721fbf8e2480,721fffa47880,238
721fbf8e2480,721fc57e29c0,234
721fbf8e2480,721fae8bc100,242
721fbf8e2480,721fd3d70880,236
721fbf8e2480,721fec712f80,234
721fbf8e2480,721fcded6a40,230
721fbf8e2480,721ffc081480,242
721fbf8e2480,721fb4acfc40,234
721fbf8e2480,721fd623f9c0,240
721fbf8e2480,721fcb708c40,230
721fbf8e2480,72200d281000,236
721fbf8e2480,721fa0b28380,236
721fbf8e2480,721ff60706c0,232
721fbf8e2480,721fbf744a80,232
721fbf8e2480,721ff829f000,232
721fbf8e2480,721fcd328640,230
721fbf8e2480,721fa326aac0,232
721fbf8e2480,721fe6735ec0,358
721ff102c0c0,721f924c8980,232
721ff102c0c0,721fffa47880,230
721ff102c0c0,721fc57e29c0,232
721ff102c0c0,721fae8bc100,236
721ff102c0c0,721fd3d70880,234
721ff102c0c0,721fec712f80,232
721ff102c0c0,721fcded6a40,230
721ff102c0c0,721ffc081480,234
721ff102c0c0,721fb4acfc40,360
72200c76d400,721f924c8980,232
72200c76d400,721fffa47880,238
72200c76d400,721fc57e29c0,234
72200c76d400,721fae8bc100,238
72200c76d400,721fd3d70880,236
72200c76d400,721fec712f80,234
72200c76d400,721fcded6a40,230
72200c76d400,721ffc081480,240
72200c76d400,721fb4acfc40,236
72200c76d400,721fd623f9c0,240
72200c76d400,721fcb708c40,232
72200c76d400,72200d281000,236
72200c76d400,721fa0b28380,236
72200c76d400,721ff60706c0,232
72200c76d400,721fbf744a80,228
72200c76d400,721ff829f000,232
72200c76d400,721fcd328640,230
72200c76d400,721fa326aac0,232
72200c76d400,721fe6735ec0,228
72200c76d400,721fc0ea9bc0,238
72200c76d400,721fbe278c40,238
72200c76d400,721f97ef9640,232
72200c76d400,721f94390480,238
72200c76d400,721fd0c990c0,234
72200c76d400,721f96e97640,238
72200c76d400,721faccb7f40,236
72200c76d400,721f96156f40,236
72200c76d400,721fcc4c3180,236
72200c76d400,721fd27e6840,230
72200c76d400,721fae018dc0,230
72200c76d400,721fca6ddc40,236
72200c76d400,721fd9682240,366
721fc0fd6900,721f924c8980,228
721fc0fd6900,721fffa47880,240
721fc0fd6900,721fc57e29c0,236
721fc0fd6900,721fae8bc100,242
721fc0fd6900,721fd3d70880,236
721fc0fd6900,721fec712f80,236
721fc0fd6900,721fcded6a40,232
721fc0fd6900,721ffc081480,238
721fc0fd6900,721fb4acfc40,236
721fc0fd6900,721fd623f9c0,242
721fc0fd6900,721fcb708c40,232
721fc0fd6900,72200d281000,234
721fc0fd6900,721fa0b28380,234
721fc0fd6900,721ff60706c0,230
721fc0fd6900,721fbf744a80,232
721fc0fd6900,721ff829f000,228
721fc0fd6900,721fcd328640,232
721fc0fd6900,721fa326aac0,230
721fc0fd6900,721fe6735ec0,232
721fc0fd6900,721fc0ea9bc0,238
721fc0fd6900,721fbe278c40,368
721fe2463ac0,721f924c8980,232
721fe2463ac0,721fffa47880,230
721fe2463ac0,721fc57e29c0,234
721fe2463ac0,721fae8bc100,234
721fe2463ac0,721fd3d70880,234
721fe2463ac0,721fec712f80,232
721fe2463ac0,721fcded6a40,230
721fe2463ac0,721ffc081480,234
721fe2463ac0,721fb4acfc40,232
721fe2463ac0,721fd623f9c0,234
721fe2463ac0,721fcb708c40,232
721fe2463ac0,72200d281000,234
721fe2463ac0,721fa0b28380,234
721fe2463ac0,721ff60706c0,232
721fe2463ac0,721fbf744a80,234
721fe2463ac0,721ff829f000,232
721fe2463ac0,721fcd328640,232
721fe2463ac0,721fa326aac0,232
721fe2463ac0,721fe6735ec0,232
721fe2463ac0,721fc0ea9bc0,232
721fe2463ac0,721fbe278c40,236
721fe2463ac0,721f97ef9640,232
721fe2463ac0,721f94390480,232
721fe2463ac0,721fd0c990c0,232
721fe2463ac0,721f96e97640,236
721fe2463ac0,721faccb7f40,232
721fe2463ac0,721f96156f40,234
721fe2463ac0,721fcc4c3180,236
721fe2463ac0,721fd27e6840,230
721fe2463ac0,721fae018dc0,358
721ff49e5b80,721f924c8980,228
721ff49e5b80,721fffa47880,240
721ff49e5b80,721fc57e29c0,236
721ff49e5b80,721fae8bc100,236
721ff49e5b80,721fd3d70880,234
721ff49e5b80,721fec712f80,236
721ff49e5b80,721fcded6a40,232
721ff49e5b80,721ffc081480,240
721ff49e5b80,721fb4acfc40,236
721ff49e5b80,721fd623f9c0,238
721ff49e5b80,721fcb708c40,232
721ff49e5b80,72200d281000,362
721fe65cffc0,721f924c8980,230
721fe65cffc0,721fffa47880,232
721fe65cffc0,721fc57e29c0,234
721fe65cffc0,721fae8bc100,230
721fe65cffc0,721fd3d70880,230
721fe65cffc0,721fec712f80,232
721fe65cffc0,721fcded6a40,232
721fe65cffc0,721ffc081480,230
721fe65cffc0,721fb4acfc40,234
721fe65cffc0,721fd623f9c0,230
721fe65cffc0,721fcb708c40,232
721fe65cffc0,72200d281000,230
721fe65cffc0,721fa0b28380,232
721fe65cffc0,721ff60706c0,230
721fe65cffc0,721fbf744a80,232
721fe65cffc0,721ff829f000,232
721fe65cffc0,721fcd328640,234
721fe65cffc0,721fa326aac0,232
721fe65cffc0,721fe6735ec0,232
721fe65cffc0,721fc0ea9bc0,234
721fe65cffc0,721fbe278c40,232
721fe65cffc0,721f97ef9640,230
721fe65cffc0,721f94390480,232
721fe65cffc0,721fd0c990c0,234
721fe65cffc0,721f96e97640,232
721fe65cffc0,721faccb7f40,234
721fe65cffc0,721f96156f40,360
721fd8e932c0,721f924c8980,232
721fd8e932c0,721fffa47880,234
721fd8e932c0,721fc57e29c0,232
721fd8e932c0,721fae8bc100,234
721fd8e932c0,721fd3d70880,234
721fd8e932c0,721fec712f80,232
721fd8e932c0,721fcded6a40,230
721fd8e932c0,721ffc081480,234
721fd8e932c0,721fb4acfc40,232
721fd8e932c0,721fd623f9c0,234
721fd8e932c0,721fcb708c40,230
721fd8e932c0,72200d281000,234
721fd8e932c0,721fa0b28380,234
721fd8e932c0,721ff60706c0,232
721fd8e932c0,721fbf744a80,230
721fd8e932c0,721ff829f000,232
721fd8e932c0,721fcd328640,234
721fd8e932c0,721fa326aac0,232
721fd8e932c0,721fe6735ec0,230
721fd8e932c0,721fc0ea9bc0,232
721fd8e932c0,721fbe278c40,234
721fd8e932c0,721f97ef9640,232
721fd8e932c0,721f94390480,234
721fd8e932c0,721fd0c990c0,232
721fd8e932c0,721f96e97640,234
721fd8e932c0,721faccb7f40,232
721fd8e932c0,721f96156f40,234
721fd8e932c0,721fcc4c3180,234
721fd8e932c0,721fd27e6840,356
722001bafd80,721f924c8980,230
722001bafd80,721fffa47880,240
722001bafd80,721fc57e29c0,236
722001bafd80,721fae8bc100,240
722001bafd80,721fd3d70880,236
722001bafd80,721fec712f80,236
722001bafd80,721fcded6a40,232
722001bafd80,721ffc081480,238
722001bafd80,721fb4acfc40,236
722001bafd80,721fd623f9c0,240
722001bafd80,721fcb708c40,234
722001bafd80,72200d281000,234
722001bafd80,721fa0b28380,234
722001bafd80,721ff60706c0,230
722001bafd80,721fbf744a80,232
722001bafd80,721ff829f000,230
722001bafd80,721fcd328640,232
722001bafd80,721fa326aac0,230
722001bafd80,721fe6735ec0,232
722001bafd80,721fc0ea9bc0,238
722001bafd80,721fbe278c40,364
72200710f480,721f924c8980,232
72200710f480,721fffa47880,236
72200710f480,721fc57e29c0,236
72200710f480,721fae8bc100,238
72200710f480,721fd3d70880,236
72200710f480,721fec712f80,234
72200710f480,721fcded6a40,228
72200710f480,721ffc081480,238
72200710f480,721fb4acfc40,234
72200710f480,721fd623f9c0,236
72200710f480,721fcb708c40,230
72200710f480,72200d281000,236
72200710f480,721fa0b28380,236
72200710f480,721ff60706c0,232
72200710f480,721fbf744a80,358
721fc2b52e00,721f924c8980,232
721fc2b52e00,721fffa47880,236
721fc2b52e00,721fc57e29c0,234
721fc2b52e00,721fae8bc100,238
721fc2b52e00,721fd3d70880,236
721fc2b52e00,721fec712f80,234
721fc2b52e00,721fcded6a40,228
721fc2b52e00,721ffc081480,238
721fc2b52e00,721fb4acfc40,360
721fc3140700,721f924c8980,230
721fc3140700,721fffa47880,234
721fc3140700,721fc57e29c0,232
721fc3140700,721fae8bc100,230
721fc3140700,721fd3d70880,232
721fc3140700,721fec712f80,234
721fc3140700,721fcded6a40,232
721fc3140700,721ffc081480,234
721fc3140700,721fb4acfc40,232
721fc3140700,721fd623f9c0,230
721fc3140700,721fcb708c40,232
721fc3140700,72200d281000,234
721fc3140700,721fa0b28380,232
721fc3140700,721ff60706c0,358
721ffe687a00,721f924c8980,228
721ffe687a00,721fffa47880,242
721ffe687a00,721fc57e29c0,236
721ffe687a00,721fae8bc100,240
721ffe687a00,721fd3d70880,234
721ffe687a00,721fec712f80,236
721ffe687a00,721fcded6a40,232
721ffe687a00,721ffc081480,238
721ffe687a00,721fb4acfc40,234
721ffe687a00,721fd623f9c0,240
721ffe687a00,721fcb708c40,234
721ffe687a00,72200d281000,234
721ffe687a00,721fa0b28380,236
721ffe687a00,721ff60706c0,230
721ffe687a00,721fbf744a80,232
721ffe687a00,721ff829f000,232
721ffe687a00,721fcd328640,232
721ffe687a00,721fa326aac0,232
721ffe687a00,721fe6735ec0,232
721ffe687a00,721fc0ea9bc0,238
721ffe687a00,721fbe278c40,240
721ffe687a00,721f97ef9640,230
721ffe687a00,721f94390480,242
721ffe687a00,721fd0c990c0,238
721ffe687a00,721f96e97640,240
721ffe687a00,721faccb7f40,240
721ffe687a00,721f96156f40,362
721fefca4440,721f924c8980,232
721fefca4440,721fffa47880,236
721fefca4440,721fc57e29c0,234
721fefca4440,721fae8bc100,240
721fefca4440,721fd3d70880,236
721fefca4440,721fec712f80,234
721fefca4440,721fcded6a40,228
721fefca4440,721ffc081480,240
721fefca4440,721fb4acfc40,236
721fefca4440,721fd623f9c0,240
721fefca4440,721fcb708c40,232
721fefca4440,72200d281000,236
721fefca4440,721fa0b28380,236
721fefca4440,721ff60706c0,232
721fefca4440,721fbf744a80,230
721fefca4440,721ff829f000,232
721fefca4440,721fcd328640,230
721fefca4440,721fa326aac0,232
721fefca4440,721fe6735ec0,228
721fefca4440,721fc0ea9bc0,238
721fefca4440,721fbe278c40,240
721fefca4440,721f97ef9640,232
721fefca4440,721f94390480,238
721fefca4440,721fd0c990c0,234
721fefca4440,721f96e97640,240
721fefca4440,721faccb7f40,236
721fefca4440,721f96156f40,236
721fefca4440,721fcc4c3180,236
721fefca4440,721fd27e6840,228
721fefca4440,721fae018dc0,228
721fefca4440,721fca6ddc40,236
721fefca4440,721fd9682240,364
721ffa48e200,721f924c8980,232
721ffa48e200,721fffa47880,232
721ffa48e200,721fc57e29c0,230
721ffa48e200,721fae8bc100,234
721ffa48e200,721fd3d70880,234
721ffa48e200,721fec712f80,358
721fa17b5b80,721f924c8980,228
721fa17b5b80,721fffa47880,240
721fa17b5b80,721fc57e29c0,236
721fa17b5b80,721fae8bc100,242
721fa17b5b80,721fd3d70880,236
721fa17b5b80,721fec712f80,236
721fa17b5b80,721fcded6a40,232
721fa17b5b80,721ffc081480,240
721fa17b5b80,721fb4acfc40,236
721fa17b5b80,721fd623f9c0,242
721fa17b5b80,721fcb708c40,232
721fa17b5b80,72200d281000,234
721fa17b5b80,721fa0b28380,234
721fa17b5b80,721ff60706c0,230
721fa17b5b80,721fbf744a80,232
721fa17b5b80,721ff829f000,228
721fa17b5b80,721fcd328640,234
721fa17b5b80,721fa326aac0,230
721fa17b5b80,721fe6735ec0,232
721fa17b5b80,721fc0ea9bc0,238
721fa17b5b80,721fbe278c40,368
721fffb85d40,721f924c8980,230
721fffb85d40,721fffa47880,232
721fffb85d40,721fc57e29c0,236
721fffb85d40,721fae8bc100,234
721fffb85d40,721fd3d70880,360
721ff0c99a40,721f924c8980,228
721ff0c99a40,721fffa47880,240
721ff0c99a40,721fc57e29c0,236
721ff0c99a40,721fae8bc100,364
722007e0c580,721f924c8980,232
722007e0c580,721fffa47880,232
722007e0c580,721fc57e29c0,358
721ffa84ee40,721f924c8980,232
721ffa84ee40,721fffa47880,232
721ffa84ee40,721fc57e29c0,232
721ffa84ee40,721fae8bc100,234
721ffa84ee40,721fd3d70880,234
721ffa84ee40,721fec712f80,232
721ffa84ee40,721fcded6a40,230
721ffa84ee40,721ffc081480,234
721ffa84ee40,721fb4acfc40,232
721ffa84ee40,721fd623f9c0,234
721ffa84ee40,721fcb708c40,230
721ffa84ee40,72200d281000,234
721ffa84ee40,721fa0b28380,234
721ffa84ee40,721ff60706c0,232
721ffa84ee40,721fbf744a80,232
721ffa84ee40,721ff829f000,232
721ffa84ee40,721fcd328640,234
721ffa84ee40,721fa326aac0,232
721ffa84ee40,721fe6735ec0,230
721ffa84ee40,721fc0ea9bc0,232
721ffa84ee40,721fbe278c40,234
721ffa84ee40,721f97ef9640,232
721ffa84ee40,721f94390480,232
721ffa84ee40,721fd0c990c0,232
721ffa84ee40,721f96e97640,234
721ffa84ee40,721faccb7f40,232
721ffa84ee40,721f96156f40,234
721ffa84ee40,721fcc4c3180,234
721ffa84ee40,721fd27e6840,356
721fd2c2c380,721f924c8980,228
721fd2c2c380,721fffa47880,242
721fd2c2c380,721fc57e29c0,236
721fd2c2c380,721fae8bc100,242
721fd2c2c380,721fd3d70880,362
721fd0dfd880,721f924c8980,232
721fd0dfd880,721fffa47880,238
721fd0dfd880,721fc57e29c0,234
721fd0dfd880,721fae8bc100,242
721fd0dfd880,721fd3d70880,236
721fd0dfd880,721fec712f80,236
721fd0dfd880,721fcded6a40,232
721fd0dfd880,721ffc081480,242
721fd0dfd880,721fb4acfc40,234
721fd0dfd880,721fd623f9c0,242
721fd0dfd880,721fcb708c40,230
721fd0dfd880,72200d281000,236
721fd0dfd880,721fa0b28380,236
721fd0dfd880,721ff60706c0,232
721fd0dfd880,721fbf744a80,230
721fd0dfd880,721ff829f000,232
721fd0dfd880,721fcd328640,230
721fd0dfd880,721fa326aac0,232
721fd0dfd880,721fe6735ec0,230
721fd0dfd880,721fc0ea9bc0,234
721fd0dfd880,721fbe278c40,244
721fd0dfd880,721f97ef9640,232
721fd0dfd880,721f94390480,238
721fd0dfd880,721fd0c990c0,236
721fd0dfd880,721f96e97640,244
721fd0dfd880,721faccb7f40,366
721fc65ac040,721f924c8980,230
721fc65ac040,721fffa47880,232
721fc65ac040,721fc57e29c0,234
721fc65ac040,721fae8bc100,236
721fc65ac040,721fd3d70880,234
721fc65ac040,721fec712f80,234
721fc65ac040,721fcded6a40,232
721fc65ac040,721ffc081480,232
721fc65ac040,721fb4acfc40,234
721fc65ac040,721fd623f9c0,360
721fba4ba500,721f924c8980,230
721fba4ba500,721fffa47880,240
721fba4ba500,721fc57e29c0,234
721fba4ba500,721fae8bc100,240
721fba4ba500,721fd3d70880,236
721fba4ba500,721fec712f80,234
721fba4ba500,721fcded6a40,230
721fba4ba500,721ffc081480,240
721fba4ba500,721fb4acfc40,234
721fba4ba500,721fd623f9c0,240
721fba4ba500,721fcb708c40,230
721fba4ba500,72200d281000,236
721fba4ba500,721fa0b28380,236
721fba4ba500,721ff60706c0,232
721fba4ba500,721fbf744a80,228
721fba4ba500,721ff829f000,230
721fba4ba500,721fcd328640,232
721fba4ba500,721fa326aac0,232
721fba4ba500,721fe6735ec0,228
721fba4ba500,721fc0ea9bc0,236
721fba4ba500,721fbe278c40,240
721fba4ba500,721f97ef9640,232
721fba4ba500,721f94390480,240
721fba4ba500,721fd0c990c0,234
721fba4ba500,721f96e97640,240
721fba4ba500,721faccb7f40,238
721fba4ba500,721f96156f40,236
721fba4ba500,721fcc4c3180,236
721fba4ba500,721fd27e6840,358
7220079ca1c0,721f924c8980,232
7220079ca1c0,721fffa47880,238
7220079ca1c0,721fc57e29c0,362
721ffc9a2600,721f924c8980,228
721ffc9a2600,721fffa47880,242
721ffc9a2600,721fc57e29c0,236
721ffc9a2600,721fae8bc100,240
721ffc9a2600,721fd3d70880,234
721ffc9a2600,721fec712f80,236
721ffc9a2600,721fcded6a40,232
721ffc9a2600,721ffc081480,240
721ffc9a2600,721fb4acfc40,236
721ffc9a2600,721fd623f9c0,238
721ffc9a2600,721fcb708c40,232
721ffc9a2600,72200d281000,236
721ffc9a2600,721fa0b28380,234
721ffc9a2600,721ff60706c0,232
721ffc9a2600,721fbf744a80,232
721ffc9a2600,721ff829f000,228
721ffc9a2600,721fcd328640,232
721ffc9a2600,721fa326aac0,230
721ffc9a2600,721fe6735ec0,232
721ffc9a2600,721fc0ea9bc0,238
721ffc9a2600,721fbe278c40,240
721ffc9a2600,721f97ef9640,228
721ffc9a2600,721f94390480,240
721ffc9a2600,721fd0c990c0,236
721ffc9a2600,721f96e97640,240
721ffc9a2600,721faccb7f40,242
721ffc9a2600,721f96156f40,234
721ffc9a2600,721fcc4c3180,234
721ffc9a2600,721fd27e6840,232
721ffc9a2600,721fae018dc0,232
721ffc9a2600,721fca6ddc40,362
721fa9c5e340,721f924c8980,232
721fa9c5e340,721fffa47880,366
721fff869a80,721f924c8980,232
721fff869a80,721fffa47880,230
721fff869a80,721fc57e29c0,230
721fff869a80,721fae8bc100,234
721fff869a80,721fd3d70880,234
721fff869a80,721fec712f80,230
721fff869a80,721fcded6a40,230
721fff869a80,721ffc081480,234
721fff869a80,721fb4acfc40,232
721fff869a80,721fd623f9c0,232
721fff869a80,721fcb708c40,234
721fff869a80,72200d281000,234
721fff869a80,721fa0b28380,234
721fff869a80,721ff60706c0,232
721fff869a80,721fbf744a80,230
721fff869a80,721ff829f000,232
721fff869a80,721fcd328640,230
721fff869a80,721fa326aac0,232
721fff869a80,721fe6735ec0,230
721fff869a80,721fc0ea9bc0,232
721fff869a80,721fbe278c40,232
721fff869a80,721f97ef9640,232
721fff869a80,721f94390480,230
721fff869a80,721fd0c990c0,230
721fff869a80,721f96e97640,232
721fff869a80,721faccb7f40,230
721fff869a80,721f96156f40,232
721fff869a80,721fcc4c3180,234
721fff869a80,721fd27e6840,230
721fff869a80,721fae018dc0,230
721fff869a80,721fca6ddc40,232
721fff869a80,721fd9682240,358
721fb678b700,721f924c8980,230
721fb678b700,721fffa47880,236
721fb678b700,721fc57e29c0,234
721fb678b700,721fae8bc100,234
721fb678b700,721fd3d70880,360
721fee916540,721f924c8980,232
721fee916540,721fffa47880,232
721fee916540,721fc57e29c0,232
721fee916540,721fae8bc100,234
721fee916540,721fd3d70880,234
721fee916540,721fec712f80,232
721fee916540,721fcded6a40,230
721fee916540,721ffc081480,234
721fee916540,721fb4acfc40,232
721fee916540,721fd623f9c0,234
721fee916540,721fcb708c40,230
721fee916540,72200d281000,234
721fee916540,721fa0b28380,234
721fee916540,721ff60706c0,232
721fee916540,721fbf744a80,232
721fee916540,721ff829f000,232
721fee916540,721fcd328640,234
721fee916540,721fa326aac0,232
721fee916540,721fe6735ec0,230
721fee916540,721fc0ea9bc0,232
721fee916540,721fbe278c40,234
721fee916540,721f97ef9640,232
721fee916540,721f94390480,234
721fee916540,721fd0c990c0,234
721fee916540,721f96e97640,234
721fee916540,721faccb7f40,232
721fee916540,721f96156f40,234
721fee916540,721fcc4c3180,234
721fee916540,721fd27e6840,358
721f97eb1c40,721f924c8980,232
721f97eb1c40,721fffa47880,238
721f97eb1c40,721fc57e29c0,234
721f97eb1c40,721fae8bc100,242
721f97eb1c40,721fd3d70880,236
721f97eb1c40,721fec712f80,232
721f97eb1c40,721fcded6a40,230
721f97eb1c40,721ffc081480,242
721f97eb1c40,721fb4acfc40,236
721f97eb1c40,721fd623f9c0,242
721f97eb1c40,721fcb708c40,358
721fe726dbc0,721f924c8980,230
721fe726dbc0,721fffa47880,236
721fe726dbc0,721fc57e29c0,236
721fe726dbc0,721fae8bc100,234
721fe726dbc0,721fd3d70880,232
721fe726dbc0,721fec712f80,234
721fe726dbc0,721fcded6a40,232
721fe726dbc0,721ffc081480,234
721fe726dbc0,721fb4acfc40,236
721fe726dbc0,721fd623f9c0,234
721fe726dbc0,721fcb708c40,232
721fe726dbc0,72200d281000,232
721fe726dbc0,721fa0b28380,232
721fe726dbc0,721ff60706c0,230
721fe726dbc0,721fbf744a80,230
721fe726dbc0,721ff829f000,228
721fe726dbc0,721fcd328640,232
721fe726dbc0,721fa326aac0,230
721fe726dbc0,721fe6735ec0,232
721fe726dbc0,721fc0ea9bc0,238
721fe726dbc0,721fbe278c40,236
721fe726dbc0,721f97ef9640,232
721fe726dbc0,721f94390480,236
721fe726dbc0,721fd0c990c0,236
721fe726dbc0,721f96e97640,238
721fe726dbc0,721faccb7f40,238
721fe726dbc0,721f96156f40,232
721fe726dbc0,721fcc4c3180,360
721fd0b42600,721f924c8980,226
721fd0b42600,721fffa47880,240
721fd0b42600,721fc57e29c0,236
721fd0b42600,721fae8bc100,240
721fd0b42600,721fd3d70880,236
721fd0b42600,721fec712f80,236
721fd0b42600,721fcded6a40,232
721fd0b42600,721ffc081480,236
721fd0b42600,721fb4acfc40,236
721fd0b42600,721fd623f9c0,364
721f9581f080,721f924c8980,232
721f9581f080,721fffa47880,242
721f9581f080,721fc57e29c0,232
721f9581f080,721fae8bc100,242
721f9581f080,721fd3d70880,236
721f9581f080,721fec712f80,234
721f9581f080,721fcded6a40,228
721f9581f080,721ffc081480,240
721f9581f080,721fb4acfc40,232
721f9581f080,721fd623f9c0,240
721f9581f080,721fcb708c40,230
721f9581f080,72200d281000,236
721f9581f080,721fa0b28380,236
721f9581f080,721ff60706c0,232
721f9581f080,721fbf744a80,230
721f9581f080,721ff829f000,232
721f9581f080,721fcd328640,232
721f9581f080,721fa326aac0,232
721f9581f080,721fe6735ec0,228
721f9581f080,721fc0ea9bc0,234
721f9581f080,721fbe278c40,242
721f9581f080,721f97ef9640,232
721f9581f080,721f94390480,240
721f9581f080,721fd0c990c0,232
721f9581f080,721f96e97640,242
721f9581f080,721faccb7f40,238
721f9581f080,721f96156f40,236
721f9581f080,721fcc4c3180,236
721f9581f080,721fd27e6840,356
721f994444c0,721f924c8980,232
721f994444c0,721fffa47880,238
721f994444c0,721fc57e29c0,234
721f994444c0,721fae8bc100,242
721f994444c0,721fd3d70880,236
721f994444c0,721fec712f80,236
721f994444c0,721fcded6a40,356
721fa41a60c0,721f924c8980,232
721fa41a60c0,721fffa47880,230
721fa41a60c0,721fc57e29c0,230
721fa41a60c0,721fae8bc100,232
721fa41a60c0,721fd3d70880,232
721fa41a60c0,721fec712f80,230
721fa41a60c0,721fcded6a40,230
721fa41a60c0,721ffc081480,232
721fa41a60c0,721fb4acfc40,234
721fa41a60c0,721fd623f9c0,234
721fa41a60c0,721fcb708c40,232
721fa41a60c0,72200d281000,232
721fa41a60c0,721fa0b28380,234
721fa41a60c0,721ff60706c0,232
721fa41a60c0,721fbf744a80,230
721fa41a60c0,721ff829f000,232
721fa41a60c0,721fcd328640,230
721fa41a60c0,721fa326aac0,232
721fa41a60c0,721fe6735ec0,230
721fa41a60c0,721fc0ea9bc0,358
721ffb404c00,721f924c8980,228
721ffb404c00,721fffa47880,238
721ffb404c00,721fc57e29c0,236
721ffb404c00,721fae8bc100,234
721ffb404c00,721fd3d70880,234
721ffb404c00,721fec712f80,236
721ffb404c00,721fcded6a40,232
721ffb404c00,721ffc081480,238
721ffb404c00,721fb4acfc40,236
721ffb404c00,721fd623f9c0,234
721ffb404c00,721fcb708c40,232
721ffb404c00,72200d281000,234
721ffb404c00,721fa0b28380,362
721ff0c14480,721f924c8980,230
721ff0c14480,721fffa47880,234
721ff0c14480,721fc57e29c0,236
721ff0c14480,721fae8bc100,232
721ff0c14480,721fd3d70880,232
721ff0c14480,721fec712f80,234
721ff0c14480,721fcded6a40,232
721ff0c14480,721ffc081480,232
721ff0c14480,721fb4acfc40,234
721ff0c14480,721fd623f9c0,230
721ff0c14480,721fcb708c40,232
721ff0c14480,72200d281000,232
721ff0c14480,721fa0b28380,234
721ff0c14480,721ff60706c0,232
721ff0c14480,721fbf744a80,232
721ff0c14480,721ff829f000,232
721ff0c14480,721fcd328640,232
721ff0c14480,721fa326aac0,232
721ff0c14480,721fe6735ec0,232
721ff0c14480,721fc0ea9bc0,232
721ff0c14480,721fbe278c40,232
721ff0c14480,721f97ef9640,230
721ff0c14480,721f94390480,234
721ff0c14480,721fd0c990c0,234
721ff0c14480,721f96e97640,232
721ff0c14480,721faccb7f40,234
721ff0c14480,721f96156f40,360
721fee2393c0,721f924c8980,232
721fee2393c0,721fffa47880,238
721fee2393c0,721fc57e29c0,234
721fee2393c0,721fae8bc100,238
721fee2393c0,721fd3d70880,236
721fee2393c0,721fec712f80,234
721fee2393c0,721fcded6a40,230
721fee2393c0,721ffc081480,240
721fee2393c0,721fb4acfc40,234
721fee2393c0,721fd623f9c0,240
721fee2393c0,721fcb708c40,230
721fee2393c0,72200d281000,236
721fee2393c0,721fa0b28380,236
721fee2393c0,721ff60706c0,232
721fee2393c0,721fbf744a80,230
721fee2393c0,721ff829f000,232
721fee2393c0,721fcd328640,232
721fee2393c0,721fa326aac0,232
721fee2393c0,721fe6735ec0,228
721fee2393c0,721fc0ea9bc0,236
721fee2393c0,721fbe278c40,240
721fee2393c0,721f97ef9640,232
721fee2393c0,721f94390480,364
721fee1b4980,721f924c8980,230
721fee1b4980,721fffa47880,242
721fee1b4980,721fc57e29c0,236
721fee1b4980,721fae8bc100,240
721fee1b4980,721fd3d70880,234
721fee1b4980,721fec712f80,236
721fee1b4980,721fcded6a40,232
721fee1b4980,721ffc081480,238
721fee1b4980,721fb4acfc40,236
721fee1b4980,721fd623f9c0,238
721fee1b4980,721fcb708c40,232
721fee1b4980,72200d281000,234
721fee1b4980,721fa0b28380,236
721fee1b4980,721ff60706c0,230
721fee1b4980,721fbf744a80,232
721fee1b4980,721ff829f000,232
721fee1b4980,721fcd328640,232
721fee1b4980,721fa326aac0,232
721fee1b4980,721fe6735ec0,232
721fee1b4980,721fc0ea9bc0,238
721fee1b4980,721fbe278c40,240
721fee1b4980,721f97ef9640,230
721fee1b4980,721f94390480,242
721fee1b4980,721fd0c990c0,236
721fee1b4980,721f96e97640,240
721fee1b4980,721faccb7f40,242
721fee1b4980,721f96156f40,362
721fe8f23900,721f924c8980,230
721fe8f23900,721fffa47880,234
721fe8f23900,721fc57e29c0,234
721fe8f23900,721fae8bc100,232
721fe8f23900,721fd3d70880,232
721fe8f23900,721fec712f80,234
721fe8f23900,721fcded6a40,232
721fe8f23900,721ffc081480,234
721fe8f23900,721fb4acfc40,234
721fe8f23900,721fd623f9c0,230
721fe8f23900,721fcb708c40,232
721fe8f23900,72200d281000,234
721fe8f23900,721fa0b28380,232
721fe8f23900,721ff60706c0,234
721fe8f23900,721fbf744a80,232
721fe8f23900,721ff829f000,230
721fe8f23900,721fcd328640,232
721fe8f23900,721fa326aac0,230
721fe8f23900,721fe6735ec0,232
721fe8f23900,721fc0ea9bc0,232
721fe8f23900,721fbe278c40,232
721fe8f23900,721f97ef9640,230
721fe8f23900,721f94390480,234
721fe8f23900,721fd0c990c0,234
721fe8f23900,721f96e97640,232
721fe8f23900,721faccb7f40,234
721fe8f23900,721f96156f40,232
721fe8f23900,721fcc4c3180,232
721fe8f23900,721fd27e6840,232
721fe8f23900,721fae018dc0,232
721fe8f23900,721fca6ddc40,360
721fa1f8c1c0,721f924c8980,230
721fa1f8c1c0,721fffa47880,240
721fa1f8c1c0,721fc57e29c0,236
721fa1f8c1c0,721fae8bc100,234
721fa1f8c1c0,721fd3d70880,234
721fa1f8c1c0,721fec712f80,236
721fa1f8c1c0,721fcded6a40,232
721fa1f8c1c0,721ffc081480,364
721fa24f50c0,721f924c8980,230
721fa24f50c0,721fffa47880,234
721fa24f50c0,721fc57e29c0,236
721fa24f50c0,721fae8bc100,238
721fa24f50c0,721fd3d70880,234
721fa24f50c0,721fec712f80,234
721fa24f50c0,721fcded6a40,228
721fa24f50c0,721ffc081480,236
721fa24f50c0,721fb4acfc40,232
721fa24f50c0,721fd623f9c0,238
721fa24f50c0,721fcb708c40,230
721fa24f50c0,72200d281000,236
721fa24f50c0,721fa0b28380,236
721fa24f50c0,721ff60706c0,232
721fa24f50c0,721fbf744a80,232
721fa24f50c0,721ff829f000,232
721fa24f50c0,721fcd328640,230
721fa24f50c0,721fa326aac0,232
721fa24f50c0,721fe6735ec0,356
721fd87ab300,721f924c8980,232
721fd87ab300,721fffa47880,236
721fd87ab300,721fc57e29c0,234
721fd87ab300,721fae8bc100,240
721fd87ab300,721fd3d70880,236
721fd87ab300,721fec712f80,234
721fd87ab300,721fcded6a40,228
721fd87ab300,721ffc081480,240
721fd87ab300,721fb4acfc40,360
722002e30640,721f924c8980,232
722002e30640,721fffa47880,242
722002e30640,721fc57e29c0,236
722002e30640,721fae8bc100,238
722002e30640,721fd3d70880,234
722002e30640,721fec712f80,236
722002e30640,721fcded6a40,232
722002e30640,721ffc081480,238
722002e30640,721fb4acfc40,236
722002e30640,721fd623f9c0,238
722002e30640,721fcb708c40,232
722002e30640,72200d281000,234
722002e30640,721fa0b28380,234
722002e30640,721ff60706c0,230
722002e30640,721fbf744a80,232
722002e30640,721ff829f000,228
722002e30640,721fcd328640,234
722002e30640,721fa326aac0,230
722002e30640,721fe6735ec0,232
722002e30640,721fc0ea9bc0,238
722002e30640,721fbe278c40,240
722002e30640,721f97ef9640,356
72200db83300,721f924c8980,228
72200db83300,721fffa47880,240
72200db83300,721fc57e29c0,236
72200db83300,721fae8bc100,238
72200db83300,721fd3d70880,236
72200db83300,721fec712f80,236
72200db83300,721fcded6a40,232
72200db83300,721ffc081480,238
72200db83300,721fb4acfc40,236
72200db83300,721fd623f9c0,366
721feb160ec0,721f924c8980,358
721ff3bb6380,721f924c8980,232
721ff3bb6380,721fffa47880,238
721ff3bb6380,721fc57e29c0,236
721ff3bb6380,721fae8bc100,236
721ff3bb6380,721fd3d70880,234
721ff3bb6380,721fec712f80,236
721ff3bb6380,721fcded6a40,232
721ff3bb6380,721ffc081480,236
721ff3bb6380,721fb4acfc40,236
721ff3bb6380,721fd623f9c0,234
721ff3bb6380,721fcb708c40,232
721ff3bb6380,72200d281000,234
721ff3bb6380,721fa0b28380,234
721ff3bb6380,721ff60706c0,230
721ff3bb6380,721fbf744a80,232
721ff3bb6380,721ff829f000,228
721ff3bb6380,721fcd328640,232
721ff3bb6380,721fa326aac0,230
721ff3bb6380,721fe6735ec0,232
721ff3bb6380,721fc0ea9bc0,236
721ff3bb6380,721fbe278c40,236
721ff3bb6380,721f97ef9640,232
721ff3bb6380,721f94390480,238
721ff3bb6380,721fd0c990c0,236
721ff3bb6380,721f96e97640,238
721ff3bb6380,721faccb7f40,236
721ff3bb6380,721f96156f40,234
721ff3bb6380,721fcc4c3180,362
721fefa1cd40,721f924c8980,358
721fe416d480,721f924c8980,232
721fe416d480,721fffa47880,238
721fe416d480,721fc57e29c0,360
721fdf6051c0,721f924c8980,232
721fdf6051c0,721fffa47880,240
721fdf6051c0,721fc57e29c0,236
721fdf6051c0,721fae8bc100,240
721fdf6051c0,721fd3d70880,232
721fdf6051c0,721fec712f80,236
721fdf6051c0,721fcded6a40,232
721fdf6051c0,721ffc081480,238
721fdf6051c0,721fb4acfc40,236
721fdf6051c0,721fd623f9c0,238
721fdf6051c0,721fcb708c40,232
721fdf6051c0,72200d281000,232
721fdf6051c0,721fa0b28380,234
721fdf6051c0,721ff60706c0,232
721fdf6051c0,721fbf744a80,232
721fdf6051c0,721ff829f000,228
721fdf6051c0,721fcd328640,232
721fdf6051c0,721fa326aac0,230
721fdf6051c0,721fe6735ec0,232
721fdf6051c0,721fc0ea9bc0,238
721fdf6051c0,721fbe278c40,240
721fdf6051c0,721f97ef9640,232
721fdf6051c0,721f94390480,242
721fdf6051c0,721fd0c990c0,236
721fdf6051c0,721f96e97640,244
721fdf6051c0,721faccb7f40,240
721fdf6051c0,721f96156f40,234
721fdf6051c0,721fcc4c3180,362
721fb38490c0,721f924c8980,232
721fb38490c0,721fffa47880,240
721fb38490c0,721fc57e29c0,236
721fb38490c0,721fae8bc100,236
721fb38490c0,721fd3d70880,232
721fb38490c0,721fec712f80,236
721fb38490c0,721fcded6a40,232
721fb38490c0,721ffc081480,236
721fb38490c0,721fb4acfc40,236
721fb38490c0,721fd623f9c0,236
721fb38490c0,721fcb708c40,232
721fb38490c0,72200d281000,234
721fb38490c0,721fa0b28380,234
721fb38490c0,721ff60706c0,230
721fb38490c0,721fbf744a80,232
721fb38490c0,721ff829f000,228
721fb38490c0,721fcd328640,232
721fb38490c0,721fa326aac0,228
721fb38490c0,721fe6735ec0,232
721fb38490c0,721fc0ea9bc0,238
721fb38490c0,721fbe278c40,236
721fb38490c0,721f97ef9640,358
721fa616ad00,721f924c8980,232
721fa616ad00,721fffa47880,242
721fa616ad00,721fc57e29c0,234
721fa616ad00,721fae8bc100,242
721fa616ad00,721fd3d70880,236
721fa616ad00,721fec712f80,234
721fa616ad00,721fcded6a40,230
721fa616ad00,721ffc081480,242
721fa616ad00,721fb4acfc40,234
721fa616ad00,721fd623f9c0,240
721fa616ad00,721fcb708c40,230
721fa616ad00,72200d281000,236
721fa616ad00,721fa0b28380,236
721fa616ad00,721ff60706c0,234
721fa616ad00,721fbf744a80,230
721fa616ad00,721ff829f000,232
721fa616ad00,721fcd328640,358
721f96db1240,721f924c8980,228
721f96db1240,721fffa47880,240
721f96db1240,721fc57e29c0,236
721f96db1240,721fae8bc100,364
721fdef03600,721f924c8980,228
721fdef03600,721fffa47880,234
721fdef03600,721fc57e29c0,234
721fdef03600,721fae8bc100,232
721fdef03600,721fd3d70880,232
721fdef03600,721fec712f80,234
721fdef03600,721fcded6a40,232
721fdef03600,721ffc081480,234
721fdef03600,721fb4acfc40,234
721fdef03600,721fd623f9c0,230
721fdef03600,721fcb708c40,232
721fdef03600,72200d281000,234
721fdef03600,721fa0b28380,232
721fdef03600,721ff60706c0,232
721fdef03600,721fbf744a80,232
721fdef03600,721ff829f000,228
721fdef03600,721fcd328640,232
721fdef03600,721fa326aac0,230
721fdef03600,721fe6735ec0,232
721fdef03600,721fc0ea9bc0,232
721fdef03600,721fbe278c40,230
721fdef03600,721f97ef9640,230
721fdef03600,721f94390480,234
721fdef03600,721fd0c990c0,232
721fdef03600,721f96e97640,230
721fdef03600,721faccb7f40,232
721fdef03600,721f96156f40,230
721fdef03600,721fcc4c3180,232
721fdef03600,721fd27e6840,232
721fdef03600,721fae018dc0,232
721fdef03600,721fca6ddc40,358
721f9ed34f00,721f924c8980,232
721f9ed34f00,721fffa47880,234
721f9ed34f00,721fc57e29c0,232
721f9ed34f00,721fae8bc100,234
721f9ed34f00,721fd3d70880,236
721f9ed34f00,721fec712f80,232
721f9ed34f00,721fcded6a40,230
721f9ed34f00,721ffc081480,234
721f9ed34f00,721fb4acfc40,232
721f9ed34f00,721fd623f9c0,234
721f9ed34f00,721fcb708c40,230
721f9ed34f00,72200d281000,234
721f9ed34f00,721fa0b28380,236
721f9ed34f00,721ff60706c0,232
721f9ed34f00,721fbf744a80,230
721f9ed34f00,721ff829f000,232
721f9ed34f00,721fcd328640,234
721f9ed34f00,721fa326aac0,232
721f9ed34f00,721fe6735ec0,230
721f9ed34f00,721fc0ea9bc0,230
721f9ed34f00,721fbe278c40,234
721f9ed34f00,721f97ef9640,232
721f9ed34f00,721f94390480,234
721f9ed34f00,721fd0c990c0,232
721f9ed34f00,721f96e97640,234
721f9ed34f00,721faccb7f40,232
721f9ed34f00,721f96156f40,234
721f9ed34f00,721fcc4c3180,236
721f9ed34f00,721fd27e6840,356
722004953840,721f924c8980,232
722004953840,721fffa47880,240
722004953840,721fc57e29c0,236
722004953840,721fae8bc100,240
722004953840,721fd3d70880,234
722004953840,721fec712f80,236
722004953840,721fcded6a40,232
722004953840,721ffc081480,238
722004953840,721fb4acfc40,236
722004953840,721fd623f9c0,238
722004953840,721fcb708c40,232
722004953840,72200d281000,234
722004953840,721fa0b28380,234
722004953840,721ff60706c0,230
722004953840,721fbf744a80,232
722004953840,721ff829f000,230
722004953840,721fcd328640,234
722004953840,721fa326aac0,230
722004953840,721fe6735ec0,232
722004953840,721fc0ea9bc0,238
722004953840,721fbe278c40,240
722004953840,721f97ef9640,232
722004953840,721f94390480,242
722004953840,721fd0c990c0,236
722004953840,721f96e97640,242
722004953840,721faccb7f40,240
722004953840,721f96156f40,234
722004953840,721fcc4c3180,360
721ff9d61980,721f924c8980,232
721ff9d61980,721fffa47880,242
721ff9d61980,721fc57e29c0,236
721ff9d61980,721fae8bc100,240
721ff9d61980,721fd3d70880,236
721ff9d61980,721fec712f80,236
721ff9d61980,721fcded6a40,232
721ff9d61980,721ffc081480,238
721ff9d61980,721fb4acfc40,236
721ff9d61980,721fd623f9c0,238
721ff9d61980,721fcb708c40,232
721ff9d61980,72200d281000,236
721ff9d61980,721fa0b28380,236
721ff9d61980,721ff60706c0,230
721ff9d61980,721fbf744a80,232
721ff9d61980,721ff829f000,228
721ff9d61980,721fcd328640,232
721ff9d61980,721fa326aac0,228
721ff9d61980,721fe6735ec0,232
721ff9d61980,721fc0ea9bc0,238
721ff9d61980,721fbe278c40,240
721ff9d61980,721f97ef9640,356
721f8f79e9c0,721f924c8980,232
721f8f79e9c0,721fffa47880,236
721f8f79e9c0,721fc57e29c0,234
721f8f79e9c0,721fae8bc100,238
721f8f79e9c0,721fd3d70880,236
721f8f79e9c0,721fec712f80,236
721f8f79e9c0,721fcded6a40,232
721f8f79e9c0,721ffc081480,240
721f8f79e9c0,721fb4acfc40,234
721f8f79e9c0,721fd623f9c0,240
721f8f79e9c0,721fcb708c40,230
721f8f79e9c0,72200d281000,236
721f8f79e9c0,721fa0b28380,236
721f8f79e9c0,721ff60706c0,232
721f8f79e9c0,721fbf744a80,230
721f8f79e9c0,721ff829f000,232
721f8f79e9c0,721fcd328640,230
721f8f79e9c0,721fa326aac0,232
721f8f79e9c0,721fe6735ec0,230
721f8f79e9c0,721fc0ea9bc0,234
721f8f79e9c0,721fbe278c40,240
721f8f79e9c0,721f97ef9640,232
721f8f79e9c0,721f94390480,236
721f8f79e9c0,721fd0c990c0,362
721fac2def80,721f924c8980,232
721fac2def80,721fffa47880,240
721fac2def80,721fc57e29c0,236
721fac2def80,721fae8bc100,238
721fac2def80,721fd3d70880,234
721fac2def80,721fec712f80,236
721fac2def80,721fcded6a40,232
721fac2def80,721ffc081480,238
721fac2def80,721fb4acfc40,236
721fac2def80,721fd623f9c0,236
721fac2def80,721fcb708c40,232
721fac2def80,72200d281000,234
721fac2def80,721fa0b28380,234
721fac2def80,721ff60706c0,230
721fac2def80,721fbf744a80,232
721fac2def80,721ff829f000,228
721fac2def80,721fcd328640,232
721fac2def80,721fa326aac0,230
721fac2def80,721fe6735ec0,232
721fac2def80,721fc0ea9bc0,238
721fac2def80,721fbe278c40,236
721fac2def80,721f97ef9640,232
721fac2def80,721f94390480,240
721fac2def80,721fd0c990c0,236
721fac2def80,721f96e97640,238
721fac2def80,721faccb7f40,240
721fac2def80,721f96156f40,234
721fac2def80,721fcc4c3180,362
721fd9877ec0,721f924c8980,232
721fd9877ec0,721fffa47880,240
721fd9877ec0,721fc57e29c0,234
721fd9877ec0,721fae8bc100,242
721fd9877ec0,721fd3d70880,236
721fd9877ec0,721fec712f80,234
721fd9877ec0,721fcded6a40,230
721fd9877ec0,721ffc081480,240
721fd9877ec0,721fb4acfc40,234
721fd9877ec0,721fd623f9c0,242
721fd9877ec0,721fcb708c40,230
721fd9877ec0,72200d281000,236
721fd9877ec0,721fa0b28380,236
721fd9877ec0,721ff60706c0,232
721fd9877ec0,721fbf744a80,232
721fd9877ec0,721ff829f000,232
721fd9877ec0,721fcd328640,234
721fd9877ec0,721fa326aac0,232
721fd9877ec0,721fe6735ec0,230
721fd9877ec0,721fc0ea9bc0,236
721fd9877ec0,721fbe278c40,242
721fd9877ec0,721f97ef9640,232
721fd9877ec0,721f94390480,240
721fd9877ec0,721fd0c990c0,234
721fd9877ec0,721f96e97640,242
721fd9877ec0,721faccb7f40,238
721fd9877ec0,721f96156f40,236
721fd9877ec0,721fcc4c3180,236
721fd9877ec0,721fd27e6840,358
721f98850640,721f924c8980,232
721f98850640,721fffa47880,238
721f98850640,721fc57e29c0,362
72200474cb40,721f924c8980,232
72200474cb40,721fffa47880,240
72200474cb40,721fc57e29c0,234
72200474cb40,721fae8bc100,242
72200474cb40,721fd3d70880,236
72200474cb40,721fec712f80,232
72200474cb40,721fcded6a40,230
72200474cb40,721ffc081480,242
72200474cb40,721fb4acfc40,236
72200474cb40,721fd623f9c0,242
72200474cb40,721fcb708c40,232
72200474cb40,72200d281000,236
72200474cb40,721fa0b28380,236
72200474cb40,721ff60706c0,234
72200474cb40,721fbf744a80,232
72200474cb40,721ff829f000,232
72200474cb40,721fcd328640,232
72200474cb40,721fa326aac0,232
72200474cb40,721fe6735ec0,230
72200474cb40,721fc0ea9bc0,364
721f9b5ba500,721f924c8980,232
721f9b5ba500,721fffa47880,232
721f9b5ba500,721fc57e29c0,232
721f9b5ba500,721fae8bc100,234
721f9b5ba500,721fd3d70880,234
721f9b5ba500,721fec712f80,360
721f9f26f6c0,721f924c8980,230
721f9f26f6c0,721fffa47880,236
721f9f26f6c0,721fc57e29c0,232
721f9f26f6c0,721fae8bc100,238
721f9f26f6c0,721fd3d70880,234
721f9f26f6c0,721fec712f80,232
721f9f26f6c0,721fcded6a40,230
721f9f26f6c0,721ffc081480,236
721f9f26f6c0,721fb4acfc40,232
721f9f26f6c0,721fd623f9c0,238
721f9f26f6c0,721fcb708c40,230
721f9f26f6c0,72200d281000,234
721f9f26f6c0,721fa0b28380,234
721f9f26f6c0,721ff60706c0,232
721f9f26f6c0,721fbf744a80,230
721f9f26f6c0,721ff829f000,232
721f9f26f6c0,721fcd328640,358
72200ed91000,721f924c8980,232
72200ed91000,721fffa47880,230
72200ed91000,721fc57e29c0,230
72200ed91000,721fae8bc100,234
72200ed91000,721fd3d70880,234
72200ed91000,721fec712f80,232
72200ed91000,721fcded6a40,230
72200ed91000,721ffc081480,234
72200ed91000,721fb4acfc40,232
72200ed91000,721fd623f9c0,232
72200ed91000,721fcb708c40,232
72200ed91000,72200d281000,234
72200ed91000,721fa0b28380,234
72200ed91000,721ff60706c0,232
72200ed91000,721fbf744a80,230
72200ed91000,721ff829f000,232
72200ed91000,721fcd328640,230
72200ed91000,721fa326aac0,232
72200ed91000,721fe6735ec0,230
72200ed91000,721fc0ea9bc0,232
72200ed91000,721fbe278c40,234
72200ed91000,721f97ef9640,232
72200ed91000,721f94390480,232
72200ed91000,721fd0c990c0,230
72200ed91000,721f96e97640,232
72200ed91000,721faccb7f40,230
72200ed91000,721f96156f40,234
72200ed91000,721fcc4c3180,234
72200ed91000,721fd27e6840,230
72200ed91000,721fae018dc0,230
72200ed91000,721fca6ddc40,232
72200ed91000,721fd9682240,358
721fb09605c0,721f924c8980,232
721fb09605c0,721fffa47880,240
721fb09605c0,721fc57e29c0,234
721fb09605c0,721fae8bc100,242
721fb09605c0,721fd3d70880,236
721fb09605c0,721fec712f80,234
721fb09605c0,721fcded6a40,230
721fb09605c0,721ffc081480,240
721fb09605c0,721fb4acfc40,234
721fb09605c0,721fd623f9c0,242
721fb09605c0,721fcb708c40,230
721fb09605c0,72200d281000,236
721fb09605c0,721fa0b28380,236
721fb09605c0,721ff60706c0,234
721fb09605c0,721fbf744a80,230
721fb09605c0,721ff829f000,232
721fb09605c0,721fcd328640,234
721fb09605c0,721fa326aac0,232
721fb09605c0,721fe6735ec0,230
721fb09605c0,721fc0ea9bc0,236
721fb09605c0,721fbe278c40,242
721fb09605c0,721f97ef9640,232
721fb09605c0,721f94390480,240
721fb09605c0,721fd0c990c0,234
721fb09605c0,721f96e97640,242
721fb09605c0,721faccb7f40,238
721fb09605c0,721f96156f40,236
721fb09605c0,721fcc4c3180,236
721fb09605c0,721fd27e6840,358
72200b8742c0,721f924c8980,232
72200b8742c0,721fffa47880,230
72200b8742c0,721fc57e29c0,230
72200b8742c0,721fae8bc100,232
72200b8742c0,721fd3d70880,232
72200b8742c0,721fec712f80,232
72200b8742c0,721fcded6a40,356
721ff0ba54c0,721f924c8980,228
721ff0ba54c0,721fffa47880,242
721ff0ba54c0,721fc57e29c0,236
721ff0ba54c0,721fae8bc100,244
721ff0ba54c0,721fd3d70880,236
721ff0ba54c0,721fec712f80,236
721ff0ba54c0,721fcded6a40,232
721ff0ba54c0,721ffc081480,238
721ff0ba54c0,721fb4acfc40,236
721ff0ba54c0,721fd623f9c0,242
721ff0ba54c0,721fcb708c40,232
721ff0ba54c0,72200d281000,232
721ff0ba54c0,721fa0b28380,232
721ff0ba54c0,721ff60706c0,232
721ff0ba54c0,721fbf744a80,232
721ff0ba54c0,721ff829f000,228
721ff0ba54c0,721fcd328640,234
721ff0ba54c0,721fa326aac0,230
721ff0ba54c0,721fe6735ec0,232
721ff0ba54c0,721fc0ea9bc0,238
721ff0ba54c0,721fbe278c40,368
721f8fd999c0,721f924c8980,232
721f8fd999c0,721fffa47880,240
721f8fd999c0,721fc57e29c0,236
721f8fd999c0,721fae8bc100,236
721f8fd999c0,721fd3d70880,234
721f8fd999c0,721fec712f80,236
721f8fd999c0,721fcded6a40,232
721f8fd999c0,721ffc081480,236
721f8fd999c0,721fb4acfc40,236
721f8fd999c0,721fd623f9c0,236
721f8fd999c0,721fcb708c40,232
721f8fd999c0,72200d281000,234
721f8fd999c0,721fa0b28380,234
721f8fd999c0,721ff60706c0,230
721f8fd999c0,721fbf744a80,232
721f8fd999c0,721ff829f000,228
721f8fd999c0,721fcd328640,232
721f8fd999c0,721fa326aac0,230
721f8fd999c0,721fe6735ec0,232
721f8fd999c0,721fc0ea9bc0,238
721f8fd999c0,721fbe278c40,236
721f8fd999c0,721f97ef9640,358
721feac28c40,721f924c8980,232
721feac28c40,721fffa47880,238
721feac28c40,721fc57e29c0,234
721feac28c40,721fae8bc100,242
721feac28c40,721fd3d70880,236
721feac28c40,721fec712f80,236
721feac28c40,721fcded6a40,358
721fcacc8dc0,721f924c8980,232
721fcacc8dc0,721fffa47880,232
721fcacc8dc0,721fc57e29c0,232
721fcacc8dc0,721fae8bc100,234
721fcacc8dc0,721fd3d70880,236
721fcacc8dc0,721fec712f80,232
721fcacc8dc0,721fcded6a40,230
721fcacc8dc0,721ffc081480,234
721fcacc8dc0,721fb4acfc40,232
721fcacc8dc0,721fd623f9c0,234
721fcacc8dc0,721fcb708c40,230
721fcacc8dc0,72200d281000,234
721fcacc8dc0,721fa0b28380,234
721fcacc8dc0,721ff60706c0,232
721fcacc8dc0,721fbf744a80,232
721fcacc8dc0,721ff829f000,232
721fcacc8dc0,721fcd328640,360
721fa2f25b80,721f924c8980,232
721fa2f25b80,721fffa47880,232
721fa2f25b80,721fc57e29c0,234
721fa2f25b80,721fae8bc100,234
721fa2f25b80,721fd3d70880,236
721fa2f25b80,721fec712f80,232
721fa2f25b80,721fcded6a40,230
721fa2f25b80,721ffc081480,234
721fa2f25b80,721fb4acfc40,232
721fa2f25b80,721fd623f9c0,232
721fa2f25b80,721fcb708c40,230
721fa2f25b80,72200d281000,234
721fa2f25b80,721fa0b28380,234
721fa2f25b80,721ff60706c0,232
721fa2f25b80,721fbf744a80,234
721fa2f25b80,721ff829f000,232
721fa2f25b80,721fcd328640,232
721fa2f25b80,721fa326aac0,232
721fa2f25b80,721fe6735ec0,232
721fa2f25b80,721fc0ea9bc0,230
721fa2f25b80,721fbe278c40,234
721fa2f25b80,721f97ef9640,232
721fa2f25b80,721f94390480,232
721fa2f25b80,721fd0c990c0,232
721fa2f25b80,721f96e97640,234
721fa2f25b80,721faccb7f40,230
721fa2f25b80,721f96156f40,234
721fa2f25b80,721fcc4c3180,234
721fa2f25b80,721fd27e6840,230
721fa2f25b80,721fae018dc0,358
721ffe31dd40,721f924c8980,230
721ffe31dd40,721fffa47880,240
721ffe31dd40,721fc57e29c0,236
721ffe31dd40,721fae8bc100,240
721ffe31dd40,721fd3d70880,234
721ffe31dd40,721fec712f80,236
721ffe31dd40,721fcded6a40,232
721ffe31dd40,721ffc081480,238
721ffe31dd40,721fb4acfc40,236
721ffe31dd40,721fd623f9c0,238
721ffe31dd40,721fcb708c40,234
721ffe31dd40,72200d281000,234
721ffe31dd40,721fa0b28380,362
721f94674100,721f924c8980,232
721f94674100,721fffa47880,230
721f94674100,721fc57e29c0,230
721f94674100,721fae8bc100,234
721f94674100,721fd3d70880,234
721f94674100,721fec712f80,232
721f94674100,721fcded6a40,230
721f94674100,721ffc081480,234
721f94674100,721fb4acfc40,232
721f94674100,721fd623f9c0,232
721f94674100,721fcb708c40,358
721f96f56200,721f924c8980,232
721f96f56200,721fffa47880,232
721f96f56200,721fc57e29c0,232
721f96f56200,721fae8bc100,234
721f96f56200,721fd3d70880,236
721f96f56200,721fec712f80,236
721f96f56200,721fcded6a40,232
721f96f56200,721ffc081480,234
721f96f56200,721fb4acfc40,232
721f96f56200,721fd623f9c0,232
721f96f56200,721fcb708c40,230
721f96f56200,72200d281000,234
721f96f56200,721fa0b28380,236
721f96f56200,721ff60706c0,232
721f96f56200,721fbf744a80,232
721f96f56200,721ff829f000,232
721f96f56200,721fcd328640,232
721f96f56200,721fa326aac0,232
721f96f56200,721fe6735ec0,230
721f96f56200,721fc0ea9bc0,230
721f96f56200,721fbe278c40,234
721f96f56200,721f97ef9640,232
721f96f56200,721f94390480,232
721f96f56200,721fd0c990c0,234
721f96f56200,721f96e97640,234
721f96f56200,721faccb7f40,358
721ffd0a1040,721f924c8980,232
721ffd0a1040,721fffa47880,366
721ff09d5000,721f924c8980,232
721ff09d5000,721fffa47880,236
721ff09d5000,721fc57e29c0,234
721ff09d5000,721fae8bc100,240
721ff09d5000,721fd3d70880,236
721ff09d5000,721fec712f80,236
721ff09d5000,721fcded6a40,358
721ffbd0c580,721f924c8980,232
721ffbd0c580,721fffa47880,238
721ffbd0c580,721fc57e29c0,234
721ffbd0c580,721fae8bc100,238
721ffbd0c580,721fd3d70880,236
721ffbd0c580,721fec712f80,234
721ffbd0c580,721fcded6a40,228
721ffbd0c580,721ffc081480,238
721ffbd0c580,721fb4acfc40,234
721ffbd0c580,721fd623f9c0,236
721ffbd0c580,721fcb708c40,230
721ffbd0c580,72200d281000,236
721ffbd0c580,721fa0b28380,236
721ffbd0c580,721ff60706c0,232
721ffbd0c580,721fbf744a80,230
721ffbd0c580,721ff829f000,232
721ffbd0c580,721fcd328640,358
721fddcbdd80,721f924c8980,230
721fddcbdd80,721fffa47880,234
721fddcbdd80,721fc57e29c0,234
721fddcbdd80,721fae8bc100,232
721fddcbdd80,721fd3d70880,232
721fddcbdd80,721fec712f80,234
721fddcbdd80,721fcded6a40,232
721fddcbdd80,721ffc081480,234
721fddcbdd80,721fb4acfc40,234
721fddcbdd80,721fd623f9c0,230
721fddcbdd80,721fcb708c40,232
721fddcbdd80,72200d281000,236
721fddcbdd80,721fa0b28380,232
721fddcbdd80,721ff60706c0,234
721fddcbdd80,721fbf744a80,232
721fddcbdd80,721ff829f000,230
721fddcbdd80,721fcd328640,232
721fddcbdd80,721fa326aac0,230
721fddcbdd80,721fe6735ec0,232
721fddcbdd80,721fc0ea9bc0,234
721fddcbdd80,721fbe278c40,232
721fddcbdd80,721f97ef9640,230
721fddcbdd80,721f94390480,234
721fddcbdd80,721fd0c990c0,234
721fddcbdd80,721f96e97640,232
721fddcbdd80,721faccb7f40,232
721fddcbdd80,721f96156f40,232
721fddcbdd80,721fcc4c3180,232
721fddcbdd80,721fd27e6840,232
721fddcbdd80,721fae018dc0,232
721fddcbdd80,721fca6ddc40,360
721fc5d42480,721f924c8980,232
721fc5d42480,721fffa47880,240
721fc5d42480,721fc57e29c0,234
721fc5d42480,721fae8bc100,242
721fc5d42480,721fd3d70880,236
721fc5d42480,721fec712f80,234
721fc5d42480,721fcded6a40,230
721fc5d42480,721ffc081480,242
721fc5d42480,721fb4acfc40,362
721fcc511780,721f924c8980,232
721fcc511780,721fffa47880,238
721fcc511780,721fc57e29c0,234
721fcc511780,721fae8bc100,242
721fcc511780,721fd3d70880,236
721fcc511780,721fec712f80,236
721fcc511780,721fcded6a40,232
721fcc511780,721ffc081480,242
721fcc511780,721fb4acfc40,234
721fcc511780,721fd623f9c0,242
721fcc511780,721fcb708c40,230
721fcc511780,72200d281000,236
721fcc511780,721fa0b28380,236
721fcc511780,721ff60706c0,232
721fcc511780,721fbf744a80,230
721fcc511780,721ff829f000,232
721fcc511780,721fcd328640,230
721fcc511780,721fa326aac0,232
721fcc511780,721fe6735ec0,228
721fcc511780,721fc0ea9bc0,234
721fcc511780,721fbe278c40,242
721fcc511780,721f97ef9640,232
721fcc511780,721f94390480,238
721fcc511780,721fd0c990c0,236
721fcc511780,721f96e97640,244
721fcc511780,721faccb7f40,366
722002706e80,721f924c8980,228
722002706e80,721fffa47880,240
722002706e80,721fc57e29c0,236
722002706e80,721fae8bc100,238
722002706e80,721fd3d70880,234
722002706e80,721fec712f80,236
722002706e80,721fcded6a40,232
722002706e80,721ffc081480,240
722002706e80,721fb4acfc40,236
722002706e80,721fd623f9c0,238
722002706e80,721fcb708c40,232
722002706e80,72200d281000,362
721fdd0ad1c0,721f924c8980,230
721fdd0ad1c0,721fffa47880,232
721fdd0ad1c0,721fc57e29c0,234
721fdd0ad1c0,721fae8bc100,230
721fdd0ad1c0,721fd3d70880,232
721fdd0ad1c0,721fec712f80,234
721fdd0ad1c0,721fcded6a40,232
721fdd0ad1c0,721ffc081480,230
721fdd0ad1c0,721fb4acfc40,236
721fdd0ad1c0,721fd623f9c0,232
721fdd0ad1c0,721fcb708c40,232
721fdd0ad1c0,72200d281000,232
721fdd0ad1c0,721fa0b28380,234
721fdd0ad1c0,721ff60706c0,232
721fdd0ad1c0,721fbf744a80,232
721fdd0ad1c0,721ff829f000,232
721fdd0ad1c0,721fcd328640,232
721fdd0ad1c0,721fa326aac0,232
721fdd0ad1c0,721fe6735ec0,232
721fdd0ad1c0,721fc0ea9bc0,234
721fdd0ad1c0,721fbe278c40,232
721fdd0ad1c0,721f97ef9640,230
721fdd0ad1c0,721f94390480,232
721fdd0ad1c0,721fd0c990c0,234
721fdd0ad1c0,721f96e97640,232
721fdd0ad1c0,721faccb7f40,234
721fdd0ad1c0,721f96156f40,360
721fd44c29c0,721f924c8980,228
721fd44c29c0,721fffa47880,236
721fd44c29c0,721fc57e29c0,236
721fd44c29c0,721fae8bc100,238
721fd44c29c0,721fd3d70880,362
721fd280a4c0,721f924c8980,232
721fd280a4c0,721fffa47880,236
721fd280a4c0,721fc57e29c0,234
721fd280a4c0,721fae8bc100,240
721fd280a4c0,721fd3d70880,236
721fd280a4c0,721fec712f80,234
721fd280a4c0,721fcded6a40,228
721fd280a4c0,721ffc081480,240
721fd280a4c0,721fb4acfc40,236
721fd280a4c0,721fd623f9c0,240
721fd280a4c0,721fcb708c40,232
721fd280a4c0,72200d281000,236
721fd280a4c0,721fa0b28380,236
721fd280a4c0,721ff60706c0,232
721fd280a4c0,721fbf744a80,230
721fd280a4c0,721ff829f000,232
721fd280a4c0,721fcd328640,230
721fd280a4c0,721fa326aac0,232
721fd280a4c0,721fe6735ec0,228
721fd280a4c0,721fc0ea9bc0,362
721fecfe20c0,721f924c8980,230
721fecfe20c0,721fffa47880,232
721fecfe20c0,721fc57e29c0,234
721fecfe20c0,721fae8bc100,230
721fecfe20c0,721fd3d70880,230
721fecfe20c0,721fec712f80,232
721fecfe20c0,721fcded6a40,232
721fecfe20c0,721ffc081480,230
721fecfe20c0,721fb4acfc40,234
721fecfe20c0,721fd623f9c0,230
721fecfe20c0,721fcb708c40,232
721fecfe20c0,72200d281000,230
721fecfe20c0,721fa0b28380,232
721fecfe20c0,721ff60706c0,230
721fecfe20c0,721fbf744a80,232
721fecfe20c0,721ff829f000,356
721fca016240,721f924c8980,228
721fca016240,721fffa47880,236
721fca016240,721fc57e29c0,236
721fca016240,721fae8bc100,238
721fca016240,721fd3d70880,234
721fca016240,721fec712f80,236
721fca016240,721fcded6a40,232
721fca016240,721ffc081480,234
721fca016240,721fb4acfc40,236
721fca016240,721fd623f9c0,238
721fca016240,721fcb708c40,232
721fca016240,72200d281000,232
721fca016240,721fa0b28380,232
721fca016240,721ff60706c0,230
721fca016240,721fbf744a80,232
721fca016240,721ff829f000,228
721fca016240,721fcd328640,232
721fca016240,721fa326aac0,230
721fca016240,721fe6735ec0,232
721fca016240,721fc0ea9bc0,238
721fca016240,721fbe278c40,364
721fbd76be40,721f924c8980,228
721fbd76be40,721fffa47880,242
721fbd76be40,721fc57e29c0,236
721fbd76be40,721fae8bc100,240
721fbd76be40,721fd3d70880,234
721fbd76be40,721fec712f80,236
721fbd76be40,721fcded6a40,232
721fbd76be40,721ffc081480,240
721fbd76be40,721fb4acfc40,234
721fbd76be40,721fd623f9c0,238
721fbd76be40,721fcb708c40,234
721fbd76be40,72200d281000,238
721fbd76be40,721fa0b28380,234
721fbd76be40,721ff60706c0,232
721fbd76be40,721fbf744a80,232
721fbd76be40,721ff829f000,228
721fbd76be40,721fcd328640,234
721fbd76be40,721fa326aac0,230
721fbd76be40,721fe6735ec0,232
721fbd76be40,721fc0ea9bc0,238
721fbd76be40,721fbe278c40,240
721fbd76be40,721f97ef9640,230
721fbd76be40,721f94390480,238
721fbd76be40,721fd0c990c0,236
721fbd76be40,721f96e97640,240
721fbd76be40,721faccb7f40,242
721fbd76be40,721f96156f40,232
721fbd76be40,721fcc4c3180,234
721fbd76be40,721fd27e6840,232
721fbd76be40,721fae018dc0,232
721fbd76be40,721fca6ddc40,362
721fed980ac0,721f924c8980,232
721fed980ac0,721fffa47880,230
721fed980ac0,721fc57e29c0,230
721fed980ac0,721fae8bc100,234
721fed980ac0,721fd3d70880,232
721fed980ac0,721fec712f80,230
721fed980ac0,721fcded6a40,228
721fed980ac0,721ffc081480,232
721fed980ac0,721fb4acfc40,234
721fed980ac0,721fd623f9c0,232
721fed980ac0,721fcb708c40,358
721fe74f51c0,721f924c8980,232
721fe74f51c0,721fffa47880,238
721fe74f51c0,721fc57e29c0,234
721fe74f51c0,721fae8bc100,242
721fe74f51c0,721fd3d70880,236
721fe74f51c0,721fec712f80,236
721fe74f51c0,721fcded6a40,358
7220081e3d00,721f924c8980,228
7220081e3d00,721fffa47880,242
7220081e3d00,721fc57e29c0,236
7220081e3d00,721fae8bc100,368
721ff73d1100,721f924c8980,232
721ff73d1100,721fffa47880,242
721ff73d1100,721fc57e29c0,236
721ff73d1100,721fae8bc100,240
721ff73d1100,721fd3d70880,234
721ff73d1100,721fec712f80,236
721ff73d1100,721fcded6a40,232
721ff73d1100,721ffc081480,240
721ff73d1100,721fb4acfc40,236
721ff73d1100,721fd623f9c0,238
721ff73d1100,721fcb708c40,232
721ff73d1100,72200d281000,236
721ff73d1100,721fa0b28380,234
721ff73d1100,721ff60706c0,230
721ff73d1100,721fbf744a80,232
721ff73d1100,721ff829f000,230
721ff73d1100,721fcd328640,232
721ff73d1100,721fa326aac0,230
721ff73d1100,721fe6735ec0,232
721ff73d1100,721fc0ea9bc0,238
721ff73d1100,721fbe278c40,240
721ff73d1100,721f97ef9640,232
721ff73d1100,721f94390480,240
721ff73d1100,721fd0c990c0,236
721ff73d1100,721f96e97640,244
721ff73d1100,721faccb7f40,242
721ff73d1100,721f96156f40,234
721ff73d1100,721fcc4c3180,362
721fdce41d40,721f924c8980,232
721fdce41d40,721fffa47880,236
721fdce41d40,721fc57e29c0,234
721fdce41d40,721fae8bc100,236
721fdce41d40,721fd3d70880,234
721fdce41d40,721fec712f80,234
721fdce41d40,721fcded6a40,358
721f9499e200,721f924c8980,232
721f9499e200,721fffa47880,232
721f9499e200,721fc57e29c0,230
721f9499e200,721fae8bc100,232
721f9499e200,721fd3d70880,234
721f9499e200,721fec712f80,232
721f9499e200,721fcded6a40,230
721f9499e200,721ffc081480,234
721f9499e200,721fb4acfc40,232
721f9499e200,721fd623f9c0,232
721f9499e200,721fcb708c40,358
7220078407c0,721f924c8980,232
7220078407c0,721fffa47880,238
7220078407c0,721fc57e29c0,234
7220078407c0,721fae8bc100,242
7220078407c0,721fd3d70880,236
7220078407c0,721fec712f80,236
7220078407c0,721fcded6a40,232
7220078407c0,721ffc081480,242
7220078407c0,721fb4acfc40,234
7220078407c0,721fd623f9c0,240
7220078407c0,721fcb708c40,232
7220078407c0,72200d281000,236
7220078407c0,721fa0b28380,236
7220078407c0,721ff60706c0,234
7220078407c0,721fbf744a80,232
7220078407c0,721ff829f000,232
7220078407c0,721fcd328640,232
7220078407c0,721fa326aac0,232
7220078407c0,721fe6735ec0,230
7220078407c0,721fc0ea9bc0,236
7220078407c0,721fbe278c40,242
7220078407c0,721f97ef9640,232
7220078407c0,721f94390480,238
7220078407c0,721fd0c990c0,236
7220078407c0,721f96e97640,242
7220078407c0,721faccb7f40,366
721fdcdd2d40,721f924c8980,230
721fdcdd2d40,721fffa47880,234
721fdcdd2d40,721fc57e29c0,234
721fdcdd2d40,721fae8bc100,234
721fdcdd2d40,721fd3d70880,234
721fdcdd2d40,721fec712f80,234
721fdcdd2d40,721fcded6a40,232
721fdcdd2d40,721ffc081480,232
721fdcdd2d40,721fb4acfc40,234
721fdcdd2d40,721fd623f9c0,360
721fb64fe800,721f924c8980,228
721fb64fe800,721fffa47880,238
721fb64fe800,721fc57e29c0,236
721fb64fe800,721fae8bc100,236
721fb64fe800,721fd3d70880,234
721fb64fe800,721fec712f80,236
721fb64fe800,721fcded6a40,232
721fb64fe800,721ffc081480,238
721fb64fe800,721fb4acfc40,236
721fb64fe800,721fd623f9c0,234
721fb64fe800,721fcb708c40,232
721fb64fe800,72200d281000,362
7220042b4a80,721f924c8980,228
7220042b4a80,721fffa47880,238
7220042b4a80,721fc57e29c0,236
7220042b4a80,721fae8bc100,236
7220042b4a80,721fd3d70880,234
7220042b4a80,721fec712f80,236
7220042b4a80,721fcded6a40,232
7220042b4a80,721ffc081480,236
7220042b4a80,721fb4acfc40,236
7220042b4a80,721fd623f9c0,234
7220042b4a80,721fcb708c40,232
7220042b4a80,72200d281000,234
7220042b4a80,721fa0b28380,362
721fbeb78240,721f924c8980,358
721fb7498200,721f924c8980,230
721fb7498200,721fffa47880,234
721fb7498200,721fc57e29c0,232
721fb7498200,721fae8bc100,230
721fb7498200,721fd3d70880,230
721fb7498200,721fec712f80,234
721fb7498200,721fcded6a40,232
721fb7498200,721ffc081480,234
721fb7498200,721fb4acfc40,232
721fb7498200,721fd623f9c0,230
721fb7498200,721fcb708c40,232
721fb7498200,72200d281000,232
721fb7498200,721fa0b28380,232
721fb7498200,721ff60706c0,358
721fe00dd6c0,721f924c8980,232
721fe00dd6c0,721fffa47880,230
721fe00dd6c0,721fc57e29c0,234
721fe00dd6c0,721fae8bc100,232
721fe00dd6c0,721fd3d70880,232
721fe00dd6c0,721fec712f80,230
721fe00dd6c0,721fcded6a40,230
721fe00dd6c0,721ffc081480,232
721fe00dd6c0,721fb4acfc40,232
721fe00dd6c0,721fd623f9c0,234
721fe00dd6c0,721fcb708c40,230
721fe00dd6c0,72200d281000,232
721fe00dd6c0,721fa0b28380,232
721fe00dd6c0,721ff60706c0,232
721fe00dd6c0,721fbf744a80,232
721fe00dd6c0,721ff829f000,232
721fe00dd6c0,721fcd328640,230
721fe00dd6c0,721fa326aac0,232
721fe00dd6c0,721fe6735ec0,232
721fe00dd6c0,721fc0ea9bc0,230
721fe00dd6c0,721fbe278c40,234
721fe00dd6c0,721f97ef9640,232
721fe00dd6c0,721f94390480,230
721fe00dd6c0,721fd0c990c0,230
721fe00dd6c0,721f96e97640,234
721fe00dd6c0,721faccb7f40,230
721fe00dd6c0,721f96156f40,234
721fe00dd6c0,721fcc4c3180,232
721fe00dd6c0,721fd27e6840,228
721fe00dd6c0,721fae018dc0,356
721ffaa41000,721f924c8980,356
721fcb5bddc0,721f924c8980,232
721fcb5bddc0,721fffa47880,236
721fcb5bddc0,721fc57e29c0,236
721fcb5bddc0,721fae8bc100,238
721fcb5bddc0,721fd3d70880,236
721fcb5bddc0,721fec712f80,232
721fcb5bddc0,721fcded6a40,228
721fcb5bddc0,721ffc081480,240
721fcb5bddc0,721fb4acfc40,234
721fcb5bddc0,721fd623f9c0,240
721fcb5bddc0,721fcb708c40,230
721fcb5bddc0,72200d281000,236
721fcb5bddc0,721fa0b28380,236
721fcb5bddc0,721ff60706c0,232
721fcb5bddc0,721fbf744a80,358
721fcf5fb400,721f924c8980,232
721fcf5fb400,721fffa47880,234
721fcf5fb400,721fc57e29c0,232
721fcf5fb400,721fae8bc100,232
721fcf5fb400,721fd3d70880,232
721fcf5fb400,721fec712f80,234
721fcf5fb400,721fcded6a40,232
721fcf5fb400,721ffc081480,230
721fcf5fb400,721fb4acfc40,234
721fcf5fb400,721fd623f9c0,230
721fcf5fb400,721fcb708c40,232
721fcf5fb400,72200d281000,230
721fcf5fb400,721fa0b28380,232
721fcf5fb400,721ff60706c0,230
721fcf5fb400,721fbf744a80,232
721fcf5fb400,721ff829f000,228
721fcf5fb400,721fcd328640,232
721fcf5fb400,721fa326aac0,230
721fcf5fb400,721fe6735ec0,232
721fcf5fb400,721fc0ea9bc0,232
721fcf5fb400,721fbe278c40,230
721fcf5fb400,721f97ef9640,358
7220002b5140,721f924c8980,230
7220002b5140,721fffa47880,232
7220002b5140,721fc57e29c0,234
7220002b5140,721fae8bc100,232
7220002b5140,721fd3d70880,230
7220002b5140,721fec712f80,232
7220002b5140,721fcded6a40,232
7220002b5140,721ffc081480,230
7220002b5140,721fb4acfc40,234
7220002b5140,721fd623f9c0,230
7220002b5140,721fcb708c40,232
7220002b5140,72200d281000,230
7220002b5140,721fa0b28380,358
721fd3713fc0,721f924c8980,228
721fd3713fc0,721fffa47880,234
721fd3713fc0,721fc57e29c0,234
721fd3713fc0,721fae8bc100,230
721fd3713fc0,721fd3d70880,230
721fd3713fc0,721fec712f80,232
721fd3713fc0,721fcded6a40,232
721fd3713fc0,721ffc081480,230
721fd3713fc0,721fb4acfc40,234
721fd3713fc0,721fd623f9c0,230
721fd3713fc0,721fcb708c40,232
721fd3713fc0,72200d281000,230
721fd3713fc0,721fa0b28380,358
721fbd89c480,721f924c8980,356
721fe1e8a180,721f924c8980,232
721fe1e8a180,721fffa47880,240
721fe1e8a180,721fc57e29c0,234
721fe1e8a180,721fae8bc100,242
721fe1e8a180,721fd3d70880,236
721fe1e8a180,721fec712f80,362
721fc0620580,721f924c8980,232
721fc0620580,721fffa47880,232
721fc0620580,721fc57e29c0,232
721fc0620580,721fae8bc100,236
721fc0620580,721fd3d70880,234
721fc0620580,721fec712f80,232
721fc0620580,721fcded6a40,230
721fc0620580,721ffc081480,234
721fc0620580,721fb4acfc40,234
721fc0620580,721fd623f9c0,234
721fc0620580,721fcb708c40,234
721fc0620580,72200d281000,234
721fc0620580,721fa0b28380,234
721fc0620580,721ff60706c0,232
721fc0620580,721fbf744a80,232
721fc0620580,721ff829f000,232
721fc0620580,721fcd328640,232
721fc0620580,721fa326aac0,232
721fc0620580,721fe6735ec0,230
721fc0620580,721fc0ea9bc0,232
721fc0620580,721fbe278c40,232
721fc0620580,721f97ef9640,232
721fc0620580,721f94390480,232
721fc0620580,721fd0c990c0,232
721fc0620580,721f96e97640,234
721fc0620580,721faccb7f40,230
721fc0620580,721f96156f40,234
721fc0620580,721fcc4c3180,234
721fc0620580,721fd27e6840,230
721fc0620580,721fae018dc0,230
721fc0620580,721fca6ddc40,234
721fc0620580,721fd9682240,358
72200c75a240,721f924c8980,230
72200c75a240,721fffa47880,234
72200c75a240,721fc57e29c0,234
72200c75a240,721fae8bc100,232
72200c75a240,721fd3d70880,232
72200c75a240,721fec712f80,232
72200c75a240,721fcded6a40,232
72200c75a240,721ffc081480,230
72200c75a240,721fb4acfc40,234
72200c75a240,721fd623f9c0,234
72200c75a240,721fcb708c40,232
72200c75a240,72200d281000,230
72200c75a240,721fa0b28380,230
72200c75a240,721ff60706c0,230
72200c75a240,721fbf744a80,232
72200c75a240,721ff829f000,230
72200c75a240,721fcd328640,232
72200c75a240,721fa326aac0,230
72200c75a240,721fe6735ec0,232
72200c75a240,721fc0ea9bc0,234
72200c75a240,721fbe278c40,358
721f98dcc600,721f924c8980,228
721f98dcc600,721fffa47880,240
721f98dcc600,721fc57e29c0,236
721f98dcc600,721fae8bc100,240
721f98dcc600,721fd3d70880,234
721f98dcc600,721fec712f80,236
721f98dcc600,721fcded6a40,232
721f98dcc600,721ffc081480,242
721f98dcc600,721fb4acfc40,236
721f98dcc600,721fd623f9c0,238
721f98dcc600,721fcb708c40,232
721f98dcc600,72200d281000,236
721f98dcc600,721fa0b28380,234
721f98dcc600,721ff60706c0,358
721ffdd31d00,721f924c8980,228
721ffdd31d00,721fffa47880,238
721ffdd31d00,721fc57e29c0,236
721ffdd31d00,721fae8bc100,236
721ffdd31d00,721fd3d70880,234
721ffdd31d00,721fec712f80,236
721ffdd31d00,721fcded6a40,232
721ffdd31d00,721ffc081480,364
7220000610c0,721f924c8980,232
7220000610c0,721fffa47880,358
721fe7079800,721f924c8980,232
721fe7079800,721fffa47880,366
721fc33f46c0,721f924c8980,232
721fc33f46c0,721fffa47880,238
721fc33f46c0,721fc57e29c0,234
721fc33f46c0,721fae8bc100,242
721fc33f46c0,721fd3d70880,236
721fc33f46c0,721fec712f80,234
721fc33f46c0,721fcded6a40,230
721fc33f46c0,721ffc081480,240
721fc33f46c0,721fb4acfc40,236
721fc33f46c0,721fd623f9c0,242
721fc33f46c0,721fcb708c40,234
721fc33f46c0,72200d281000,236
721fc33f46c0,721fa0b28380,236
721fc33f46c0,721ff60706c0,234
721fc33f46c0,721fbf744a80,230
721fc33f46c0,721ff829f000,232
721fc33f46c0,721fcd328640,230
721fc33f46c0,721fa326aac0,232
721fc33f46c0,721fe6735ec0,230
721fc33f46c0,721fc0ea9bc0,362
721fc3a6b5c0,721f924c8980,232
721fc3a6b5c0,721fffa47880,232
721fc3a6b5c0,721fc57e29c0,232
721fc3a6b5c0,721fae8bc100,234
721fc3a6b5c0,721fd3d70880,234
721fc3a6b5c0,721fec712f80,232
721fc3a6b5c0,721fcded6a40,230
721fc3a6b5c0,721ffc081480,234
721fc3a6b5c0,721fb4acfc40,234
721fc3a6b5c0,721fd623f9c0,234
721fc3a6b5c0,721fcb708c40,234
721fc3a6b5c0,72200d281000,234
721fc3a6b5c0,721fa0b28380,234
721fc3a6b5c0,721ff60706c0,232
721fc3a6b5c0,721fbf744a80,232
721fc3a6b5c0,721ff829f000,232
721fc3a6b5c0,721fcd328640,232
721fc3a6b5c0,721fa326aac0,232
721fc3a6b5c0,721fe6735ec0,230
721fc3a6b5c0,721fc0ea9bc0,234
721fc3a6b5c0,721fbe278c40,234
721fc3a6b5c0,721f97ef9640,232
721fc3a6b5c0,721f94390480,232
721fc3a6b5c0,721fd0c990c0,232
721fc3a6b5c0,721f96e97640,234
721fc3a6b5c0,721faccb7f40,232
721fc3a6b5c0,721f96156f40,236
721fc3a6b5c0,721fcc4c3180,234
721fc3a6b5c0,721fd27e6840,230
721fc3a6b5c0,721fae018dc0,230
721fc3a6b5c0,721fca6ddc40,236
721fc3a6b5c0,721fd9682240,360
721fc525b900,721f924c8980,232
721fc525b900,721fffa47880,238
721fc525b900,721fc57e29c0,236
721fc525b900,721fae8bc100,242
721fc525b900,721fd3d70880,236
721fc525b900,721fec712f80,236
721fc525b900,721fcded6a40,232
721fc525b900,721ffc081480,240
721fc525b900,721fb4acfc40,236
721fc525b900,721fd623f9c0,242
721fc525b900,721fcb708c40,230
721fc525b900,72200d281000,236
721fc525b900,721fa0b28380,236
721fc525b900,721ff60706c0,232
721fc525b900,721fbf744a80,230
721fc525b900,721ff829f000,232
721fc525b900,721fcd328640,230
721fc525b900,721fa326aac0,232
721fc525b900,721fe6735ec0,230
721fc525b900,721fc0ea9bc0,234
721fc525b900,721fbe278c40,242
721fc525b900,721f97ef9640,232
721fc525b900,721f94390480,238
721fc525b900,721fd0c990c0,236
721fc525b900,721f96e97640,242
721fc525b900,721faccb7f40,368
721ffe60a900,721f924c8980,232
721ffe60a900,721fffa47880,238
721ffe60a900,721fc57e29c0,232
721ffe60a900,721fae8bc100,242
721ffe60a900,721fd3d70880,236
721ffe60a900,721fec712f80,234
721ffe60a900,721fcded6a40,230
721ffe60a900,721ffc081480,242
721ffe60a900,721fb4acfc40,236
721ffe60a900,721fd623f9c0,240
721ffe60a900,721fcb708c40,356
721ff23d7440,721f924c8980,232
721ff23d7440,721fffa47880,238
721ff23d7440,721fc57e29c0,234
721ff23d7440,721fae8bc100,242
721ff23d7440,721fd3d70880,236
721ff23d7440,721fec712f80,234
721ff23d7440,721fcded6a40,230
721ff23d7440,721ffc081480,240
721ff23d7440,721fb4acfc40,236
721ff23d7440,721fd623f9c0,240
721ff23d7440,721fcb708c40,358
721fa3ddc3c0,721f924c8980,230
721fa3ddc3c0,721fffa47880,240
721fa3ddc3c0,721fc57e29c0,236
721fa3ddc3c0,721fae8bc100,240
721fa3ddc3c0,721fd3d70880,234
721fa3ddc3c0,721fec712f80,236
721fa3ddc3c0,721fcded6a40,232
721fa3ddc3c0,721ffc081480,240
721fa3ddc3c0,721fb4acfc40,236
721fa3ddc3c0,721fd623f9c0,238
721fa3ddc3c0,721fcb708c40,232
721fa3ddc3c0,72200d281000,362
721fd6cffb00,721f924c8980,232
721fd6cffb00,721fffa47880,234
721fd6cffb00,721fc57e29c0,232
721fd6cffb00,721fae8bc100,230
721fd6cffb00,721fd3d70880,232
721fd6cffb00,721fec712f80,234
721fd6cffb00,721fcded6a40,232
721fd6cffb00,721ffc081480,232
721fd6cffb00,721fb4acfc40,232
721fd6cffb00,721fd623f9c0,230
721fd6cffb00,721fcb708c40,232
721fd6cffb00,72200d281000,230
721fd6cffb00,721fa0b28380,232
721fd6cffb00,721ff60706c0,230
721fd6cffb00,721fbf744a80,234
721fd6cffb00,721ff829f000,230
721fd6cffb00,721fcd328640,232
721fd6cffb00,721fa326aac0,230
721fd6cffb00,721fe6735ec0,232
721fd6cffb00,721fc0ea9bc0,232
721fd6cffb00,721fbe278c40,230
721fd6cffb00,721f97ef9640,356
721feb7bb140,721f924c8980,354
72200c3ad4c0,721f924c8980,232
72200c3ad4c0,721fffa47880,230
72200c3ad4c0,721fc57e29c0,234
72200c3ad4c0,721fae8bc100,234
72200c3ad4c0,721fd3d70880,234
72200c3ad4c0,721fec712f80,232
72200c3ad4c0,721fcded6a40,230
72200c3ad4c0,721ffc081480,234
72200c3ad4c0,721fb4acfc40,232
72200c3ad4c0,721fd623f9c0,234
72200c3ad4c0,721fcb708c40,232
72200c3ad4c0,72200d281000,234
72200c3ad4c0,721fa0b28380,234
72200c3ad4c0,721ff60706c0,232
72200c3ad4c0,721fbf744a80,360
721fa4d41840,721f924c8980,230
721fa4d41840,721fffa47880,238
721fa4d41840,721fc57e29c0,236
721fa4d41840,721fae8bc100,234
721fa4d41840,721fd3d70880,234
721fa4d41840,721fec712f80,236
721fa4d41840,721fcded6a40,232
721fa4d41840,721ffc081480,240
721fa4d41840,721fb4acfc40,236
721fa4d41840,721fd623f9c0,238
721fa4d41840,721fcb708c40,232
721fa4d41840,72200d281000,362
721ff1359380,721f924c8980,232
721ff1359380,721fffa47880,238
721ff1359380,721fc57e29c0,236
721ff1359380,721fae8bc100,240
721ff1359380,721fd3d70880,236
721ff1359380,721fec712f80,234
721ff1359380,721fcded6a40,230
721ff1359380,721ffc081480,240
721ff1359380,721fb4acfc40,360
722004dedc80,721f924c8980,230
722004dedc80,721fffa47880,234
722004dedc80,721fc57e29c0,234
722004dedc80,721fae8bc100,232
722004dedc80,721fd3d70880,232
722004dedc80,721fec712f80,234
722004dedc80,721fcded6a40,232
722004dedc80,721ffc081480,234
722004dedc80,721fb4acfc40,234
722004dedc80,721fd623f9c0,230
722004dedc80,721fcb708c40,232
722004dedc80,72200d281000,234
722004dedc80,721fa0b28380,232
722004dedc80,721ff60706c0,360
721ff2d145c0,721f924c8980,232
721ff2d145c0,721fffa47880,236
721ff2d145c0,721fc57e29c0,236
721ff2d145c0,721fae8bc100,234
721ff2d145c0,721fd3d70880,232
721ff2d145c0,721fec712f80,234
721ff2d145c0,721fcded6a40,232
721ff2d145c0,721ffc081480,234
721ff2d145c0,721fb4acfc40,236
721ff2d145c0,721fd623f9c0,234
721ff2d145c0,721fcb708c40,232
721ff2d145c0,72200d281000,232
721ff2d145c0,721fa0b28380,234
721ff2d145c0,721ff60706c0,230
721ff2d145c0,721fbf744a80,230
721ff2d145c0,721ff829f000,228
721ff2d145c0,721fcd328640,232
721ff2d145c0,721fa326aac0,230
721ff2d145c0,721fe6735ec0,232
721ff2d145c0,721fc0ea9bc0,238
721ff2d145c0,721fbe278c40,236
721ff2d145c0,721f97ef9640,358
721f98a57bc0,721f924c8980,232
721f98a57bc0,721fffa47880,230
721f98a57bc0,721fc57e29c0,230
721f98a57bc0,721fae8bc100,232
721f98a57bc0,721fd3d70880,232
721f98a57bc0,721fec712f80,230
721f98a57bc0,721fcded6a40,228
721f98a57bc0,721ffc081480,234
721f98a57bc0,721fb4acfc40,234
721f98a57bc0,721fd623f9c0,234
721f98a57bc0,721fcb708c40,232
721f98a57bc0,72200d281000,232
721f98a57bc0,721fa0b28380,232
721f98a57bc0,721ff60706c0,232
721f98a57bc0,721fbf744a80,230
721f98a57bc0,721ff829f000,232
721f98a57bc0,721fcd328640,230
721f98a57bc0,721fa326aac0,232
721f98a57bc0,721fe6735ec0,228
721f98a57bc0,721fc0ea9bc0,234
721f98a57bc0,721fbe278c40,234
721f98a57bc0,721f97ef9640,232
721f98a57bc0,721f94390480,230
721f98a57bc0,721fd0c990c0,230
721f98a57bc0,721f96e97640,234
721f98a57bc0,721faccb7f40,232
721f98a57bc0,721f96156f40,234
721f98a57bc0,721fcc4c3180,232
721f98a57bc0,721fd27e6840,228
721f98a57bc0,721fae018dc0,228
721f98a57bc0,721fca6ddc40,234
721f98a57bc0,721fd9682240,360
721ffa2a2740,721f924c8980,232
721ffa2a2740,721fffa47880,230
721ffa2a2740,721fc57e29c0,234
721ffa2a2740,721fae8bc100,234
721ffa2a2740,721fd3d70880,234
721ffa2a2740,721fec712f80,232
721ffa2a2740,721fcded6a40,230
721ffa2a2740,721ffc081480,234
721ffa2a2740,721fb4acfc40,232
721ffa2a2740,721fd623f9c0,234
721ffa2a2740,721fcb708c40,230
721ffa2a2740,72200d281000,234
721ffa2a2740,721fa0b28380,234
721ffa2a2740,721ff60706c0,232
721ffa2a2740,721fbf744a80,358
721fa2a8c800,721f924c8980,228
721fa2a8c800,721fffa47880,234
721fa2a8c800,721fc57e29c0,232
721fa2a8c800,721fae8bc100,232
721fa2a8c800,721fd3d70880,232
721fa2a8c800,721fec712f80,234
721fa2a8c800,721fcded6a40,232
721fa2a8c800,721ffc081480,234
721fa2a8c800,721fb4acfc40,232
721fa2a8c800,721fd623f9c0,230
721fa2a8c800,721fcb708c40,232
721fa2a8c800,72200d281000,358
721fc10efdc0,721f924c8980,230
721fc10efdc0,721fffa47880,232
721fc10efdc0,721fc57e29c0,234
721fc10efdc0,721fae8bc100,234
721fc10efdc0,721fd3d70880,360
721fcb57fe40,721f924c8980,230
721fcb57fe40,721fffa47880,240
721fcb57fe40,721fc57e29c0,236
721fcb57fe40,721fae8bc100,236
721fcb57fe40,721fd3d70880,234
721fcb57fe40,721fec712f80,236
721fcb57fe40,721fcded6a40,232
721fcb57fe40,721ffc081480,236
721fcb57fe40,721fb4acfc40,236
721fcb57fe40,721fd623f9c0,238
721fcb57fe40,721fcb708c40,232
721fcb57fe40,72200d281000,234
721fcb57fe40,721fa0b28380,236
721fcb57fe40,721ff60706c0,230
721fcb57fe40,721fbf744a80,232
721fcb57fe40,721ff829f000,232
721fcb57fe40,721fcd328640,232
721fcb57fe40,721fa326aac0,358
72200e6cd840,721f924c8980,228
72200e6cd840,721fffa47880,236
72200e6cd840,721fc57e29c0,236
72200e6cd840,721fae8bc100,236
72200e6cd840,721fd3d70880,234
72200e6cd840,721fec712f80,234
72200e6cd840,721fcded6a40,232
72200e6cd840,721ffc081480,234
72200e6cd840,721fb4acfc40,236
72200e6cd840,721fd623f9c0,238
72200e6cd840,721fcb708c40,232
72200e6cd840,72200d281000,232
72200e6cd840,721fa0b28380,234
72200e6cd840,721ff60706c0,230
72200e6cd840,721fbf744a80,232
72200e6cd840,721ff829f000,228
72200e6cd840,721fcd328640,232
72200e6cd840,721fa326aac0,228
72200e6cd840,721fe6735ec0,232
72200e6cd840,721fc0ea9bc0,238
72200e6cd840,721fbe278c40,364
721ffd8adbc0,721f924c8980,228
721ffd8adbc0,721fffa47880,236
721ffd8adbc0,721fc57e29c0,236
721ffd8adbc0,721fae8bc100,234
721ffd8adbc0,721fd3d70880,232
721ffd8adbc0,721fec712f80,234
721ffd8adbc0,721fcded6a40,232
721ffd8adbc0,721ffc081480,234
721ffd8adbc0,721fb4acfc40,236
721ffd8adbc0,721fd623f9c0,236
721ffd8adbc0,721fcb708c40,232
721ffd8adbc0,72200d281000,232
721ffd8adbc0,721fa0b28380,236
721ffd8adbc0,721ff60706c0,230
721ffd8adbc0,721fbf744a80,232
721ffd8adbc0,721ff829f000,356
72200bd7b240,721f924c8980,358
721fffb829c0,721f924c8980,232
721fffb829c0,721fffa47880,232
721fffb829c0,721fc57e29c0,230
721fffb829c0,721fae8bc100,234
721fffb829c0,721fd3d70880,232
721fffb829c0,721fec712f80,230
721fffb829c0,721fcded6a40,230
721fffb829c0,721ffc081480,232
721fffb829c0,721fb4acfc40,232
721fffb829c0,721fd623f9c0,234
721fffb829c0,721fcb708c40,230
721fffb829c0,72200d281000,232
721fffb829c0,721fa0b28380,232
721fffb829c0,721ff60706c0,232
721fffb829c0,721fbf744a80,230
721fffb829c0,721ff829f000,232
721fffb829c0,721fcd328640,232
721fffb829c0,721fa326aac0,232
721fffb829c0,721fe6735ec0,228
721fffb829c0,721fc0ea9bc0,232
721fffb829c0,721fbe278c40,234
721fffb829c0,721f97ef9640,232
721fffb829c0,721f94390480,358
721fc21c1b80,721f924c8980,232
721fc21c1b80,721fffa47880,236
721fc21c1b80,721fc57e29c0,234
721fc21c1b80,721fae8bc100,240
721fc21c1b80,721fd3d70880,236
721fc21c1b80,721fec712f80,236
721fc21c1b80,721fcded6a40,232
721fc21c1b80,721ffc081480,240
721fc21c1b80,721fb4acfc40,234
721fc21c1b80,721fd623f9c0,240
721fc21c1b80,721fcb708c40,230
721fc21c1b80,72200d281000,236
721fc21c1b80,721fa0b28380,236
721fc21c1b80,721ff60706c0,232
721fc21c1b80,721fbf744a80,230
721fc21c1b80,721ff829f000,232
721fc21c1b80,721fcd328640,230
721fc21c1b80,721fa326aac0,232
721fc21c1b80,721fe6735ec0,230
721fc21c1b80,721fc0ea9bc0,236
721fc21c1b80,721fbe278c40,238
721fc21c1b80,721f97ef9640,232
721fc21c1b80,721f94390480,238
721fc21c1b80,721fd0c990c0,236
721fc21c1b80,721f96e97640,238
721fc21c1b80,721faccb7f40,366
721fba817700,721f924c8980,228
721fba817700,721fffa47880,238
721fba817700,721fc57e29c0,236
721fba817700,721fae8bc100,236
721fba817700,721fd3d70880,234
721fba817700,721fec712f80,236
721fba817700,721fcded6a40,232
721fba817700,721ffc081480,238
721fba817700,721fb4acfc40,236
721fba817700,721fd623f9c0,234
721fba817700,721fcb708c40,232
721fba817700,72200d281000,234
721fba817700,721fa0b28380,360
721fd2c0cb40,721f924c8980,232
721fd2c0cb40,721fffa47880,240
721fd2c0cb40,721fc57e29c0,236
721fd2c0cb40,721fae8bc100,234
721fd2c0cb40,721fd3d70880,234
721fd2c0cb40,721fec712f80,236
721fd2c0cb40,721fcded6a40,232
721fd2c0cb40,721ffc081480,236
721fd2c0cb40,721fb4acfc40,236
721fd2c0cb40,721fd623f9c0,236
721fd2c0cb40,721fcb708c40,232
721fd2c0cb40,72200d281000,234
721fd2c0cb40,721fa0b28380,234
721fd2c0cb40,721ff60706c0,230
721fd2c0cb40,721fbf744a80,232
721fd2c0cb40,721ff829f000,228
721fd2c0cb40,721fcd328640,232
721fd2c0cb40,721fa326aac0,228
721fd2c0cb40,721fe6735ec0,232
721fd2c0cb40,721fc0ea9bc0,238
721fd2c0cb40,721fbe278c40,236
721fd2c0cb40,721f97ef9640,356
721ff39e2100,721f924c8980,228
721ff39e2100,721fffa47880,242
721ff39e2100,721fc57e29c0,236
721ff39e2100,721fae8bc100,240
721ff39e2100,721fd3d70880,234
721ff39e2100,721fec712f80,236
721ff39e2100,721fcded6a40,232
721ff39e2100,721ffc081480,242
721ff39e2100,721fb4acfc40,236
721ff39e2100,721fd623f9c0,238
721ff39e2100,721fcb708c40,232
721ff39e2100,72200d281000,236
721ff39e2100,721fa0b28380,234
721ff39e2100,721ff60706c0,358
721fb8171940,721f924c8980,232
721fb8171940,721fffa47880,232
721fb8171940,721fc57e29c0,232
721fb8171940,721fae8bc100,234
721fb8171940,721fd3d70880,232
721fb8171940,721fec712f80,230
721fb8171940,721fcded6a40,228
721fb8171940,721ffc081480,232
721fb8171940,721fb4acfc40,230
721fb8171940,721fd623f9c0,234
721fb8171940,721fcb708c40,230
721fb8171940,72200d281000,232
721fb8171940,721fa0b28380,232
721fb8171940,721ff60706c0,232
721fb8171940,721fbf744a80,230
721fb8171940,721ff829f000,232
721fb8171940,721fcd328640,232
721fb8171940,721fa326aac0,232
721fb8171940,721fe6735ec0,228
721fb8171940,721fc0ea9bc0,232
721fb8171940,721fbe278c40,234
721fb8171940,721f97ef9640,232
721fb8171940,721f94390480,232
721fb8171940,721fd0c990c0,232
721fb8171940,721f96e97640,234
721fb8171940,721faccb7f40,230
721fb8171940,721f96156f40,234
721fb8171940,721fcc4c3180,232
721fb8171940,721fd27e6840,356
721fdcbd9180,721f924c8980,228
721fdcbd9180,721fffa47880,242
721fdcbd9180,721fc57e29c0,236
721fdcbd9180,721fae8bc100,240
721fdcbd9180,721fd3d70880,234
721fdcbd9180,721fec712f80,236
721fdcbd9180,721fcded6a40,232
721fdcbd9180,721ffc081480,238
721fdcbd9180,721fb4acfc40,236
721fdcbd9180,721fd623f9c0,238
721fdcbd9180,721fcb708c40,232
721fdcbd9180,72200d281000,234
721fdcbd9180,721fa0b28380,236
721fdcbd9180,721ff60706c0,230
721fdcbd9180,721fbf744a80,232
721fdcbd9180,721ff829f000,232
721fdcbd9180,721fcd328640,234
721fdcbd9180,721fa326aac0,356
721fe2913e40,721f924c8980,232
721fe2913e40,721fffa47880,242
721fe2913e40,721fc57e29c0,234
721fe2913e40,721fae8bc100,242
721fe2913e40,721fd3d70880,236
721fe2913e40,721fec712f80,234
721fe2913e40,721fcded6a40,230
721fe2913e40,721ffc081480,242
721fe2913e40,721fb4acfc40,234
721fe2913e40,721fd623f9c0,240
721fe2913e40,721fcb708c40,232
721fe2913e40,72200d281000,236
721fe2913e40,721fa0b28380,236
721fe2913e40,721ff60706c0,234
721fe2913e40,721fbf744a80,230
721fe2913e40,721ff829f000,232
721fe2913e40,721fcd328640,234
721fe2913e40,721fa326aac0,232
721fe2913e40,721fe6735ec0,228
721fe2913e40,721fc0ea9bc0,236
721fe2913e40,721fbe278c40,242
721fe2913e40,721f97ef9640,232
721fe2913e40,721f94390480,366
721fa93d2a40,721f924c8980,228
721fa93d2a40,721fffa47880,236
721fa93d2a40,721fc57e29c0,236
721fa93d2a40,721fae8bc100,234
721fa93d2a40,721fd3d70880,232
721fa93d2a40,721fec712f80,236
721fa93d2a40,721fcded6a40,232
721fa93d2a40,721ffc081480,234
721fa93d2a40,721fb4acfc40,236
721fa93d2a40,721fd623f9c0,238
721fa93d2a40,721fcb708c40,232
721fa93d2a40,72200d281000,232
721fa93d2a40,721fa0b28380,362
721fb4e52980,721f924c8980,230
721fb4e52980,721fffa47880,234
721fb4e52980,721fc57e29c0,232
721fb4e52980,721fae8bc100,234
721fb4e52980,721fd3d70880,232
721fb4e52980,721fec712f80,234
721fb4e52980,721fcded6a40,232
721fb4e52980,721ffc081480,230
721fb4e52980,721fb4acfc40,232
721fb4e52980,721fd623f9c0,358
721f96f08500,721f924c8980,230
721f96f08500,721fffa47880,234
721f96f08500,721fc57e29c0,234
721f96f08500,721fae8bc100,232
721f96f08500,721fd3d70880,232
721f96f08500,721fec712f80,234
721f96f08500,721fcded6a40,232
721f96f08500,721ffc081480,232
721f96f08500,721fb4acfc40,234
721f96f08500,721fd623f9c0,230
721f96f08500,721fcb708c40,232
721f96f08500,72200d281000,232
721f96f08500,721fa0b28380,360
721fde03e000,721f924c8980,228
721fde03e000,721fffa47880,240
721fde03e000,721fc57e29c0,236
721fde03e000,721fae8bc100,240
721fde03e000,721fd3d70880,234
721fde03e000,721fec712f80,236
721fde03e000,721fcded6a40,232
721fde03e000,721ffc081480,238
721fde03e000,721fb4acfc40,236
721fde03e000,721fd623f9c0,238
721fde03e000,721fcb708c40,232
721fde03e000,72200d281000,234
721fde03e000,721fa0b28380,236
721fde03e000,721ff60706c0,230
721fde03e000,721fbf744a80,232
721fde03e000,721ff829f000,356
721feb2ae2c0,721f924c8980,232
721feb2ae2c0,721fffa47880,240
721feb2ae2c0,721fc57e29c0,236
721feb2ae2c0,721fae8bc100,242
721feb2ae2c0,721fd3d70880,236
721feb2ae2c0,721fec712f80,234
721feb2ae2c0,721fcded6a40,230
721feb2ae2c0,721ffc081480,240
721feb2ae2c0,721fb4acfc40,234
721feb2ae2c0,721fd623f9c0,240
721feb2ae2c0,721fcb708c40,230
721feb2ae2c0,72200d281000,236
721feb2ae2c0,721fa0b28380,236
721feb2ae2c0,721ff60706c0,234
721feb2ae2c0,721fbf744a80,234
721feb2ae2c0,721ff829f000,230
721feb2ae2c0,721fcd328640,230
721feb2ae2c0,721fa326aac0,232
721feb2ae2c0,721fe6735ec0,358
722006712e40,721f924c8980,230
722006712e40,721fffa47880,242
722006712e40,721fc57e29c0,236
722006712e40,721fae8bc100,240
722006712e40,721fd3d70880,234
722006712e40,721fec712f80,236
722006712e40,721fcded6a40,232
722006712e40,721ffc081480,240
722006712e40,721fb4acfc40,236
722006712e40,721fd623f9c0,240
722006712e40,721fcb708c40,232
722006712e40,72200d281000,234
722006712e40,721fa0b28380,362
721fc1615480,721f924c8980,232
721fc1615480,721fffa47880,358
72200028a680,721f924c8980,232
72200028a680,721fffa47880,230
72200028a680,721fc57e29c0,230
72200028a680,721fae8bc100,234
72200028a680,721fd3d70880,234
72200028a680,721fec712f80,232
72200028a680,721fcded6a40,230
72200028a680,721ffc081480,234
72200028a680,721fb4acfc40,232
72200028a680,721fd623f9c0,232
72200028a680,721fcb708c40,232
72200028a680,72200d281000,234
72200028a680,721fa0b28380,234
72200028a680,721ff60706c0,232
72200028a680,721fbf744a80,230
72200028a680,721ff829f000,232
72200028a680,721fcd328640,230
72200028a680,721fa326aac0,232
72200028a680,721fe6735ec0,230
72200028a680,721fc0ea9bc0,358
721fce612980,721f924c8980,228
721fce612980,721fffa47880,242
721fce612980,721fc57e29c0,236
721fce612980,721fae8bc100,242
721fce612980,721fd3d70880,236
721fce612980,721fec712f80,236
721fce612980,721fcded6a40,232
721fce612980,721ffc081480,238
721fce612980,721fb4acfc40,236
721fce612980,721fd623f9c0,242
721fce612980,721fcb708c40,232
721fce612980,72200d281000,234
721fce612980,721fa0b28380,234
721fce612980,721ff60706c0,230
721fce612980,721fbf744a80,232
721fce612980,721ff829f000,228
721fce612980,721fcd328640,232
721fce612980,721fa326aac0,230
721fce612980,721fe6735ec0,232
721fce612980,721fc0ea9bc0,238
721fce612980,721fbe278c40,368
721f9dfd05c0,721f924c8980,228
721f9dfd05c0,721fffa47880,240
721f9dfd05c0,721fc57e29c0,236
721f9dfd05c0,721fae8bc100,238
721f9dfd05c0,721fd3d70880,234
721f9dfd05c0,721fec712f80,236
721f9dfd05c0,721fcded6a40,232
721f9dfd05c0,721ffc081480,366
721ffd837b80,721f924c8980,230
721ffd837b80,721fffa47880,234
721ffd837b80,721fc57e29c0,232
721ffd837b80,721fae8bc100,232
721ffd837b80,721fd3d70880,230
721ffd837b80,721fec712f80,234
721ffd837b80,721fcded6a40,232
721ffd837b80,721ffc081480,232
721ffd837b80,721fb4acfc40,232
721ffd837b80,721fd623f9c0,230
721ffd837b80,721fcb708c40,232
721ffd837b80,72200d281000,232
721ffd837b80,721fa0b28380,358
721fe45541c0,721f924c8980,230
721fe45541c0,721fffa47880,232
721fe45541c0,721fc57e29c0,234
721fe45541c0,721fae8bc100,232
721fe45541c0,721fd3d70880,232
721fe45541c0,721fec712f80,232
721fe45541c0,721fcded6a40,232
721fe45541c0,721ffc081480,230
721fe45541c0,721fb4acfc40,234
721fe45541c0,721fd623f9c0,358
722000529980,721f924c8980,232
722000529980,721fffa47880,238
722000529980,721fc57e29c0,234
722000529980,721fae8bc100,242
722000529980,721fd3d70880,236
722000529980,721fec712f80,236
722000529980,721fcded6a40,232
722000529980,721ffc081480,242
722000529980,721fb4acfc40,234
722000529980,721fd623f9c0,242
722000529980,721fcb708c40,230
722000529980,72200d281000,236
722000529980,721fa0b28380,236
722000529980,721ff60706c0,232
722000529980,721fbf744a80,230
722000529980,721ff829f000,232
722000529980,721fcd328640,230
722000529980,721fa326aac0,232
722000529980,721fe6735ec0,228
722000529980,721fc0ea9bc0,234
722000529980,721fbe278c40,242
722000529980,721f97ef9640,232
722000529980,721f94390480,238
722000529980,721fd0c990c0,236
722000529980,721f96e97640,244
722000529980,721faccb7f40,366
721ff3825840,721f924c8980,228
721ff3825840,721fffa47880,240
721ff3825840,721fc57e29c0,236
721ff3825840,721fae8bc100,364
721fc84687c0,721f924c8980,232
721fc84687c0,721fffa47880,232
721fc84687c0,721fc57e29c0,230
721fc84687c0,721fae8bc100,232
721fc84687c0,721fd3d70880,232
721fc84687c0,721fec712f80,230
721fc84687c0,721fcded6a40,230
721fc84687c0,721ffc081480,232
721fc84687c0,721fb4acfc40,232
721fc84687c0,721fd623f9c0,234
721fc84687c0,721fcb708c40,230
721fc84687c0,72200d281000,232
721fc84687c0,721fa0b28380,232
721fc84687c0,721ff60706c0,232
721fc84687c0,721fbf744a80,230
721fc84687c0,721ff829f000,232
721fc84687c0,721fcd328640,234
721fc84687c0,721fa326aac0,232
721fc84687c0,721fe6735ec0,230
721fc84687c0,721fc0ea9bc0,230
721fc84687c0,721fbe278c40,234
721fc84687c0,721f97ef9640,232
721fc84687c0,721f94390480,358
72200a181580,721f924c8980,232
72200a181580,721fffa47880,234
72200a181580,721fc57e29c0,234
72200a181580,721fae8bc100,232
72200a181580,721fd3d70880,232
72200a181580,721fec712f80,234
72200a181580,721fcded6a40,232
72200a181580,721ffc081480,232
72200a181580,721fb4acfc40,234
72200a181580,721fd623f9c0,232
72200a181580,721fcb708c40,232
72200a181580,72200d281000,232
72200a181580,721fa0b28380,232
72200a181580,721ff60706c0,232
72200a181580,721fbf744a80,232
72200a181580,721ff829f000,230
72200a181580,721fcd328640,232
72200a181580,721fa326aac0,230
72200a181580,721fe6735ec0,232
72200a181580,721fc0ea9bc0,232
72200a181580,721fbe278c40,232
72200a181580,721f97ef9640,232
72200a181580,721f94390480,234
72200a181580,721fd0c990c0,234
72200a181580,721f96e97640,234
72200a181580,721faccb7f40,232
72200a181580,721f96156f40,232
72200a181580,721fcc4c3180,360
721fdecc7f80,721f924c8980,356
721fdc0f4fc0,721f924c8980,232
721fdc0f4fc0,721fffa47880,358
721fbc471380,721f924c8980,230
721fbc471380,721fffa47880,240
721fbc471380,721fc57e29c0,236
721fbc471380,721fae8bc100,238
721fbc471380,721fd3d70880,234
721fbc471380,721fec712f80,236
721fbc471380,721fcded6a40,232
721fbc471380,721ffc081480,238
721fbc471380,721fb4acfc40,236
721fbc471380,721fd623f9c0,236
721fbc471380,721fcb708c40,232
721fbc471380,72200d281000,234
721fbc471380,721fa0b28380,236
721fbc471380,721ff60706c0,230
721fbc471380,721fbf744a80,234
721fbc471380,721ff829f000,232
721fbc471380,721fcd328640,232
721fbc471380,721fa326aac0,232
721fbc471380,721fe6735ec0,232
721fbc471380,721fc0ea9bc0,238
721fbc471380,721fbe278c40,236
721fbc471380,721f97ef9640,230
721fbc471380,721f94390480,240
721fbc471380,721fd0c990c0,236
721fbc471380,721f96e97640,236
721fbc471380,721faccb7f40,240
721fbc471380,721f96156f40,360
721f9b447dc0,721f924c8980,232
721f9b447dc0,721fffa47880,242
721f9b447dc0,721fc57e29c0,236
721f9b447dc0,721fae8bc100,240
721f9b447dc0,721fd3d70880,234
721f9b447dc0,721fec712f80,236
721f9b447dc0,721fcded6a40,232
721f9b447dc0,721ffc081480,238
721f9b447dc0,721fb4acfc40,236
721f9b447dc0,721fd623f9c0,238
721f9b447dc0,721fcb708c40,232
721f9b447dc0,72200d281000,234
721f9b447dc0,721fa0b28380,234
721f9b447dc0,721ff60706c0,232
721f9b447dc0,721fbf744a80,232
721f9b447dc0,721ff829f000,230
721f9b447dc0,721fcd328640,234
721f9b447dc0,721fa326aac0,230
721f9b447dc0,721fe6735ec0,232
721f9b447dc0,721fc0ea9bc0,238
721f9b447dc0,721fbe278c40,240
721f9b447dc0,721f97ef9640,358
721fdb9c2800,721f924c8980,232
721fdb9c2800,721fffa47880,238
721fdb9c2800,721fc57e29c0,236
721fdb9c2800,721fae8bc100,238
721fdb9c2800,721fd3d70880,236
721fdb9c2800,721fec712f80,234
721fdb9c2800,721fcded6a40,230
721fdb9c2800,721ffc081480,238
721fdb9c2800,721fb4acfc40,234
721fdb9c2800,721fd623f9c0,236
721fdb9c2800,721fcb708c40,230
721fdb9c2800,72200d281000,236
721fdb9c2800,721fa0b28380,236
721fdb9c2800,721ff60706c0,232
721fdb9c2800,721fbf744a80,358
721faaf1ef40,721f924c8980,232
721faaf1ef40,721fffa47880,238
721faaf1ef40,721fc57e29c0,234
721faaf1ef40,721fae8bc100,242
721faaf1ef40,721fd3d70880,236
721faaf1ef40,721fec712f80,236
721faaf1ef40,721fcded6a40,232
721faaf1ef40,721ffc081480,240
721faaf1ef40,721fb4acfc40,234
721faaf1ef40,721fd623f9c0,242
721faaf1ef40,721fcb708c40,232
721faaf1ef40,72200d281000,236
721faaf1ef40,721fa0b28380,236
721faaf1ef40,721ff60706c0,234
721faaf1ef40,721fbf744a80,232
721faaf1ef40,721ff829f000,232
721faaf1ef40,721fcd328640,230
721faaf1ef40,721fa326aac0,232
721faaf1ef40,721fe6735ec0,230
721faaf1ef40,721fc0ea9bc0,234
721faaf1ef40,721fbe278c40,242
721faaf1ef40,721f97ef9640,232
721faaf1ef40,721f94390480,238
721faaf1ef40,721fd0c990c0,362
721f983c3040,721f924c8980,230
721f983c3040,721fffa47880,232
721f983c3040,721fc57e29c0,234
721f983c3040,721fae8bc100,234
721f983c3040,721fd3d70880,234
721f983c3040,721fec712f80,234
721f983c3040,721fcded6a40,232
721f983c3040,721ffc081480,232
721f983c3040,721fb4acfc40,234
721f983c3040,721fd623f9c0,234
721f983c3040,721fcb708c40,232
721f983c3040,72200d281000,232
721f983c3040,721fa0b28380,232
721f983c3040,721ff60706c0,232
721f983c3040,721fbf744a80,232
721f983c3040,721ff829f000,230
721f983c3040,721fcd328640,232
721f983c3040,721fa326aac0,230
721f983c3040,721fe6735ec0,232
721f983c3040,721fc0ea9bc0,234
721f983c3040,721fbe278c40,360
721fcc745200,721f924c8980,230
721fcc745200,721fffa47880,240
721fcc745200,721fc57e29c0,236
721fcc745200,721fae8bc100,240
721fcc745200,721fd3d70880,362
721fde2e0b00,721f924c8980,230
721fde2e0b00,721fffa47880,234
721fde2e0b00,721fc57e29c0,234
721fde2e0b00,721fae8bc100,232
721fde2e0b00,721fd3d70880,232
721fde2e0b00,721fec712f80,234
721fde2e0b00,721fcded6a40,232
721fde2e0b00,721ffc081480,360
721fc3dda740,721f924c8980,228
721fc3dda740,721fffa47880,232
721fc3dda740,721fc57e29c0,234
721fc3dda740,721fae8bc100,234
721fc3dda740,721fd3d70880,358
721f90551d40,721f924c8980,232
721f90551d40,721fffa47880,232
721f90551d40,721fc57e29c0,234
721f90551d40,721fae8bc100,230
721f90551d40,721fd3d70880,230
721f90551d40,721fec712f80,234
721f90551d40,721fcded6a40,232
721f90551d40,721ffc081480,228
721f90551d40,721fb4acfc40,234
721f90551d40,721fd623f9c0,232
721f90551d40,721fcb708c40,232
721f90551d40,72200d281000,230
721f90551d40,721fa0b28380,230
721f90551d40,721ff60706c0,230
721f90551d40,721fbf744a80,232
721f90551d40,721ff829f000,228
721f90551d40,721fcd328640,232
721f90551d40,721fa326aac0,228
721f90551d40,721fe6735ec0,232
721f90551d40,721fc0ea9bc0,234
721f90551d40,721fbe278c40,230
721f90551d40,721f97ef9640,356
721fc2ec2c40,721f924c8980,232
721fc2ec2c40,721fffa47880,366
721fed14c0c0,721f924c8980,232
721fed14c0c0,721fffa47880,238
721fed14c0c0,721fc57e29c0,234
721fed14c0c0,721fae8bc100,242
721fed14c0c0,721fd3d70880,236
721fed14c0c0,721fec712f80,232
721fed14c0c0,721fcded6a40,230
721fed14c0c0,721ffc081480,242
721fed14c0c0,721fb4acfc40,362
721fde32af00,721f924c8980,228
721fde32af00,721fffa47880,242
721fde32af00,721fc57e29c0,236
721fde32af00,721fae8bc100,240
721fde32af00,721fd3d70880,234
721fde32af00,721fec712f80,236
721fde32af00,721fcded6a40,232
721fde32af00,721ffc081480,240
721fde32af00,721fb4acfc40,236
721fde32af00,721fd623f9c0,238
721fde32af00,721fcb708c40,232
721fde32af00,72200d281000,236
721fde32af00,721fa0b28380,236
721fde32af00,721ff60706c0,232
721fde32af00,721fbf744a80,232
721fde32af00,721ff829f000,228
721fde32af00,721fcd328640,232
721fde32af00,721fa326aac0,228
721fde32af00,721fe6735ec0,232
721fde32af00,721fc0ea9bc0,238
721fde32af00,721fbe278c40,240
721fde32af00,721f97ef9640,228
721fde32af00,721f94390480,240
721fde32af00,721fd0c990c0,236
721fde32af00,721f96e97640,240
721fde32af00,721faccb7f40,242
721fde32af00,721f96156f40,234
721fde32af00,721fcc4c3180,236
721fde32af00,721fd27e6840,232
721fde32af00,721fae018dc0,232
721fde32af00,721fca6ddc40,362
721f969d6a80,721f924c8980,232
721f969d6a80,721fffa47880,238
721f969d6a80,721fc57e29c0,234
721f969d6a80,721fae8bc100,236
721f969d6a80,721fd3d70880,234
721f969d6a80,721fec712f80,236
721f969d6a80,721fcded6a40,232
721f969d6a80,721ffc081480,236
721f969d6a80,721fb4acfc40,234
721f969d6a80,721fd623f9c0,234
721f969d6a80,721fcb708c40,232
721f969d6a80,72200d281000,234
721f969d6a80,721fa0b28380,234
721f969d6a80,721ff60706c0,230
721f969d6a80,721fbf744a80,232
721f969d6a80,721ff829f000,228
721f969d6a80,721fcd328640,232
721f969d6a80,721fa326aac0,228
721f969d6a80,721fe6735ec0,232
721f969d6a80,721fc0ea9bc0,236
721f969d6a80,721fbe278c40,236
721f969d6a80,721f97ef9640,232
721f969d6a80,721f94390480,238
721f969d6a80,721fd0c990c0,234
721f969d6a80,721f96e97640,238
721f969d6a80,721faccb7f40,236
721f969d6a80,721f96156f40,234
721f969d6a80,721fcc4c3180,362
72200771eb00,721f924c8980,232
72200771eb00,721fffa47880,238
72200771eb00,721fc57e29c0,234
72200771eb00,721fae8bc100,244
72200771eb00,721fd3d70880,236
72200771eb00,721fec712f80,236
72200771eb00,721fcded6a40,228
72200771eb00,721ffc081480,240
72200771eb00,721fb4acfc40,362
72200437d880,721f924c8980,232
72200437d880,721fffa47880,234
72200437d880,721fc57e29c0,234
72200437d880,721fae8bc100,232
72200437d880,721fd3d70880,232
72200437d880,721fec712f80,234
72200437d880,721fcded6a40,232
72200437d880,721ffc081480,232
72200437d880,721fb4acfc40,234
72200437d880,721fd623f9c0,230
72200437d880,721fcb708c40,232
72200437d880,72200d281000,232
72200437d880,721fa0b28380,232
72200437d880,721ff60706c0,230
72200437d880,721fbf744a80,232
72200437d880,721ff829f000,230
72200437d880,721fcd328640,232
72200437d880,721fa326aac0,230
72200437d880,721fe6735ec0,232
72200437d880,721fc0ea9bc0,234
72200437d880,721fbe278c40,230
72200437d880,721f97ef9640,232
72200437d880,721f94390480,234
72200437d880,721fd0c990c0,234
72200437d880,721f96e97640,360
721f9eadefc0,721f924c8980,232
721f9eadefc0,721fffa47880,240
721f9eadefc0,721fc57e29c0,236
721f9eadefc0,721fae8bc100,238
721f9eadefc0,721fd3d70880,234
721f9eadefc0,721fec712f80,236
721f9eadefc0,721fcded6a40,232
721f9eadefc0,721ffc081480,238
721f9eadefc0,721fb4acfc40,236
721f9eadefc0,721fd623f9c0,238
721f9eadefc0,721fcb708c40,232
721f9eadefc0,72200d281000,234
721f9eadefc0,721fa0b28380,234
721f9eadefc0,721ff60706c0,230
721f9eadefc0,721fbf744a80,234
721f9eadefc0,721ff829f000,230
721f9eadefc0,721fcd328640,234
721f9eadefc0,721fa326aac0,230
721f9eadefc0,721fe6735ec0,232
721f9eadefc0,721fc0ea9bc0,238
721f9eadefc0,721fbe278c40,240
721f9eadefc0,721f97ef9640,358
721fd695cb40,721f924c8980,228
721fd695cb40,721fffa47880,232
721fd695cb40,721fc57e29c0,234
721fd695cb40,721fae8bc100,230
721fd695cb40,721fd3d70880,230
721fd695cb40,721fec712f80,232
721fd695cb40,721fcded6a40,232
721fd695cb40,721ffc081480,358
721fe082bb80,721f924c8980,228
721fe082bb80,721fffa47880,242
721fe082bb80,721fc57e29c0,236
721fe082bb80,721fae8bc100,240
721fe082bb80,721fd3d70880,234
721fe082bb80,721fec712f80,236
721fe082bb80,721fcded6a40,232
721fe082bb80,721ffc081480,240
721fe082bb80,721fb4acfc40,236
721fe082bb80,721fd623f9c0,238
721fe082bb80,721fcb708c40,232
721fe082bb80,72200d281000,236
721fe082bb80,721fa0b28380,236
721fe082bb80,721ff60706c0,358
721f963f1e40,721f924c8980,232
721f963f1e40,721fffa47880,230
721f963f1e40,721fc57e29c0,232
721f963f1e40,721fae8bc100,232
721f963f1e40,721fd3d70880,232
721f963f1e40,721fec712f80,230
721f963f1e40,721fcded6a40,228
721f963f1e40,721ffc081480,232
721f963f1e40,721fb4acfc40,358
722009171fc0,721f924c8980,228
722009171fc0,721fffa47880,242
722009171fc0,721fc57e29c0,236
722009171fc0,721fae8bc100,240
722009171fc0,721fd3d70880,232
722009171fc0,721fec712f80,236
722009171fc0,721fcded6a40,232
722009171fc0,721ffc081480,238
722009171fc0,721fb4acfc40,236
722009171fc0,721fd623f9c0,238
722009171fc0,721fcb708c40,232
722009171fc0,72200d281000,232
722009171fc0,721fa0b28380,362
721fd1cb6240,721f924c8980,228
721fd1cb6240,721fffa47880,236
721fd1cb6240,721fc57e29c0,236
721fd1cb6240,721fae8bc100,238
721fd1cb6240,721fd3d70880,234
721fd1cb6240,721fec712f80,236
721fd1cb6240,721fcded6a40,232
721fd1cb6240,721ffc081480,234
721fd1cb6240,721fb4acfc40,236
721fd1cb6240,721fd623f9c0,364
721fd5c047c0,721f924c8980,230
721fd5c047c0,721fffa47880,240
721fd5c047c0,721fc57e29c0,236
721fd5c047c0,721fae8bc100,234
721fd5c047c0,721fd3d70880,234
721fd5c047c0,721fec712f80,236
721fd5c047c0,721fcded6a40,232
721fd5c047c0,721ffc081480,236
721fd5c047c0,721fb4acfc40,236
721fd5c047c0,721fd623f9c0,236
721fd5c047c0,721fcb708c40,232
721fd5c047c0,72200d281000,234
721fd5c047c0,721fa0b28380,360
721f983425c0,721f924c8980,232
721f983425c0,721fffa47880,232
721f983425c0,721fc57e29c0,232
721f983425c0,721fae8bc100,234
721f983425c0,721fd3d70880,234
721f983425c0,721fec712f80,232
721f983425c0,721fcded6a40,230
721f983425c0,721ffc081480,234
721f983425c0,721fb4acfc40,232
721f983425c0,721fd623f9c0,234
721f983425c0,721fcb708c40,232
721f983425c0,72200d281000,234
721f983425c0,721fa0b28380,234
721f983425c0,721ff60706c0,232
721f983425c0,721fbf744a80,232
721f983425c0,721ff829f000,232
721f983425c0,721fcd328640,236
721f983425c0,721fa326aac0,232
721f983425c0,721fe6735ec0,230
721f983425c0,721fc0ea9bc0,232
721f983425c0,721fbe278c40,234
721f983425c0,721f97ef9640,232
721f983425c0,721f94390480,234
721f983425c0,721fd0c990c0,232
721f983425c0,721f96e97640,234
721f983425c0,721faccb7f40,232
721f983425c0,721f96156f40,236
721f983425c0,721fcc4c3180,234
721f983425c0,721fd27e6840,358
721fc06eddc0,721f924c8980,232
721fc06eddc0,721fffa47880,236
721fc06eddc0,721fc57e29c0,234
721fc06eddc0,721fae8bc100,238
721fc06eddc0,721fd3d70880,236
721fc06eddc0,721fec712f80,234
721fc06eddc0,721fcded6a40,230
721fc06eddc0,721ffc081480,240
721fc06eddc0,721fb4acfc40,236
721fc06eddc0,721fd623f9c0,240
721fc06eddc0,721fcb708c40,232
721fc06eddc0,72200d281000,236
721fc06eddc0,721fa0b28380,236
721fc06eddc0,721ff60706c0,232
721fc06eddc0,721fbf744a80,228
721fc06eddc0,721ff829f000,232
721fc06eddc0,721fcd328640,230
721fc06eddc0,721fa326aac0,232
721fc06eddc0,721fe6735ec0,230
721fc06eddc0,721fc0ea9bc0,238
721fc06eddc0,721fbe278c40,240
721fc06eddc0,721f97ef9640,232
721fc06eddc0,721f94390480,236
721fc06eddc0,721fd0c990c0,234
721fc06eddc0,721f96e97640,240
721fc06eddc0,721faccb7f40,238
721fc06eddc0,721f96156f40,236
721fc06eddc0,721fcc4c3180,236
721fc06eddc0,721fd27e6840,230
721fc06eddc0,721fae018dc0,228
721fc06eddc0,721fca6ddc40,236
721fc06eddc0,721fd9682240,366
721fab358980,721f924c8980,232
721fab358980,721fffa47880,236
721fab358980,721fc57e29c0,234
721fab358980,721fae8bc100,240
721fab358980,721fd3d70880,236
721fab358980,721fec712f80,236
721fab358980,721fcded6a40,358
722009a6bf80,721f924c8980,230
722009a6bf80,721fffa47880,234
722009a6bf80,721fc57e29c0,232
722009a6bf80,721fae8bc100,230
722009a6bf80,721fd3d70880,232
722009a6bf80,721fec712f80,234
722009a6bf80,721fcded6a40,232
722009a6bf80,721ffc081480,230
722009a6bf80,721fb4acfc40,232
722009a6bf80,721fd623f9c0,230
722009a6bf80,721fcb708c40,232
722009a6bf80,72200d281000,232
722009a6bf80,721fa0b28380,234
722009a6bf80,721ff60706c0,230
722009a6bf80,721fbf744a80,232
722009a6bf80,721ff829f000,356
721fa5113600,721f924c8980,228
721fa5113600,721fffa47880,242
721fa5113600,721fc57e29c0,236
721fa5113600,721fae8bc100,240
721fa5113600,721fd3d70880,234
721fa5113600,721fec712f80,236
721fa5113600,721fcded6a40,232
721fa5113600,721ffc081480,238
721fa5113600,721fb4acfc40,236
721fa5113600,721fd623f9c0,238
721fa5113600,721fcb708c40,232
721fa5113600,72200d281000,234
721fa5113600,721fa0b28380,362
721fe49c1140,721f924c8980,228
721fe49c1140,721fffa47880,242
721fe49c1140,721fc57e29c0,236
721fe49c1140,721fae8bc100,244
721fe49c1140,721fd3d70880,236
721fe49c1140,721fec712f80,236
721fe49c1140,721fcded6a40,232
721fe49c1140,721ffc081480,238
721fe49c1140,721fb4acfc40,236
721fe49c1140,721fd623f9c0,242
721fe49c1140,721fcb708c40,232
721fe49c1140,72200d281000,232
721fe49c1140,721fa0b28380,232
721fe49c1140,721ff60706c0,232
721fe49c1140,721fbf744a80,232
721fe49c1140,721ff829f000,228
721fe49c1140,721fcd328640,234
721fe49c1140,721fa326aac0,230
721fe49c1140,721fe6735ec0,232
721fe49c1140,721fc0ea9bc0,238
721fe49c1140,721fbe278c40,368
722004ded500,721f924c8980,230
722004ded500,721fffa47880,240
722004ded500,721fc57e29c0,236
722004ded500,721fae8bc100,240
722004ded500,721fd3d70880,234
722004ded500,721fec712f80,236
722004ded500,721fcded6a40,232
722004ded500,721ffc081480,240
722004ded500,721fb4acfc40,236
722004ded500,721fd623f9c0,238
722004ded500,721fcb708c40,232
722004ded500,72200d281000,236
722004ded500,721fa0b28380,234
722004ded500,721ff60706c0,356
721ff4fdb5c0,721f924c8980,232
721ff4fdb5c0,721fffa47880,234
721ff4fdb5c0,721fc57e29c0,234
721ff4fdb5c0,721fae8bc100,236
721ff4fdb5c0,721fd3d70880,234
721ff4fdb5c0,721fec712f80,232
721ff4fdb5c0,721fcded6a40,230
721ff4fdb5c0,721ffc081480,236
721ff4fdb5c0,721fb4acfc40,236
721ff4fdb5c0,721fd623f9c0,238
721ff4fdb5c0,721fcb708c40,232
721ff4fdb5c0,72200d281000,234
721ff4fdb5c0,721fa0b28380,234
721ff4fdb5c0,721ff60706c0,234
721ff4fdb5c0,721fbf744a80,228
721ff4fdb5c0,721ff829f000,232
721ff4fdb5c0,721fcd328640,230
721ff4fdb5c0,721fa326aac0,232
721ff4fdb5c0,721fe6735ec0,230
721ff4fdb5c0,721fc0ea9bc0,362
721fb1cb6140,721f924c8980,232
721fb1cb6140,721fffa47880,234
721fb1cb6140,721fc57e29c0,234
721fb1cb6140,721fae8bc100,238
721fb1cb6140,721fd3d70880,236
721fb1cb6140,721fec712f80,360
721fb245e8c0,721f924c8980,228
721fb245e8c0,721fffa47880,242
721fb245e8c0,721fc57e29c0,236
721fb245e8c0,721fae8bc100,240
721fb245e8c0,721fd3d70880,232
721fb245e8c0,721fec712f80,236
721fb245e8c0,721fcded6a40,232
721fb245e8c0,721ffc081480,242
721fb245e8c0,721fb4acfc40,236
721fb245e8c0,721fd623f9c0,238
721fb245e8c0,721fcb708c40,232
721fb245e8c0,72200d281000,236
721fb245e8c0,721fa0b28380,232
721fb245e8c0,721ff60706c0,234
721fb245e8c0,721fbf744a80,232
721fb245e8c0,721ff829f000,230
721fb245e8c0,721fcd328640,234
721fb245e8c0,721fa326aac0,230
721fb245e8c0,721fe6735ec0,232
721fb245e8c0,721fc0ea9bc0,238
721fb245e8c0,721fbe278c40,240
721fb245e8c0,721f97ef9640,230
721fb245e8c0,721f94390480,242
721fb245e8c0,721fd0c990c0,236
721fb245e8c0,721f96e97640,240
721fb245e8c0,721faccb7f40,242
721fb245e8c0,721f96156f40,234
721fb245e8c0,721fcc4c3180,232
721fb245e8c0,721fd27e6840,232
721fb245e8c0,721fae018dc0,232
721fb245e8c0,721fca6ddc40,362
722001623380,721f924c8980,232
722001623380,721fffa47880,230
722001623380,721fc57e29c0,232
722001623380,721fae8bc100,234
722001623380,721fd3d70880,234
722001623380,721fec712f80,230
722001623380,721fcded6a40,230
722001623380,721ffc081480,234
722001623380,721fb4acfc40,230
722001623380,721fd623f9c0,232
722001623380,721fcb708c40,230
722001623380,72200d281000,234
722001623380,721fa0b28380,234
722001623380,721ff60706c0,232
722001623380,721fbf744a80,234
722001623380,721ff829f000,232
722001623380,721fcd328640,230
722001623380,721fa326aac0,232
722001623380,721fe6735ec0,232
722001623380,721fc0ea9bc0,230
722001623380,721fbe278c40,232
722001623380,721f97ef9640,232
722001623380,721f94390480,230
722001623380,721fd0c990c0,230
722001623380,721f96e97640,234
722001623380,721faccb7f40,230
722001623380,721f96156f40,232
722001623380,721fcc4c3180,234
722001623380,721fd27e6840,230
722001623380,721fae018dc0,356
721ffe878980,721f924c8980,228
721ffe878980,721fffa47880,242
721ffe878980,721fc57e29c0,236
721ffe878980,721fae8bc100,242
721ffe878980,721fd3d70880,236
721ffe878980,721fec712f80,236
721ffe878980,721fcded6a40,232
721ffe878980,721ffc081480,240
721ffe878980,721fb4acfc40,236
721ffe878980,721fd623f9c0,366
721fce57d800,721f924c8980,232
721fce57d800,721fffa47880,366
72200abe63c0,721f924c8980,228
72200abe63c0,721fffa47880,242
72200abe63c0,721fc57e29c0,236
72200abe63c0,721fae8bc100,368
721fbc1bdb80,721f924c8980,230
721fbc1bdb80,721fffa47880,234
721fbc1bdb80,721fc57e29c0,234
721fbc1bdb80,721fae8bc100,232
721fbc1bdb80,721fd3d70880,232
721fbc1bdb80,721fec712f80,234
721fbc1bdb80,721fcded6a40,232
721fbc1bdb80,721ffc081480,232
721fbc1bdb80,721fb4acfc40,234
721fbc1bdb80,721fd623f9c0,230
721fbc1bdb80,721fcb708c40,232
721fbc1bdb80,72200d281000,232
721fbc1bdb80,721fa0b28380,234
721fbc1bdb80,721ff60706c0,230
721fbc1bdb80,721fbf744a80,232
721fbc1bdb80,721ff829f000,232
721fbc1bdb80,721fcd328640,232
721fbc1bdb80,721fa326aac0,232
721fbc1bdb80,721fe6735ec0,232
721fbc1bdb80,721fc0ea9bc0,234
721fbc1bdb80,721fbe278c40,230
721fbc1bdb80,721f97ef9640,228
721fbc1bdb80,721f94390480,234
721fbc1bdb80,721fd0c990c0,234
721fbc1bdb80,721f96e97640,230
721fbc1bdb80,721faccb7f40,234
721fbc1bdb80,721f96156f40,360
721f9da5e340,721f924c8980,232
721f9da5e340,721fffa47880,358
721fbfbc0b40,721f924c8980,230
721fbfbc0b40,721fffa47880,240
721fbfbc0b40,721fc57e29c0,236
721fbfbc0b40,721fae8bc100,238
721fbfbc0b40,721fd3d70880,236
721fbfbc0b40,721fec712f80,236
721fbfbc0b40,721fcded6a40,232
721fbfbc0b40,721ffc081480,238
721fbfbc0b40,721fb4acfc40,236
721fbfbc0b40,721fd623f9c0,366
721fbd90f900,721f924c8980,232
721fbd90f900,721fffa47880,232
721fbd90f900,721fc57e29c0,358
721fd1b20f80,721f924c8980,232
721fd1b20f80,721fffa47880,240
721fd1b20f80,721fc57e29c0,234
721fd1b20f80,721fae8bc100,240
721fd1b20f80,721fd3d70880,236
721fd1b20f80,721fec712f80,234
721fd1b20f80,721fcded6a40,230
721fd1b20f80,721ffc081480,240
721fd1b20f80,721fb4acfc40,234
721fd1b20f80,721fd623f9c0,240
721fd1b20f80,721fcb708c40,230
721fd1b20f80,72200d281000,236
721fd1b20f80,721fa0b28380,236
721fd1b20f80,721ff60706c0,232
721fd1b20f80,721fbf744a80,230
721fd1b20f80,721ff829f000,232
721fd1b20f80,721fcd328640,358
721f9df0cc00,721f924c8980,232
721f9df0cc00,721fffa47880,238
721f9df0cc00,721fc57e29c0,236
721f9df0cc00,721fae8bc100,242
721f9df0cc00,721fd3d70880,236
721f9df0cc00,721fec712f80,234
721f9df0cc00,721fcded6a40,228
721f9df0cc00,721ffc081480,240
721f9df0cc00,721fb4acfc40,232
721f9df0cc00,721fd623f9c0,242
721f9df0cc00,721fcb708c40,230
721f9df0cc00,72200d281000,236
721f9df0cc00,721fa0b28380,236
721f9df0cc00,721ff60706c0,232
721f9df0cc00,721fbf744a80,232
721f9df0cc00,721ff829f000,232
721f9df0cc00,721fcd328640,230
721f9df0cc00,721fa326aac0,232
721f9df0cc00,721fe6735ec0,356
72200ce3a800,721f924c8980,232
72200ce3a800,721fffa47880,232
72200ce3a800,721fc57e29c0,232
72200ce3a800,721fae8bc100,234
72200ce3a800,721fd3d70880,236
72200ce3a800,721fec712f80,236
72200ce3a800,721fcded6a40,232
72200ce3a800,721ffc081480,236
72200ce3a800,721fb4acfc40,232
72200ce3a800,721fd623f9c0,234
72200ce3a800,721fcb708c40,230
72200ce3a800,72200d281000,234
72200ce3a800,721fa0b28380,236
72200ce3a800,721ff60706c0,232
72200ce3a800,721fbf744a80,232
72200ce3a800,721ff829f000,232
72200ce3a800,721fcd328640,230
72200ce3a800,721fa326aac0,232
72200ce3a800,721fe6735ec0,230
72200ce3a800,721fc0ea9bc0,232
72200ce3a800,721fbe278c40,234
72200ce3a800,721f97ef9640,232
72200ce3a800,721f94390480,232
72200ce3a800,721fd0c990c0,360
721fd96f7a00,721f924c8980,358
721f9682b740,721f924c8980,230
721f9682b740,721fffa47880,240
721f9682b740,721fc57e29c0,236
721f9682b740,721fae8bc100,238
721f9682b740,721fd3d70880,234
721f9682b740,721fec712f80,236
721f9682b740,721fcded6a40,232
721f9682b740,721ffc081480,238
721f9682b740,721fb4acfc40,236
721f9682b740,721fd623f9c0,238
721f9682b740,721fcb708c40,232
721f9682b740,72200d281000,234
721f9682b740,721fa0b28380,362
7220023b80c0,721f924c8980,230
7220023b80c0,721fffa47880,232
7220023b80c0,721fc57e29c0,234
7220023b80c0,721fae8bc100,230
7220023b80c0,721fd3d70880,230
7220023b80c0,721fec712f80,232
7220023b80c0,721fcded6a40,232
7220023b80c0,721ffc081480,232
7220023b80c0,721fb4acfc40,234
7220023b80c0,721fd623f9c0,230
7220023b80c0,721fcb708c40,232
7220023b80c0,72200d281000,232
7220023b80c0,721fa0b28380,230
7220023b80c0,721ff60706c0,232
7220023b80c0,721fbf744a80,232
7220023b80c0,721ff829f000,230
7220023b80c0,721fcd328640,232
7220023b80c0,721fa326aac0,230
7220023b80c0,721fe6735ec0,232
7220023b80c0,721fc0ea9bc0,234
7220023b80c0,721fbe278c40,232
7220023b80c0,721f97ef9640,230
7220023b80c0,721f94390480,232
7220023b80c0,721fd0c990c0,234
7220023b80c0,721f96e97640,232
7220023b80c0,721faccb7f40,234
7220023b80c0,721f96156f40,232
7220023b80c0,721fcc4c3180,230
7220023b80c0,721fd27e6840,232
7220023b80c0,721fae018dc0,232
7220023b80c0,721fca6ddc40,358
721fe93d69c0,721f924c8980,230
721fe93d69c0,721fffa47880,242
721fe93d69c0,721fc57e29c0,236
721fe93d69c0,721fae8bc100,240
721fe93d69c0,721fd3d70880,234
721fe93d69c0,721fec712f80,236
721fe93d69c0,721fcded6a40,232
721fe93d69c0,721ffc081480,366
721fde388280,721f924c8980,232
721fde388280,721fffa47880,232
721fde388280,721fc57e29c0,234
721fde388280,721fae8bc100,236
721fde388280,721fd3d70880,236
721fde388280,721fec712f80,232
721fde388280,721fcded6a40,230
721fde388280,721ffc081480,234
721fde388280,721fb4acfc40,232
721fde388280,721fd623f9c0,232
721fde388280,721fcb708c40,232
721fde388280,72200d281000,234
721fde388280,721fa0b28380,234
721fde388280,721ff60706c0,232
721fde388280,721fbf744a80,236
721fde388280,721ff829f000,232
721fde388280,721fcd328640,232
721fde388280,721fa326aac0,232
721fde388280,721fe6735ec0,358
721fd3de3c40,721f924c8980,228
721fd3de3c40,721fffa47880,242
721fd3de3c40,721fc57e29c0,236
721fd3de3c40,721fae8bc100,240
721fd3de3c40,721fd3d70880,232
721fd3de3c40,721fec712f80,236
721fd3de3c40,721fcded6a40,232
721fd3de3c40,721ffc081480,242
721fd3de3c40,721fb4acfc40,236
721fd3de3c40,721fd623f9c0,238
721fd3de3c40,721fcb708c40,232
721fd3de3c40,72200d281000,236
721fd3de3c40,721fa0b28380,232
721fd3de3c40,721ff60706c0,358
721ff09c8800,721f924c8980,230
721ff09c8800,721fffa47880,234
721ff09c8800,721fc57e29c0,234
721ff09c8800,721fae8bc100,234
721ff09c8800,721fd3d70880,234
721ff09c8800,721fec712f80,236
721ff09c8800,721fcded6a40,232
721ff09c8800,721ffc081480,232
721ff09c8800,721fb4acfc40,234
721ff09c8800,721fd623f9c0,358
721fd86fa280,721f924c8980,358
721f96c99e80,721f924c8980,232
721f96c99e80,721fffa47880,234
721f96c99e80,721fc57e29c0,232
721f96c99e80,721fae8bc100,234
721f96c99e80,721fd3d70880,234
721f96c99e80,721fec712f80,232
721f96c99e80,721fcded6a40,230
721f96c99e80,721ffc081480,234
721f96c99e80,721fb4acfc40,232
721f96c99e80,721fd623f9c0,232
721f96c99e80,721fcb708c40,230
721f96c99e80,72200d281000,234
721f96c99e80,721fa0b28380,234
721f96c99e80,721ff60706c0,232
721f96c99e80,721fbf744a80,232
721f96c99e80,721ff829f000,232
721f96c99e80,721fcd328640,234
721f96c99e80,721fa326aac0,232
721f96c99e80,721fe6735ec0,230
721f96c99e80,721fc0ea9bc0,230
721f96c99e80,721fbe278c40,234
721f96c99e80,721f97ef9640,232
721f96c99e80,721f94390480,360
721fb77ccfc0,721f924c8980,228
721fb77ccfc0,721fffa47880,236
721fb77ccfc0,721fc57e29c0,236
721fb77ccfc0,721fae8bc100,234
721fb77ccfc0,721fd3d70880,232
721fb77ccfc0,721fec712f80,236
721fb77ccfc0,721fcded6a40,232
721fb77ccfc0,721ffc081480,236
721fb77ccfc0,721fb4acfc40,236
721fb77ccfc0,721fd623f9c0,234
721fb77ccfc0,721fcb708c40,232
721fb77ccfc0,72200d281000,362
721fe1c3c880,721f924c8980,232
721fe1c3c880,721fffa47880,240
721fe1c3c880,721fc57e29c0,234
721fe1c3c880,721fae8bc100,242
721fe1c3c880,721fd3d70880,236
721fe1c3c880,721fec712f80,234
721fe1c3c880,721fcded6a40,230
721fe1c3c880,721ffc081480,242
721fe1c3c880,721fb4acfc40,236
721fe1c3c880,721fd623f9c0,240
721fe1c3c880,721fcb708c40,234
721fe1c3c880,72200d281000,236
721fe1c3c880,721fa0b28380,236
721fe1c3c880,721ff60706c0,232
721fe1c3c880,721fbf744a80,230
721fe1c3c880,721ff829f000,232
721fe1c3c880,721fcd328640,230
721fe1c3c880,721fa326aac0,232
721fe1c3c880,721fe6735ec0,228
721fe1c3c880,721fc0ea9bc0,362
721fc8587c40,721f924c8980,232
721fc8587c40,721fffa47880,238
721fc8587c40,721fc57e29c0,236
721fc8587c40,721fae8bc100,242
721fc8587c40,721fd3d70880,236
721fc8587c40,721fec712f80,234
721fc8587c40,721fcded6a40,230
721fc8587c40,721ffc081480,242
721fc8587c40,721fb4acfc40,234
721fc8587c40,721fd623f9c0,240
721fc8587c40,721fcb708c40,230
721fc8587c40,72200d281000,236
721fc8587c40,721fa0b28380,236
721fc8587c40,721ff60706c0,232
721fc8587c40,721fbf744a80,358
721fd3d25980,721f924c8980,228
721fd3d25980,721fffa47880,242
721fd3d25980,721fc57e29c0,236
721fd3d25980,721fae8bc100,368
721fdc8a8800,721f924c8980,232
721fdc8a8800,721fffa47880,360
721fde89b280,721f924c8980,228
721fde89b280,721fffa47880,238
721fde89b280,721fc57e29c0,236
721fde89b280,721fae8bc100,236
721fde89b280,721fd3d70880,234
721fde89b280,721fec712f80,236
721fde89b280,721fcded6a40,232
721fde89b280,721ffc081480,238
721fde89b280,721fb4acfc40,236
721fde89b280,721fd623f9c0,234
721fde89b280,721fcb708c40,232
721fde89b280,72200d281000,362
721fa98e6b00,721f924c8980,232
721fa98e6b00,721fffa47880,232
721fa98e6b00,721fc57e29c0,230
721fa98e6b00,721fae8bc100,232
721fa98e6b00,721fd3d70880,234
721fa98e6b00,721fec712f80,234
721fa98e6b00,721fcded6a40,232
721fa98e6b00,721ffc081480,234
721fa98e6b00,721fb4acfc40,230
721fa98e6b00,721fd623f9c0,232
721fa98e6b00,721fcb708c40,230
721fa98e6b00,72200d281000,234
721fa98e6b00,721fa0b28380,234
721fa98e6b00,721ff60706c0,232
721fa98e6b00,721fbf744a80,230
721fa98e6b00,721ff829f000,232
721fa98e6b00,721fcd328640,230
721fa98e6b00,721fa326aac0,232
721fa98e6b00,721fe6735ec0,230
721fa98e6b00,721fc0ea9bc0,230
721fa98e6b00,721fbe278c40,232
721fa98e6b00,721f97ef9640,232
721fa98e6b00,721f94390480,232
721fa98e6b00,721fd0c990c0,358
721fd2895d40,721f924c8980,232
721fd2895d40,721fffa47880,238
721fd2895d40,721fc57e29c0,236
721fd2895d40,721fae8bc100,242
721fd2895d40,721fd3d70880,236
721fd2895d40,721fec712f80,234
721fd2895d40,721fcded6a40,230
721fd2895d40,721ffc081480,242
721fd2895d40,721fb4acfc40,234
721fd2895d40,721fd623f9c0,240
721fd2895d40,721fcb708c40,232
721fd2895d40,72200d281000,236
721fd2895d40,721fa0b28380,236
721fd2895d40,721ff60706c0,234
721fd2895d40,721fbf744a80,356
721fc4a76840,721f924c8980,232
721fc4a76840,721fffa47880,232
721fc4a76840,721fc57e29c0,234
721fc4a76840,721fae8bc100,232
721fc4a76840,721fd3d70880,232
721fc4a76840,721fec712f80,234
721fc4a76840,721fcded6a40,232
721fc4a76840,721ffc081480,232
721fc4a76840,721fb4acfc40,234
721fc4a76840,721fd623f9c0,232
721fc4a76840,721fcb708c40,232
721fc4a76840,72200d281000,232
721fc4a76840,721fa0b28380,232
721fc4a76840,721ff60706c0,232
721fc4a76840,721fbf744a80,232
721fc4a76840,721ff829f000,230
721fc4a76840,721fcd328640,232
721fc4a76840,721fa326aac0,230
721fc4a76840,721fe6735ec0,232
721fc4a76840,721fc0ea9bc0,234
721fc4a76840,721fbe278c40,232
721fc4a76840,721f97ef9640,232
721fc4a76840,721f94390480,234
721fc4a76840,721fd0c990c0,234
721fc4a76840,721f96e97640,360
721fcc79cc80,721f924c8980,230
721fcc79cc80,721fffa47880,234
721fcc79cc80,721fc57e29c0,232
721fcc79cc80,721fae8bc100,232
721fcc79cc80,721fd3d70880,230
721fcc79cc80,721fec712f80,234
721fcc79cc80,721fcded6a40,232
721fcc79cc80,721ffc081480,230
721fcc79cc80,721fb4acfc40,232
721fcc79cc80,721fd623f9c0,230
721fcc79cc80,721fcb708c40,232
721fcc79cc80,72200d281000,232
721fcc79cc80,721fa0b28380,358
721ff5ef4600,721f924c8980,228
721ff5ef4600,721fffa47880,238
721ff5ef4600,721fc57e29c0,236
721ff5ef4600,721fae8bc100,236
721ff5ef4600,721fd3d70880,234
721ff5ef4600,721fec712f80,236
721ff5ef4600,721fcded6a40,232
721ff5ef4600,721ffc081480,238
721ff5ef4600,721fb4acfc40,236
721ff5ef4600,721fd623f9c0,234
721ff5ef4600,721fcb708c40,232
721ff5ef4600,72200d281000,234
721ff5ef4600,721fa0b28380,362
721fb7299c00,721f924c8980,228
721fb7299c00,721fffa47880,242
721fb7299c00,721fc57e29c0,236
721fb7299c00,721fae8bc100,242
721fb7299c00,721fd3d70880,236
721fb7299c00,721fec712f80,236
721fb7299c00,721fcded6a40,232
721fb7299c00,721ffc081480,238
721fb7299c00,721fb4acfc40,236
721fb7299c00,721fd623f9c0,366
721fbc215600,721f924c8980,230
721fbc215600,721fffa47880,240
721fbc215600,721fc57e29c0,236
721fbc215600,721fae8bc100,244
721fbc215600,721fd3d70880,236
721fbc215600,721fec712f80,236
721fbc215600,721fcded6a40,232
721fbc215600,721ffc081480,238
721fbc215600,721fb4acfc40,236
721fbc215600,721fd623f9c0,242
721fbc215600,721fcb708c40,232
721fbc215600,72200d281000,234
721fbc215600,721fa0b28380,234
721fbc215600,721ff60706c0,230
721fbc215600,721fbf744a80,232
721fbc215600,721ff829f000,230
721fbc215600,721fcd328640,232
721fbc215600,721fa326aac0,230
721fbc215600,721fe6735ec0,232
721fbc215600,721fc0ea9bc0,238
721fbc215600,721fbe278c40,368
721fb5671e40,721f924c8980,232
721fb5671e40,721fffa47880,230
721fb5671e40,721fc57e29c0,232
721fb5671e40,721fae8bc100,234
721fb5671e40,721fd3d70880,234
721fb5671e40,721fec712f80,234
721fb5671e40,721fcded6a40,232
721fb5671e40,721ffc081480,234
721fb5671e40,721fb4acfc40,232
721fb5671e40,721fd623f9c0,234
721fb5671e40,721fcb708c40,230
721fb5671e40,72200d281000,234
721fb5671e40,721fa0b28380,234
721fb5671e40,721ff60706c0,232
721fb5671e40,721fbf744a80,230
721fb5671e40,721ff829f000,232
721fb5671e40,721fcd328640,232
721fb5671e40,721fa326aac0,232
721fb5671e40,721fe6735ec0,230
721fb5671e40,721fc0ea9bc0,232
721fb5671e40,721fbe278c40,234
721fb5671e40,721f97ef9640,232
721fb5671e40,721f94390480,232
721fb5671e40,721fd0c990c0,234
721fb5671e40,721f96e97640,234
721fb5671e40,721faccb7f40,360
721fb3080000,721f924c8980,232
721fb3080000,721fffa47880,238
721fb3080000,721fc57e29c0,234
721fb3080000,721fae8bc100,238
721fb3080000,721fd3d70880,236
721fb3080000,721fec712f80,234
721fb3080000,721fcded6a40,228
721fb3080000,721ffc081480,238
721fb3080000,721fb4acfc40,236
721fb3080000,721fd623f9c0,236
721fb3080000,721fcb708c40,232
721fb3080000,72200d281000,236
721fb3080000,721fa0b28380,236
721fb3080000,721ff60706c0,232
721fb3080000,721fbf744a80,230
721fb3080000,721ff829f000,232
721fb3080000,721fcd328640,230
721fb3080000,721fa326aac0,232
721fb3080000,721fe6735ec0,228
721fb3080000,721fc0ea9bc0,238
721fb3080000,721fbe278c40,238
721fb3080000,721f97ef9640,232
721fb3080000,721f94390480,238
721fb3080000,721fd0c990c0,234
721fb3080000,721f96e97640,238
721fb3080000,721faccb7f40,236
721fb3080000,721f96156f40,236
721fb3080000,721fcc4c3180,236
721fb3080000,721fd27e6840,228
721fb3080000,721fae018dc0,228
721fb3080000,721fca6ddc40,236
721fb3080000,721fd9682240,362
721fe95d3180,721f924c8980,232
721fe95d3180,721fffa47880,238
721fe95d3180,721fc57e29c0,362
721fc42d0180,721f924c8980,232
721fc42d0180,721fffa47880,234
721fc42d0180,721fc57e29c0,230
721fc42d0180,721fae8bc100,234
721fc42d0180,721fd3d70880,234
721fc42d0180,721fec712f80,230
721fc42d0180,721fcded6a40,230
721fc42d0180,721ffc081480,234
721fc42d0180,721fb4acfc40,230
721fc42d0180,721fd623f9c0,232
721fc42d0180,721fcb708c40,230
721fc42d0180,72200d281000,234
721fc42d0180,721fa0b28380,234
721fc42d0180,721ff60706c0,232
721fc42d0180,721fbf744a80,230
721fc42d0180,721ff829f000,232
721fc42d0180,721fcd328640,232
721fc42d0180,721fa326aac0,232
721fc42d0180,721fe6735ec0,230
721fc42d0180,721fc0ea9bc0,230
721fc42d0180,721fbe278c40,232
721fc42d0180,721f97ef9640,232
721fc42d0180,721f94390480,358
721fe3e40b40,721f924c8980,230
721fe3e40b40,721fffa47880,232
721fe3e40b40,721fc57e29c0,234
721fe3e40b40,721fae8bc100,230
721fe3e40b40,721fd3d70880,230
721fe3e40b40,721fec712f80,232
721fe3e40b40,721fcded6a40,232
721fe3e40b40,721ffc081480,230
721fe3e40b40,721fb4acfc40,232
721fe3e40b40,721fd623f9c0,232
721fe3e40b40,721fcb708c40,232
721fe3e40b40,72200d281000,230
721fe3e40b40,721fa0b28380,358
721f980e2a80,721f924c8980,232
721f980e2a80,721fffa47880,236
721f980e2a80,721fc57e29c0,236
721f980e2a80,721fae8bc100,240
721f980e2a80,721fd3d70880,236
721f980e2a80,721fec712f80,234
721f980e2a80,721fcded6a40,230
721f980e2a80,721ffc081480,240
721f980e2a80,721fb4acfc40,234
721f980e2a80,721fd623f9c0,240
721f980e2a80,721fcb708c40,230
721f980e2a80,72200d281000,236
721f980e2a80,721fa0b28380,236
721f980e2a80,721ff60706c0,232
721f980e2a80,721fbf744a80,232
721f980e2a80,721ff829f000,232
721f980e2a80,721fcd328640,230
721f980e2a80,721fa326aac0,232
721f980e2a80,721fe6735ec0,356
722006ff1100,721f924c8980,232
722006ff1100,721fffa47880,238
722006ff1100,721fc57e29c0,234
722006ff1100,721fae8bc100,242
722006ff1100,721fd3d70880,236
722006ff1100,721fec712f80,362
721ff2f4d780,721f924c8980,230
721ff2f4d780,721fffa47880,234
721ff2f4d780,721fc57e29c0,234
721ff2f4d780,721fae8bc100,232
721ff2f4d780,721fd3d70880,232
721ff2f4d780,721fec712f80,234
721ff2f4d780,721fcded6a40,232
721ff2f4d780,721ffc081480,234
721ff2f4d780,721fb4acfc40,234
721ff2f4d780,721fd623f9c0,230
721ff2f4d780,721fcb708c40,232
721ff2f4d780,72200d281000,236
721ff2f4d780,721fa0b28380,232
721ff2f4d780,721ff60706c0,234
721ff2f4d780,721fbf744a80,232
721ff2f4d780,721ff829f000,230
721ff2f4d780,721fcd328640,232
721ff2f4d780,721fa326aac0,230
721ff2f4d780,721fe6735ec0,232
721ff2f4d780,721fc0ea9bc0,234
721ff2f4d780,721fbe278c40,232
721ff2f4d780,721f97ef9640,230
721ff2f4d780,721f94390480,234
721ff2f4d780,721fd0c990c0,234
721ff2f4d780,721f96e97640,232
721ff2f4d780,721faccb7f40,234
721ff2f4d780,721f96156f40,232
721ff2f4d780,721fcc4c3180,232
721ff2f4d780,721fd27e6840,232
721ff2f4d780,721fae018dc0,232
721ff2f4d780,721fca6ddc40,360
721f9611d2c0,721f924c8980,230
721f9611d2c0,721fffa47880,232
721f9611d2c0,721fc57e29c0,234
721f9611d2c0,721fae8bc100,232
721f9611d2c0,721fd3d70880,232
721f9611d2c0,721fec712f80,234
721f9611d2c0,721fcded6a40,232
721f9611d2c0,721ffc081480,234
721f9611d2c0,721fb4acfc40,236
721f9611d2c0,721fd623f9c0,232
721f9611d2c0,721fcb708c40,232
721f9611d2c0,72200d281000,360
721fd18e8b40,721f924c8980,230
721fd18e8b40,721fffa47880,240
721fd18e8b40,721fc57e29c0,236
721fd18e8b40,721fae8bc100,236
721fd18e8b40,721fd3d70880,232
721fd18e8b40,721fec712f80,236
721fd18e8b40,721fcded6a40,232
721fd18e8b40,721ffc081480,364
721ffa978ec0,721f924c8980,232
721ffa978ec0,721fffa47880,230
721ffa978ec0,721fc57e29c0,232
721ffa978ec0,721fae8bc100,234
721ffa978ec0,721fd3d70880,234
721ffa978ec0,721fec712f80,234
721ffa978ec0,721fcded6a40,232
721ffa978ec0,721ffc081480,232
721ffa978ec0,721fb4acfc40,232
721ffa978ec0,721fd623f9c0,234
721ffa978ec0,721fcb708c40,230
721ffa978ec0,72200d281000,234
721ffa978ec0,721fa0b28380,234
721ffa978ec0,721ff60706c0,232
721ffa978ec0,721fbf744a80,232
721ffa978ec0,721ff829f000,232
721ffa978ec0,721fcd328640,230
721ffa978ec0,721fa326aac0,232
721ffa978ec0,721fe6735ec0,230
721ffa978ec0,721fc0ea9bc0,232
721ffa978ec0,721fbe278c40,236
721ffa978ec0,721f97ef9640,232
721ffa978ec0,721f94390480,232
721ffa978ec0,721fd0c990c0,360
7220096d5380,721f924c8980,358
721fabebf500,721f924c8980,232
721fabebf500,721fffa47880,238
721fabebf500,721fc57e29c0,234
721fabebf500,721fae8bc100,242
721fabebf500,721fd3d70880,236
721fabebf500,721fec712f80,362
721fc9f01180,721f924c8980,230
721fc9f01180,721fffa47880,240
721fc9f01180,721fc57e29c0,236
721fc9f01180,721fae8bc100,240
721fc9f01180,721fd3d70880,234
721fc9f01180,721fec712f80,236
721fc9f01180,721fcded6a40,232
721fc9f01180,721ffc081480,238
721fc9f01180,721fb4acfc40,236
721fc9f01180,721fd623f9c0,238
721fc9f01180,721fcb708c40,232
721fc9f01180,72200d281000,234
721fc9f01180,721fa0b28380,236
721fc9f01180,721ff60706c0,230
721fc9f01180,721fbf744a80,232
721fc9f01180,721ff829f000,232
721fc9f01180,721fcd328640,232
721fc9f01180,721fa326aac0,358
721fce6b8fc0,721f924c8980,232
721fce6b8fc0,721fffa47880,238
721fce6b8fc0,721fc57e29c0,236
721fce6b8fc0,721fae8bc100,242
721fce6b8fc0,721fd3d70880,236
721fce6b8fc0,721fec712f80,234
721fce6b8fc0,721fcded6a40,230
721fce6b8fc0,721ffc081480,240
721fce6b8fc0,721fb4acfc40,234
721fce6b8fc0,721fd623f9c0,240
721fce6b8fc0,721fcb708c40,230
721fce6b8fc0,72200d281000,236
721fce6b8fc0,721fa0b28380,236
721fce6b8fc0,721ff60706c0,234
721fce6b8fc0,721fbf744a80,232
721fce6b8fc0,721ff829f000,232
721fce6b8fc0,721fcd328640,230
721fce6b8fc0,721fa326aac0,232
721fce6b8fc0,721fe6735ec0,358
72200da87d40,721f924c8980,356
721f937fb440,721f924c8980,232
721f937fb440,721fffa47880,232
721f937fb440,721fc57e29c0,232
721f937fb440,721fae8bc100,232
721f937fb440,721fd3d70880,232
721f937fb440,721fec712f80,230
721f937fb440,721fcded6a40,228
721f937fb440,721ffc081480,232
721f937fb440,721fb4acfc40,230
721f937fb440,721fd623f9c0,234
721f937fb440,721fcb708c40,230
721f937fb440,72200d281000,234
721f937fb440,721fa0b28380,234
721f937fb440,721ff60706c0,232
721f937fb440,721fbf744a80,230
721f937fb440,721ff829f000,232
721f937fb440,721fcd328640,232
721f937fb440,721fa326aac0,232
721f937fb440,721fe6735ec0,230
721f937fb440,721fc0ea9bc0,232
721f937fb440,721fbe278c40,234
721f937fb440,721f97ef9640,232
721f937fb440,721f94390480,358
721fd6552e40,721f924c8980,230
721fd6552e40,721fffa47880,234
721fd6552e40,721fc57e29c0,234
721fd6552e40,721fae8bc100,358
721fb6454d40,721f924c8980,230
721fb6454d40,721fffa47880,234
721fb6454d40,721fc57e29c0,236
721fb6454d40,721fae8bc100,238
721fb6454d40,721fd3d70880,236
721fb6454d40,721fec712f80,232
721fb6454d40,721fcded6a40,230
721fb6454d40,721ffc081480,236
721fb6454d40,721fb4acfc40,234
721fb6454d40,721fd623f9c0,238
721fb6454d40,721fcb708c40,230
721fb6454d40,72200d281000,236
721fb6454d40,721fa0b28380,236
721fb6454d40,721ff60706c0,232
721fb6454d40,721fbf744a80,358
721fe6637cc0,721f924c8980,232
721fe6637cc0,721fffa47880,232
721fe6637cc0,721fc57e29c0,230
721fe6637cc0,721fae8bc100,232
721fe6637cc0,721fd3d70880,234
721fe6637cc0,721fec712f80,230
721fe6637cc0,721fcded6a40,230
721fe6637cc0,721ffc081480,232
721fe6637cc0,721fb4acfc40,230
721fe6637cc0,721fd623f9c0,234
721fe6637cc0,721fcb708c40,232
721fe6637cc0,72200d281000,232
721fe6637cc0,721fa0b28380,232
721fe6637cc0,721ff60706c0,232
721fe6637cc0,721fbf744a80,230
721fe6637cc0,721ff829f000,232
721fe6637cc0,721fcd328640,232
721fe6637cc0,721fa326aac0,232
721fe6637cc0,721fe6735ec0,230
721fe6637cc0,721fc0ea9bc0,230
721fe6637cc0,721fbe278c40,234
721fe6637cc0,721f97ef9640,232
721fe6637cc0,721f94390480,232
721fe6637cc0,721fd0c990c0,230
721fe6637cc0,721f96e97640,234
721fe6637cc0,721faccb7f40,230
721fe6637cc0,721f96156f40,234
721fe6637cc0,721fcc4c3180,232
721fe6637cc0,721fd27e6840,356
721f8fcdaac0,721f924c8980,232
721f8fcdaac0,721fffa47880,238
721f8fcdaac0,721fc57e29c0,234
721f8fcdaac0,721fae8bc100,244
721f8fcdaac0,721fd3d70880,236
721f8fcdaac0,721fec712f80,234
721f8fcdaac0,721fcded6a40,230
721f8fcdaac0,721ffc081480,240
721f8fcdaac0,721fb4acfc40,236
721f8fcdaac0,721fd623f9c0,242
721f8fcdaac0,721fcb708c40,232
721f8fcdaac0,72200d281000,236
721f8fcdaac0,721fa0b28380,236
721f8fcdaac0,721ff60706c0,232
721f8fcdaac0,721fbf744a80,230
721f8fcdaac0,721ff829f000,232
721f8fcdaac0,721fcd328640,232
721f8fcdaac0,721fa326aac0,232
721f8fcdaac0,721fe6735ec0,228
721f8fcdaac0,721fc0ea9bc0,362
721ffb37a700,721f924c8980,228
721ffb37a700,721fffa47880,242
721ffb37a700,721fc57e29c0,236
721ffb37a700,721fae8bc100,240
721ffb37a700,721fd3d70880,234
721ffb37a700,721fec712f80,236
721ffb37a700,721fcded6a40,232
721ffb37a700,721ffc081480,240
721ffb37a700,721fb4acfc40,236
721ffb37a700,721fd623f9c0,238
721ffb37a700,721fcb708c40,232
721ffb37a700,72200d281000,362
721fb40e0500,721f924c8980,230
721fb40e0500,721fffa47880,234
721fb40e0500,721fc57e29c0,232
721fb40e0500,721fae8bc100,234
721fb40e0500,721fd3d70880,234
721fb40e0500,721fec712f80,234
721fb40e0500,721fcded6a40,232
721fb40e0500,721ffc081480,230
721fb40e0500,721fb4acfc40,232
721fb40e0500,721fd623f9c0,358
721fdf775d80,721f924c8980,228
721fdf775d80,721fffa47880,242
721fdf775d80,721fc57e29c0,236
721fdf775d80,721fae8bc100,240
721fdf775d80,721fd3d70880,234
721fdf775d80,721fec712f80,236
721fdf775d80,721fcded6a40,232
721fdf775d80,721ffc081480,238
721fdf775d80,721fb4acfc40,236
721fdf775d80,721fd623f9c0,238
721fdf775d80,721fcb708c40,232
721fdf775d80,72200d281000,234
721fdf775d80,721fa0b28380,236
721fdf775d80,721ff60706c0,230
721fdf775d80,721fbf744a80,232
721fdf775d80,721ff829f000,232
721fdf775d80,721fcd328640,232
721fdf775d80,721fa326aac0,232
721fdf775d80,721fe6735ec0,232
721fdf775d80,721fc0ea9bc0,238
721fdf775d80,721fbe278c40,240
721fdf775d80,721f97ef9640,228
721fdf775d80,721f94390480,240
721fdf775d80,721fd0c990c0,236
721fdf775d80,721f96e97640,240
721fdf775d80,721faccb7f40,242
721fdf775d80,721f96156f40,362
721f95e61200,721f924c8980,232
721f95e61200,721fffa47880,240
721f95e61200,721fc57e29c0,234
721f95e61200,721fae8bc100,242
721f95e61200,721fd3d70880,236
721f95e61200,721fec712f80,234
721f95e61200,721fcded6a40,230
721f95e61200,721ffc081480,240
721f95e61200,721fb4acfc40,234
721f95e61200,721fd623f9c0,242
721f95e61200,721fcb708c40,230
721f95e61200,72200d281000,236
721f95e61200,721fa0b28380,236
721f95e61200,721ff60706c0,232
721f95e61200,721fbf744a80,230
721f95e61200,721ff829f000,232
721f95e61200,721fcd328640,232
721f95e61200,721fa326aac0,232
721f95e61200,721fe6735ec0,228
721f95e61200,721fc0ea9bc0,234
721f95e61200,721fbe278c40,242
721f95e61200,721f97ef9640,232
721f95e61200,721f94390480,366
721ff7b76240,721f924c8980,228
721ff7b76240,721fffa47880,240
721ff7b76240,721fc57e29c0,236
721ff7b76240,721fae8bc100,242
721ff7b76240,721fd3d70880,236
721ff7b76240,721fec712f80,236
721ff7b76240,721fcded6a40,232
721ff7b76240,721ffc081480,240
721ff7b76240,721fb4acfc40,236
721ff7b76240,721fd623f9c0,242
721ff7b76240,721fcb708c40,234
721ff7b76240,72200d281000,234
721ff7b76240,721fa0b28380,234
721ff7b76240,721ff60706c0,230
721ff7b76240,721fbf744a80,234
721ff7b76240,721ff829f000,228
721ff7b76240,721fcd328640,234
721ff7b76240,721fa326aac0,230
721ff7b76240,721fe6735ec0,232
721ff7b76240,721fc0ea9bc0,238
721ff7b76240,721fbe278c40,368
721f953ec600,721f924c8980,228
721f953ec600,721fffa47880,238
721f953ec600,721fc57e29c0,236
721f953ec600,721fae8bc100,236
721f953ec600,721fd3d70880,234
721f953ec600,721fec712f80,236
721f953ec600,721fcded6a40,232
721f953ec600,721ffc081480,238
721f953ec600,721fb4acfc40,236
721f953ec600,721fd623f9c0,234
721f953ec600,721fcb708c40,232
721f953ec600,72200d281000,234
721f953ec600,721fa0b28380,236
721f953ec600,721ff60706c0,230
721f953ec600,721fbf744a80,232
721f953ec600,721ff829f000,232
721f953ec600,721fcd328640,232
721f953ec600,721fa326aac0,232
721f953ec600,721fe6735ec0,232
721f953ec600,721fc0ea9bc0,236
721f953ec600,721fbe278c40,236
721f953ec600,721f97ef9640,230
721f953ec600,721f94390480,240
721f953ec600,721fd0c990c0,236
721f953ec600,721f96e97640,236
721f953ec600,721faccb7f40,236
721f953ec600,721f96156f40,362
721fd37fdec0,721f924c8980,228
721fd37fdec0,721fffa47880,242
721fd37fdec0,721fc57e29c0,236
721fd37fdec0,721fae8bc100,240
721fd37fdec0,721fd3d70880,234
721fd37fdec0,721fec712f80,236
721fd37fdec0,721fcded6a40,232
721fd37fdec0,721ffc081480,238
721fd37fdec0,721fb4acfc40,236
721fd37fdec0,721fd623f9c0,238
721fd37fdec0,721fcb708c40,232
721fd37fdec0,72200d281000,234
721fd37fdec0,721fa0b28380,236
721fd37fdec0,721ff60706c0,232
721fd37fdec0,721fbf744a80,232
721fd37fdec0,721ff829f000,356
721fdec6a880,721f924c8980,228
721fdec6a880,721fffa47880,242
721fdec6a880,721fc57e29c0,236
721fdec6a880,721fae8bc100,240
721fdec6a880,721fd3d70880,234
721fdec6a880,721fec712f80,236
721fdec6a880,721fcded6a40,232
721fdec6a880,721ffc081480,242
721fdec6a880,721fb4acfc40,236
721fdec6a880,721fd623f9c0,238
721fdec6a880,721fcb708c40,232
721fdec6a880,72200d281000,236
721fdec6a880,721fa0b28380,234
721fdec6a880,721ff60706c0,232
721fdec6a880,721fbf744a80,232
721fdec6a880,721ff829f000,230
721fdec6a880,721fcd328640,232
721fdec6a880,721fa326aac0,230
721fdec6a880,721fe6735ec0,232
721fdec6a880,721fc0ea9bc0,238
721fdec6a880,721fbe278c40,240
721fdec6a880,721f97ef9640,228
721fdec6a880,721f94390480,240
721fdec6a880,721fd0c990c0,236
721fdec6a880,721f96e97640,240
721fdec6a880,721faccb7f40,242
721fdec6a880,721f96156f40,234
721fdec6a880,721fcc4c3180,234
721fdec6a880,721fd27e6840,232
721fdec6a880,721fae018dc0,232
721fdec6a880,721fca6ddc40,360
721fbd886200,721f924c8980,232
721fbd886200,721fffa47880,238
721fbd886200,721fc57e29c0,234
721fbd886200,721fae8bc100,242
721fbd886200,721fd3d70880,236
721fbd886200,721fec712f80,234
721fbd886200,721fcded6a40,230
721fbd886200,721ffc081480,242
721fbd886200,721fb4acfc40,236
721fbd886200,721fd623f9c0,242
721fbd886200,721fcb708c40,358
722000c134c0,721f924c8980,232
722000c134c0,721fffa47880,230
722000c134c0,721fc57e29c0,232
722000c134c0,721fae8bc100,234
722000c134c0,721fd3d70880,234
722000c134c0,721fec712f80,232
722000c134c0,721fcded6a40,230
722000c134c0,721ffc081480,234
722000c134c0,721fb4acfc40,234
722000c134c0,721fd623f9c0,234
722000c134c0,721fcb708c40,234
722000c134c0,72200d281000,234
722000c134c0,721fa0b28380,234
722000c134c0,721ff60706c0,232
722000c134c0,721fbf744a80,232
722000c134c0,721ff829f000,232
722000c134c0,721fcd328640,232
722000c134c0,721fa326aac0,232
722000c134c0,721fe6735ec0,230
722000c134c0,721fc0ea9bc0,358
7220054dc700,721f924c8980,230
7220054dc700,721fffa47880,234
7220054dc700,721fc57e29c0,232
7220054dc700,721fae8bc100,234
7220054dc700,721fd3d70880,234
7220054dc700,721fec712f80,234
7220054dc700,721fcded6a40,232
7220054dc700,721ffc081480,230
7220054dc700,721fb4acfc40,232
7220054dc700,721fd623f9c0,232
7220054dc700,721fcb708c40,232
7220054dc700,72200d281000,230
7220054dc700,721fa0b28380,232
7220054dc700,721ff60706c0,230
7220054dc700,721fbf744a80,232
7220054dc700,721ff829f000,230
7220054dc700,721fcd328640,232
7220054dc700,721fa326aac0,228
7220054dc700,721fe6735ec0,232
7220054dc700,721fc0ea9bc0,232
7220054dc700,721fbe278c40,358
721fe1b06200,721f924c8980,228
721fe1b06200,721fffa47880,242
721fe1b06200,721fc57e29c0,236
721fe1b06200,721fae8bc100,240
721fe1b06200,721fd3d70880,234
721fe1b06200,721fec712f80,236
721fe1b06200,721fcded6a40,232
721fe1b06200,721ffc081480,238
721fe1b06200,721fb4acfc40,236
721fe1b06200,721fd623f9c0,238
721fe1b06200,721fcb708c40,232
721fe1b06200,72200d281000,234
721fe1b06200,721fa0b28380,236
721fe1b06200,721ff60706c0,230
721fe1b06200,721fbf744a80,232
721fe1b06200,721ff829f000,232
721fe1b06200,721fcd328640,232
721fe1b06200,721fa326aac0,232
721fe1b06200,721fe6735ec0,232
721fe1b06200,721fc0ea9bc0,238
721fe1b06200,721fbe278c40,240
721fe1b06200,721f97ef9640,228
721fe1b06200,721f94390480,242
721fe1b06200,721fd0c990c0,236
721fe1b06200,721f96e97640,240
721fe1b06200,721faccb7f40,242
721fe1b06200,721f96156f40,360
721fdb3e6680,721f924c8980,228
721fdb3e6680,721fffa47880,242
721fdb3e6680,721fc57e29c0,236
721fdb3e6680,721fae8bc100,240
721fdb3e6680,721fd3d70880,234
721fdb3e6680,721fec712f80,236
721fdb3e6680,721fcded6a40,232
721fdb3e6680,721ffc081480,238
721fdb3e6680,721fb4acfc40,236
721fdb3e6680,721fd623f9c0,238
721fdb3e6680,721fcb708c40,232
721fdb3e6680,72200d281000,234
721fdb3e6680,721fa0b28380,236
721fdb3e6680,721ff60706c0,230
721fdb3e6680,721fbf744a80,232
721fdb3e6680,721ff829f000,358
721fba9ac8c0,721f924c8980,228
721fba9ac8c0,721fffa47880,236
721fba9ac8c0,721fc57e29c0,236
721fba9ac8c0,721fae8bc100,234
721fba9ac8c0,721fd3d70880,232
721fba9ac8c0,721fec712f80,236
721fba9ac8c0,721fcded6a40,232
721fba9ac8c0,721ffc081480,234
721fba9ac8c0,721fb4acfc40,236
721fba9ac8c0,721fd623f9c0,234
721fba9ac8c0,721fcb708c40,232
721fba9ac8c0,72200d281000,362
721fb6b46d80,721f924c8980,232
721fb6b46d80,721fffa47880,238
721fb6b46d80,721fc57e29c0,362
721fe46c9140,721f924c8980,232
721fe46c9140,721fffa47880,230
721fe46c9140,721fc57e29c0,232
721fe46c9140,721fae8bc100,234
721fe46c9140,721fd3d70880,234
721fe46c9140,721fec712f80,232
721fe46c9140,721fcded6a40,230
721fe46c9140,721ffc081480,234
721fe46c9140,721fb4acfc40,234
721fe46c9140,721fd623f9c0,234
721fe46c9140,721fcb708c40,234
721fe46c9140,72200d281000,234
721fe46c9140,721fa0b28380,234
721fe46c9140,721ff60706c0,232
721fe46c9140,721fbf744a80,230
721fe46c9140,721ff829f000,232
721fe46c9140,721fcd328640,232
721fe46c9140,721fa326aac0,232
721fe46c9140,721fe6735ec0,230
721fe46c9140,721fc0ea9bc0,234
721fe46c9140,721fbe278c40,234
721fe46c9140,721f97ef9640,232
721fe46c9140,721f94390480,232
721fe46c9140,721fd0c990c0,232
721fe46c9140,721f96e97640,234
721fe46c9140,721faccb7f40,232
721fe46c9140,721f96156f40,234
721fe46c9140,721fcc4c3180,234
721fe46c9140,721fd27e6840,230
721fe46c9140,721fae018dc0,230
721fe46c9140,721fca6ddc40,234
721fe46c9140,721fd9682240,360
721fb2b9d9c0,721f924c8980,228
721fb2b9d9c0,721fffa47880,236
721fb2b9d9c0,721fc57e29c0,236
721fb2b9d9c0,721fae8bc100,238
721fb2b9d9c0,721fd3d70880,234
721fb2b9d9c0,721fec712f80,236
721fb2b9d9c0,721fcded6a40,232
721fb2b9d9c0,721ffc081480,234
721fb2b9d9c0,721fb4acfc40,236
721fb2b9d9c0,721fd623f9c0,364
721f9ac94540,721f924c8980,230
721f9ac94540,721fffa47880,240
721f9ac94540,721fc57e29c0,236
721f9ac94540,721fae8bc100,244
721f9ac94540,721fd3d70880,236
721f9ac94540,721fec712f80,236
721f9ac94540,721fcded6a40,232
721f9ac94540,721ffc081480,238
721f9ac94540,721fb4acfc40,236
721f9ac94540,721fd623f9c0,242
721f9ac94540,721fcb708c40,234
721f9ac94540,72200d281000,234
721f9ac94540,721fa0b28380,234
721f9ac94540,721ff60706c0,230
721f9ac94540,721fbf744a80,234
721f9ac94540,721ff829f000,230
721f9ac94540,721fcd328640,234
721f9ac94540,721fa326aac0,230
721f9ac94540,721fe6735ec0,232
721f9ac94540,721fc0ea9bc0,238
721f9ac94540,721fbe278c40,368
721feb9e6400,721f924c8980,230
721feb9e6400,721fffa47880,234
721feb9e6400,721fc57e29c0,234
721feb9e6400,721fae8bc100,232
721feb9e6400,721fd3d70880,232
721feb9e6400,721fec712f80,234
721feb9e6400,721fcded6a40,232
721feb9e6400,721ffc081480,234
721feb9e6400,721fb4acfc40,234
721feb9e6400,721fd623f9c0,230
721feb9e6400,721fcb708c40,232
721feb9e6400,72200d281000,234
721feb9e6400,721fa0b28380,234
721feb9e6400,721ff60706c0,360
721ff5686500,721f924c8980,232
721ff5686500,721fffa47880,242
721ff5686500,721fc57e29c0,236
721ff5686500,721fae8bc100,240
721ff5686500,721fd3d70880,234
721ff5686500,721fec712f80,236
721ff5686500,721fcded6a40,232
721ff5686500,721ffc081480,238
721ff5686500,721fb4acfc40,236
721ff5686500,721fd623f9c0,238
721ff5686500,721fcb708c40,232
721ff5686500,72200d281000,234
721ff5686500,721fa0b28380,234
721ff5686500,721ff60706c0,230
721ff5686500,721fbf744a80,232
721ff5686500,721ff829f000,228
721ff5686500,721fcd328640,232
721ff5686500,721fa326aac0,230
721ff5686500,721fe6735ec0,232
721ff5686500,721fc0ea9bc0,238
721ff5686500,721fbe278c40,240
721ff5686500,721f97ef9640,232
721ff5686500,721f94390480,242
721ff5686500,721fd0c990c0,236
721ff5686500,721f96e97640,368
72200680d440,721f924c8980,230
72200680d440,721fffa47880,234
72200680d440,721fc57e29c0,236
72200680d440,721fae8bc100,234
72200680d440,721fd3d70880,234
72200680d440,721fec712f80,234
72200680d440,721fcded6a40,232
72200680d440,721ffc081480,232
72200680d440,721fb4acfc40,234
72200680d440,721fd623f9c0,360
721fe62bb780,721f924c8980,230
721fe62bb780,721fffa47880,234
721fe62bb780,721fc57e29c0,234
721fe62bb780,721fae8bc100,232
721fe62bb780,721fd3d70880,232
721fe62bb780,721fec712f80,234
721fe62bb780,721fcded6a40,232
721fe62bb780,721ffc081480,232
721fe62bb780,721fb4acfc40,234
721fe62bb780,721fd623f9c0,230
721fe62bb780,721fcb708c40,232
721fe62bb780,72200d281000,232
721fe62bb780,721fa0b28380,360
721f92745a40,721f924c8980,230
721f92745a40,721fffa47880,240
721f92745a40,721fc57e29c0,236
721f92745a40,721fae8bc100,238
721f92745a40,721fd3d70880,234
721f92745a40,721fec712f80,236
721f92745a40,721fcded6a40,232
721f92745a40,721ffc081480,366
721fc190e600,721f924c8980,230
721fc190e600,721fffa47880,234
721fc190e600,721fc57e29c0,234
721fc190e600,721fae8bc100,232
721fc190e600,721fd3d70880,234
721fc190e600,721fec712f80,234
721fc190e600,721fcded6a40,232
721fc190e600,721ffc081480,234
721fc190e600,721fb4acfc40,234
721fc190e600,721fd623f9c0,230
721fc190e600,721fcb708c40,232
721fc190e600,72200d281000,360
721fa5b74780,721f924c8980,232
721fa5b74780,721fffa47880,358
721f913cd780,721f924c8980,230
721f913cd780,721fffa47880,242
721f913cd780,721fc57e29c0,236
721f913cd780,721fae8bc100,240
721f913cd780,721fd3d70880,234
721f913cd780,721fec712f80,236
721f913cd780,721fcded6a40,232
721f913cd780,721ffc081480,238
721f913cd780,721fb4acfc40,236
721f913cd780,721fd623f9c0,238
721f913cd780,721fcb708c40,232
721f913cd780,72200d281000,234
721f913cd780,721fa0b28380,236
721f913cd780,721ff60706c0,230
721f913cd780,721fbf744a80,232
721f913cd780,721ff829f000,232
721f913cd780,721fcd328640,232
721f913cd780,721fa326aac0,232
721f913cd780,721fe6735ec0,232
721f913cd780,721fc0ea9bc0,238
721f913cd780,721fbe278c40,240
721f913cd780,721f97ef9640,230
721f913cd780,721f94390480,240
721f913cd780,721fd0c990c0,236
721f913cd780,721f96e97640,240
721f913cd780,721faccb7f40,240
721f913cd780,721f96156f40,362
721fc6309a40,721f924c8980,230
721fc6309a40,721fffa47880,232
721fc6309a40,721fc57e29c0,234
721fc6309a40,721fae8bc100,230
721fc6309a40,721fd3d70880,230
721fc6309a40,721fec712f80,232
721fc6309a40,721fcded6a40,232
721fc6309a40,721ffc081480,230
721fc6309a40,721fb4acfc40,234
721fc6309a40,721fd623f9c0,230
721fc6309a40,721fcb708c40,232
721fc6309a40,72200d281000,230
721fc6309a40,721fa0b28380,358
721fed2c7600,721f924c8980,230
721fed2c7600,721fffa47880,240
721fed2c7600,721fc57e29c0,236
721fed2c7600,721fae8bc100,240
721fed2c7600,721fd3d70880,234
721fed2c7600,721fec712f80,236
721fed2c7600,721fcded6a40,232
721fed2c7600,721ffc081480,238
721fed2c7600,721fb4acfc40,236
721fed2c7600,721fd623f9c0,238
721fed2c7600,721fcb708c40,232
721fed2c7600,72200d281000,234
721fed2c7600,721fa0b28380,362
721fb8a22500,721f924c8980,232
721fb8a22500,721fffa47880,240
721fb8a22500,721fc57e29c0,236
721fb8a22500,721fae8bc100,236
721fb8a22500,721fd3d70880,234
721fb8a22500,721fec712f80,236
721fb8a22500,721fcded6a40,232
721fb8a22500,721ffc081480,238
721fb8a22500,721fb4acfc40,236
721fb8a22500,721fd623f9c0,236
721fb8a22500,721fcb708c40,234
721fb8a22500,72200d281000,234
721fb8a22500,721fa0b28380,234
721fb8a22500,721ff60706c0,230
721fb8a22500,721fbf744a80,232
721fb8a22500,721ff829f000,230
721fb8a22500,721fcd328640,234
721fb8a22500,721fa326aac0,230
721fb8a22500,721fe6735ec0,232
721fb8a22500,721fc0ea9bc0,238
721fb8a22500,721fbe278c40,236
721fb8a22500,721f97ef9640,232
721fb8a22500,721f94390480,240
721fb8a22500,721fd0c990c0,236
721fb8a22500,721f96e97640,238
721fb8a22500,721faccb7f40,240
721fb8a22500,721f96156f40,234
721fb8a22500,721fcc4c3180,362
721f9db41740,721f924c8980,232
721f9db41740,721fffa47880,230
721f9db41740,721fc57e29c0,234
721f9db41740,721fae8bc100,232
721f9db41740,721fd3d70880,232
721f9db41740,721fec712f80,232
721f9db41740,721fcded6a40,230
721f9db41740,721ffc081480,232
721f9db41740,721fb4acfc40,230
721f9db41740,721fd623f9c0,234
721f9db41740,721fcb708c40,230
721f9db41740,72200d281000,232
721f9db41740,721fa0b28380,232
721f9db41740,721ff60706c0,232
721f9db41740,721fbf744a80,358
721fee1a2100,721f924c8980,232
721fee1a2100,721fffa47880,230
721fee1a2100,721fc57e29c0,230
721fee1a2100,721fae8bc100,234
721fee1a2100,721fd3d70880,234
721fee1a2100,721fec712f80,360
721fa4f9cc00,721f924c8980,232
721fa4f9cc00,721fffa47880,238
721fa4f9cc00,721fc57e29c0,236
721fa4f9cc00,721fae8bc100,238
721fa4f9cc00,721fd3d70880,236
721fa4f9cc00,721fec712f80,234
721fa4f9cc00,721fcded6a40,228
721fa4f9cc00,721ffc081480,238
721fa4f9cc00,721fb4acfc40,234
721fa4f9cc00,721fd623f9c0,236
721fa4f9cc00,721fcb708c40,230
721fa4f9cc00,72200d281000,236
721fa4f9cc00,721fa0b28380,236
721fa4f9cc00,721ff60706c0,232
721fa4f9cc00,721fbf744a80,232
721fa4f9cc00,721ff829f000,232
721fa4f9cc00,721fcd328640,230
721fa4f9cc00,721fa326aac0,232
721fa4f9cc00,721fe6735ec0,232
721fa4f9cc00,721fc0ea9bc0,234
721fa4f9cc00,721fbe278c40,238
721fa4f9cc00,721f97ef9640,232
721fa4f9cc00,721f94390480,238
721fa4f9cc00,721fd0c990c0,234
721fa4f9cc00,721f96e97640,238
721fa4f9cc00,721faccb7f40,234
721fa4f9cc00,721f96156f40,236
721fa4f9cc00,721fcc4c3180,236
721fa4f9cc00,721fd27e6840,228
721fa4f9cc00,721fae018dc0,358
721fc2e21c40,721f924c8980,232
721fc2e21c40,721fffa47880,238
721fc2e21c40,721fc57e29c0,236
721fc2e21c40,721fae8bc100,242
721fc2e21c40,721fd3d70880,236
721fc2e21c40,721fec712f80,232
721fc2e21c40,721fcded6a40,228
721fc2e21c40,721ffc081480,240
721fc2e21c40,721fb4acfc40,236
721fc2e21c40,721fd623f9c0,242
721fc2e21c40,721fcb708c40,358
721fbeb17e80,721f924c8980,232
721fbeb17e80,721fffa47880,238
721fbeb17e80,721fc57e29c0,234
721fbeb17e80,721fae8bc100,242
721fbeb17e80,721fd3d70880,236
721fbeb17e80,721fec712f80,236
721fbeb17e80,721fcded6a40,356
721fabffde40,721f924c8980,232
721fabffde40,721fffa47880,234
721fabffde40,721fc57e29c0,232
721fabffde40,721fae8bc100,234
721fabffde40,721fd3d70880,234
721fabffde40,721fec712f80,232
721fabffde40,721fcded6a40,230
721fabffde40,721ffc081480,234
721fabffde40,721fb4acfc40,232
721fabffde40,721fd623f9c0,234
721fabffde40,721fcb708c40,232
721fabffde40,72200d281000,234
721fabffde40,721fa0b28380,234
721fabffde40,721ff60706c0,232
721fabffde40,721fbf744a80,232
721fabffde40,721ff829f000,232
721fabffde40,721fcd328640,360
721fabb97ec0,721f924c8980,232
721fabb97ec0,721fffa47880,230
721fabb97ec0,721fc57e29c0,230
721fabb97ec0,721fae8bc100,234
721fabb97ec0,721fd3d70880,232
721fabb97ec0,721fec712f80,230
721fabb97ec0,721fcded6a40,228
721fabb97ec0,721ffc081480,232
721fabb97ec0,721fb4acfc40,360
79483b6bde80,794824cf8a40,240
79483b6bde80,794873488680,240
79483b6bde80,79483db8a0c0,240
79483b6bde80,7948367cd100,364
7948347b6d80,7948408f34c0,238
7948347b6d80,794883cdc540,240
7948347b6d80,794826f8de80,240
7948347b6d80,794833c00bc0,240
7948347b6d80,79481c4fccc0,242
7948347b6d80,79488319eec0,240
7948347b6d80,79484406dd40,238
7948347b6d80,7948376f7c40,238
7948347b6d80,79482fd17540,240
7948347b6d80,79485678fc40,242
7948347b6d80,794883d22cc0,242
7948347b6d80,794852701a40,238
7948347b6d80,7948207e2f80,236
7948347b6d80,79486b76d040,238
7948347b6d80,79480b5f08c0,238
7948347b6d80,794826cdcc80,240
7948347b6d80,79482eeb2300,236
7948347b6d80,794879adc4c0,240
7948347b6d80,7948207d3c00,242
7948347b6d80,79481c4b0140,240
7948347b6d80,79485c8b5140,240
7948347b6d80,794824cf8a40,240
7948347b6d80,794873488680,240
7948347b6d80,79483db8a0c0,240
7948347b6d80,7948367cd100,240
7948347b6d80,7948554a9d80,366
79485496fa80,7948408f34c0,240
79485496fa80,794883cdc540,240
79485496fa80,794826f8de80,238
79485496fa80,794833c00bc0,238
79485496fa80,79481c4fccc0,238
79485496fa80,79488319eec0,238
79485496fa80,79484406dd40,240
79485496fa80,7948376f7c40,240
79485496fa80,79482fd17540,238
79485496fa80,79485678fc40,238
79485496fa80,794883d22cc0,238
79485496fa80,794852701a40,240
79485496fa80,7948207e2f80,240
79485496fa80,79486b76d040,240
79485496fa80,79480b5f08c0,240
79485496fa80,794826cdcc80,240
79485496fa80,79482eeb2300,240
79485496fa80,794879adc4c0,238
79485496fa80,7948207d3c00,242
79485496fa80,79481c4b0140,366
7948561c0d00,7948408f34c0,242
7948561c0d00,794883cdc540,238
7948561c0d00,794826f8de80,240
7948561c0d00,794833c00bc0,238
7948561c0d00,79481c4fccc0,366
794851fe7b40,7948408f34c0,240
794851fe7b40,794883cdc540,240
794851fe7b40,794826f8de80,240
794851fe7b40,794833c00bc0,240
794851fe7b40,79481c4fccc0,242
794851fe7b40,79488319eec0,240
794851fe7b40,79484406dd40,238
794851fe7b40,7948376f7c40,240
794851fe7b40,79482fd17540,240
794851fe7b40,79485678fc40,242
794851fe7b40,794883d22cc0,244
794851fe7b40,794852701a40,238
794851fe7b40,7948207e2f80,238
794851fe7b40,79486b76d040,238
794851fe7b40,79480b5f08c0,238
794851fe7b40,794826cdcc80,240
794851fe7b40,79482eeb2300,242
794851fe7b40,794879adc4c0,240
794851fe7b40,7948207d3c00,244
794851fe7b40,79481c4b0140,244
794851fe7b40,79485c8b5140,244
794851fe7b40,794824cf8a40,368
794849987e00,7948408f34c0,238
794849987e00,794883cdc540,240
794849987e00,794826f8de80,240
794849987e00,794833c00bc0,240
794849987e00,79481c4fccc0,242
794849987e00,79488319eec0,240
794849987e00,79484406dd40,238
794849987e00,7948376f7c40,238
794849987e00,79482fd17540,240
794849987e00,79485678fc40,240
794849987e00,794883d22cc0,242
794849987e00,794852701a40,238
794849987e00,7948207e2f80,238
794849987e00,79486b76d040,240
794849987e00,79480b5f08c0,240
794849987e00,794826cdcc80,240
794849987e00,79482eeb2300,238
794849987e00,794879adc4c0,240
794849987e00,7948207d3c00,240
794849987e00,79481c4b0140,240
794849987e00,79485c8b5140,242
794849987e00,794824cf8a40,240
794849987e00,794873488680,240
794849987e00,79483db8a0c0,236
794849987e00,7948367cd100,240
794849987e00,7948554a9d80,238
794849987e00,794860d238c0,238
794849987e00,794852b59ac0,366
70f97fbb37c0,70f99b66a680,238
70f97fbb37c0,70f9c1e39e40,238
70f97fbb37c0,70f985c38980,238
70f97fbb37c0,70f9661add00,242
70f97fbb37c0,70f9b0b602c0,238
70f97fbb37c0,70f9847788c0,242
70f97fbb37c0,70f9a52c2940,242
70f97fbb37c0,70f976046200,240
70f97fbb37c0,70f96f0c3cc0,240
70f97fbb37c0,70f97a16e400,242
70f97fbb37c0,70f98c094f40,242
70f97fbb37c0,70f990e30f00,242
70f97fbb37c0,70f9d22b0d80,238
70f97fbb37c0,70f96f193380,240
70f97fbb37c0,70f99acf3a40,240
70f97fbb37c0,70f987bf3840,240
70f97fbb37c0,70f9b4e201c0,238
70f97fbb37c0,70f99cf99380,240
70f97fbb37c0,70f9988116c0,366
70f96d469340,70f9a28981c0,366
70f979963280,70f9a28981c0,366
70f9d49730c0,70f9a28981c0,242
70f9d49730c0,70f9a5ac7100,238
70f9d49730c0,70f9cf2ffe00,238
70f9d49730c0,70f9d26d99c0,238
70f9d49730c0,70f9cc0c0480,240
70f9d49730c0,70f9dca789c0,238
70f9d49730c0,70f99743e6c0,242
70f9d49730c0,70f99b66a680,240
70f9d49730c0,70f9c1e39e40,240
70f9d49730c0,70f985c38980,242
70f9d49730c0,70f9661add00,242
70f9d49730c0,70f9b0b602c0,240
70f9d49730c0,70f9847788c0,240
70f9d49730c0,70f9a52c2940,240
70f9d49730c0,70f976046200,240
70f9d49730c0,70f96f0c3cc0,240
70f9d49730c0,70f97a16e400,240
70f9d49730c0,70f98c094f40,242
70f9d49730c0,70f990e30f00,238
70f9d49730c0,70f9d22b0d80,240
70f9d49730c0,70f96f193380,238
70f9d49730c0,70f99acf3a40,240
70f9d49730c0,70f987bf3840,366
70f9dfd0ab00,70f9a28981c0,242
70f9dfd0ab00,70f9a5ac7100,238
70f9dfd0ab00,70f9cf2ffe00,240
70f9dfd0ab00,70f9d26d99c0,238
70f9dfd0ab00,70f9cc0c0480,240
70f9dfd0ab00,70f9dca789c0,238
70f9dfd0ab00,70f99743e6c0,240
70f9dfd0ab00,70f99b66a680,240
70f9dfd0ab00,70f9c1e39e40,240
70f9dfd0ab00,70f985c38980,242
70f9dfd0ab00,70f9661add00,240
70f9dfd0ab00,70f9b0b602c0,240
70f9dfd0ab00,70f9847788c0,238
70f9dfd0ab00,70f9a52c2940,240
70f9dfd0ab00,70f976046200,240
70f9dfd0ab00,70f96f0c3cc0,238
70f9dfd0ab00,70f97a16e400,240
70f9dfd0ab00,70f98c094f40,242
70f9dfd0ab00,70f990e30f00,238
70f9dfd0ab00,70f9d22b0d80,240
70f9dfd0ab00,70f96f193380,366
70f985a0a840,70f9a28981c0,242
70f985a0a840,70f9a5ac7100,240
70f985a0a840,70f9cf2ffe00,240
70f985a0a840,70f9d26d99c0,240
70f985a0a840,70f9cc0c0480,238
70f985a0a840,70f9dca789c0,240
70f985a0a840,70f99743e6c0,240
70f985a0a840,70f99b66a680,240
70f985a0a840,70f9c1e39e40,238
70f985a0a840,70f985c38980,240
70f985a0a840,70f9661add00,242
70f985a0a840,70f9b0b602c0,366
70f9d4151cc0,70f9a28981c0,242
70f9d4151cc0,70f9a5ac7100,240
70f9d4151cc0,70f9cf2ffe00,238
70f9d4151cc0,70f9d26d99c0,240
70f9d4151cc0,70f9cc0c0480,240
70f9d4151cc0,70f9dca789c0,238
70f9d4151cc0,70f99743e6c0,242
70f9d4151cc0,70f99b66a680,240
70f9d4151cc0,70f9c1e39e40,240
70f9d4151cc0,70f985c38980,240
70f9d4151cc0,70f9661add00,238
70f9d4151cc0,70f9b0b602c0,240
70f9d4151cc0,70f9847788c0,242
70f9d4151cc0,70f9a52c2940,366
70f99eab3cc0,70f9a28981c0,242
70f99eab3cc0,70f9a5ac7100,238
70f99eab3cc0,70f9cf2ffe00,238
70f99eab3cc0,70f9d26d99c0,238
70f99eab3cc0,70f9cc0c0480,240
70f99eab3cc0,70f9dca789c0,364
70f9756a1580,70f9a28981c0,240
70f9756a1580,70f9a5ac7100,240
70f9756a1580,70f9cf2ffe00,240
70f9756a1580,70f9d26d99c0,240
70f9756a1580,70f9cc0c0480,238
70f9756a1580,70f9dca789c0,240
70f9756a1580,70f99743e6c0,240
70f9756a1580,70f99b66a680,236
70f9756a1580,70f9c1e39e40,238
70f9756a1580,70f985c38980,238
70f9756a1580,70f9661add00,242
70f9756a1580,70f9b0b602c0,238
70f9756a1580,70f9847788c0,242
70f9756a1580,70f9a52c2940,242
70f9756a1580,70f976046200,240
70f9756a1580,70f96f0c3cc0,240
70f9756a1580,70f97a16e400,242
70f9756a1580,70f98c094f40,242
70f9756a1580,70f990e30f00,242
70f9756a1580,70f9d22b0d80,238
70f9756a1580,70f96f193380,240
70f9756a1580,70f99acf3a40,240
70f9756a1580,70f987bf3840,240
70f9756a1580,70f9b4e201c0,238
70f9756a1580,70f99cf99380,240
70f9756a1580,70f9988116c0,366
70f99d994e80,70f9a28981c0,238
70f99d994e80,70f9a5ac7100,240
70f99d994e80,70f9cf2ffe00,240
70f99d994e80,70f9d26d99c0,240
70f99d994e80,70f9cc0c0480,238
70f99d994e80,70f9dca789c0,240
70f99d994e80,70f99743e6c0,240
70f99d994e80,70f99b66a680,238
70f99d994e80,70f9c1e39e40,240
70f99d994e80,70f985c38980,238
70f99d994e80,70f9661add00,242
70f99d994e80,70f9b0b602c0,238
70f99d994e80,70f9847788c0,242
70f99d994e80,70f9a52c2940,240
70f99d994e80,70f976046200,238
70f99d994e80,70f96f0c3cc0,240
70f99d994e80,70f97a16e400,242
70f99d994e80,70f98c094f40,238
70f99d994e80,70f990e30f00,242
70f99d994e80,70f9d22b0d80,366
70f995b4dbc0,70f9a28981c0,240
70f995b4dbc0,70f9a5ac7100,240
70f995b4dbc0,70f9cf2ffe00,240
70f995b4dbc0,70f9d26d99c0,240
70f995b4dbc0,70f9cc0c0480,238
70f995b4dbc0,70f9dca789c0,240
70f995b4dbc0,70f99743e6c0,240
70f995b4dbc0,70f99b66a680,238
70f995b4dbc0,70f9c1e39e40,240
70f995b4dbc0,70f985c38980,238
70f995b4dbc0,70f9661add00,242
70f995b4dbc0,70f9b0b602c0,238
70f995b4dbc0,70f9847788c0,242
70f995b4dbc0,70f9a52c2940,242
70f995b4dbc0,70f976046200,238
70f995b4dbc0,70f96f0c3cc0,240
70f995b4dbc0,70f97a16e400,242
70f995b4dbc0,70f98c094f40,238
70f995b4dbc0,70f990e30f00,242
70f995b4dbc0,70f9d22b0d80,240
70f995b4dbc0,70f96f193380,240
70f995b4dbc0,70f99acf3a40,238
70f995b4dbc0,70f987bf3840,240
70f995b4dbc0,70f9b4e201c0,240
70f995b4dbc0,70f99cf99380,240
70f995b4dbc0,70f9988116c0,238
70f995b4dbc0,70f9b87f8480,366
70f9de466240,70f9a28981c0,240
70f9de466240,70f9a5ac7100,240
70f9de466240,70f9cf2ffe00,240
70f9de466240,70f9d26d99c0,240
70f9de466240,70f9cc0c0480,236
70f9de466240,70f9dca789c0,240
70f9de466240,70f99743e6c0,240
70f9de466240,70f99b66a680,238
70f9de466240,70f9c1e39e40,238
70f9de466240,70f985c38980,240
70f9de466240,70f9661add00,242
70f9de466240,70f9b0b602c0,238
70f9de466240,70f9847788c0,242
70f9de466240,70f9a52c2940,242
70f9de466240,70f976046200,242
70f9de466240,70f96f0c3cc0,240
70f9de466240,70f97a16e400,242
70f9de466240,70f98c094f40,368
70f9bf52e980,70f9a28981c0,240
70f9bf52e980,70f9a5ac7100,240
70f9bf52e980,70f9cf2ffe00,240
70f9bf52e980,70f9d26d99c0,240
70f9bf52e980,70f9cc0c0480,238
70f9bf52e980,70f9dca789c0,240
70f9bf52e980,70f99743e6c0,240
70f9bf52e980,70f99b66a680,238
70f9bf52e980,70f9c1e39e40,366
70f9727e9c00,70f9a28981c0,240
70f9727e9c00,70f9a5ac7100,240
70f9727e9c00,70f9cf2ffe00,240
70f9727e9c00,70f9d26d99c0,240
70f9727e9c00,70f9cc0c0480,240
70f9727e9c00,70f9dca789c0,240
70f9727e9c00,70f99743e6c0,242
70f9727e9c00,70f99b66a680,238
70f9727e9c00,70f9c1e39e40,238
70f9727e9c00,70f985c38980,238
70f9727e9c00,70f9661add00,240
70f9727e9c00,70f9b0b602c0,238
70f9727e9c00,70f9847788c0,242
70f9727e9c00,70f9a52c2940,240
70f9727e9c00,70f976046200,238
70f9727e9c00,70f96f0c3cc0,240
70f9727e9c00,70f97a16e400,242
70f9727e9c00,70f98c094f40,238
70f9727e9c00,70f990e30f00,242
70f9727e9c00,70f9d22b0d80,236
70f9727e9c00,70f96f193380,238
70f9727e9c00,70f99acf3a40,238
70f9727e9c00,70f987bf3840,240
70f9727e9c00,70f9b4e201c0,238
70f9727e9c00,70f99cf99380,240
70f9727e9c00,70f9988116c0,238
70f9727e9c00,70f9b87f8480,238
70f9727e9c00,70f998b48980,240
70f9727e9c00,70f999489c80,240
70f9727e9c00,70f971256f00,366
70f96c027580,70f9a28981c0,242
70f96c027580,70f9a5ac7100,236
70f96c027580,70f9cf2ffe00,240
70f96c027580,70f9d26d99c0,238
70f96c027580,70f9cc0c0480,240
70f96c027580,70f9dca789c0,238
70f96c027580,70f99743e6c0,242
70f96c027580,70f99b66a680,240
70f96c027580,70f9c1e39e40,240
70f96c027580,70f985c38980,242
70f96c027580,70f9661add00,238
70f96c027580,70f9b0b602c0,240
70f96c027580,70f9847788c0,238
70f96c027580,70f9a52c2940,238
70f96c027580,70f976046200,240
70f96c027580,70f96f0c3cc0,238
70f96c027580,70f97a16e400,238
70f96c027580,70f98c094f40,242
70f96c027580,70f990e30f00,240
70f96c027580,70f9d22b0d80,240
70f96c027580,70f96f193380,366
70f9aeba4240,70f9a28981c0,242
70f9aeba4240,70f9a5ac7100,238
70f9aeba4240,70f9cf2ffe00,238
70f9aeba4240,70f9d26d99c0,238
70f9aeba4240,70f9cc0c0480,240
70f9aeba4240,70f9dca789c0,240
70f9aeba4240,70f99743e6c0,242
70f9aeba4240,70f99b66a680,240
70f9aeba4240,70f9c1e39e40,240
70f9aeba4240,70f985c38980,242
70f9aeba4240,70f9661add00,240
70f9aeba4240,70f9b0b602c0,240
70f9aeba4240,70f9847788c0,240
70f9aeba4240,70f9a52c2940,238
70f9aeba4240,70f976046200,240
70f9aeba4240,70f96f0c3cc0,238
70f9aeba4240,70f97a16e400,240
70f9aeba4240,70f98c094f40,242
70f9aeba4240,70f990e30f00,240
70f9aeba4240,70f9d22b0d80,240
70f9aeba4240,70f96f193380,238
70f9aeba4240,70f99acf3a40,240
70f9aeba4240,70f987bf3840,238
70f9aeba4240,70f9b4e201c0,240
70f9aeba4240,70f99cf99380,238
70f9aeba4240,70f9988116c0,240
70f9aeba4240,70f9b87f8480,240
70f9aeba4240,70f998b48980,238
70f9aeba4240,70f999489c80,240
70f9aeba4240,70f971256f00,240
70f9aeba4240,70f9759f5400,240
70f9aeba4240,70f9864a9340,366
70f9afb825c0,70f9a28981c0,240
70f9afb825c0,70f9a5ac7100,242
70f9afb825c0,70f9cf2ffe00,240
70f9afb825c0,70f9d26d99c0,240
70f9afb825c0,70f9cc0c0480,240
70f9afb825c0,70f9dca789c0,240
70f9afb825c0,70f99743e6c0,242
70f9afb825c0,70f99b66a680,238
70f9afb825c0,70f9c1e39e40,238
70f9afb825c0,70f985c38980,238
70f9afb825c0,70f9661add00,242
70f9afb825c0,70f9b0b602c0,238
70f9afb825c0,70f9847788c0,242
70f9afb825c0,70f9a52c2940,244
70f9afb825c0,70f976046200,238
70f9afb825c0,70f96f0c3cc0,240
70f9afb825c0,70f97a16e400,242
70f9afb825c0,70f98c094f40,240
70f9afb825c0,70f990e30f00,242
70f9afb825c0,70f9d22b0d80,238
70f9afb825c0,70f96f193380,240
70f9afb825c0,70f99acf3a40,238
70f9afb825c0,70f987bf3840,240
70f9afb825c0,70f9b4e201c0,238
70f9afb825c0,70f99cf99380,240
70f9afb825c0,70f9988116c0,238
70f9afb825c0,70f9b87f8480,238
70f9afb825c0,70f998b48980,240
70f9afb825c0,70f999489c80,240
70f9afb825c0,70f971256f00,366
70f979136880,70f9a28981c0,242
70f979136880,70f9a5ac7100,240
70f979136880,70f9cf2ffe00,238
70f979136880,70f9d26d99c0,240
70f979136880,70f9cc0c0480,240
70f979136880,70f9dca789c0,238
70f979136880,70f99743e6c0,240
70f979136880,70f99b66a680,240
70f979136880,70f9c1e39e40,240
70f979136880,70f985c38980,242
70f979136880,70f9661add00,240
70f979136880,70f9b0b602c0,240
70f979136880,70f9847788c0,366
70f97debd400,70f9a28981c0,242
70f97debd400,70f9a5ac7100,240
70f97debd400,70f9cf2ffe00,238
70f97debd400,70f9d26d99c0,240
70f97debd400,70f9cc0c0480,240
70f97debd400,70f9dca789c0,238
70f97debd400,70f99743e6c0,242
70f97debd400,70f99b66a680,240
70f97debd400,70f9c1e39e40,240
70f97debd400,70f985c38980,242
70f97debd400,70f9661add00,238
70f97debd400,70f9b0b602c0,240
70f97debd400,70f9847788c0,242
70f97debd400,70f9a52c2940,366
70f98493bf80,70f9a28981c0,238
70f98493bf80,70f9a5ac7100,240
70f98493bf80,70f9cf2ffe00,240
70f98493bf80,70f9d26d99c0,240
70f98493bf80,70f9cc0c0480,238
70f98493bf80,70f9dca789c0,240
70f98493bf80,70f99743e6c0,240
70f98493bf80,70f99b66a680,238
70f98493bf80,70f9c1e39e40,240
70f98493bf80,70f985c38980,238
70f98493bf80,70f9661add00,240
70f98493bf80,70f9b0b602c0,238
70f98493bf80,70f9847788c0,240
70f98493bf80,70f9a52c2940,240
70f98493bf80,70f976046200,238
70f98493bf80,70f96f0c3cc0,240
70f98493bf80,70f97a16e400,240
70f98493bf80,70f98c094f40,238
70f98493bf80,70f990e30f00,242
70f98493bf80,70f9d22b0d80,240
70f98493bf80,70f96f193380,240
70f98493bf80,70f99acf3a40,238
70f98493bf80,70f987bf3840,240
70f98493bf80,70f9b4e201c0,364
70f9bb58cc00,70f9a28981c0,238
70f9bb58cc00,70f9a5ac7100,240
70f9bb58cc00,70f9cf2ffe00,240
70f9bb58cc00,70f9d26d99c0,240
70f9bb58cc00,70f9cc0c0480,238
70f9bb58cc00,70f9dca789c0,240
70f9bb58cc00,70f99743e6c0,238
70f9bb58cc00,70f99b66a680,238
70f9bb58cc00,70f9c1e39e40,366
70f9d4b58c80,70f9a28981c0,366
70f9a0b08bc0,70f9a28981c0,242
70f9a0b08bc0,70f9a5ac7100,238
70f9a0b08bc0,70f9cf2ffe00,238
70f9a0b08bc0,70f9d26d99c0,238
70f9a0b08bc0,70f9cc0c0480,240
70f9a0b08bc0,70f9dca789c0,366
70f9d166db00,70f9a28981c0,238
70f9d166db00,70f9a5ac7100,240
70f9d166db00,70f9cf2ffe00,240
70f9d166db00,70f9d26d99c0,240
70f9d166db00,70f9cc0c0480,238
70f9d166db00,70f9dca789c0,242
70f9d166db00,70f99743e6c0,238
70f9d166db00,70f99b66a680,238
70f9d166db00,70f9c1e39e40,240
70f9d166db00,70f985c38980,238
70f9d166db00,70f9661add00,242
70f9d166db00,70f9b0b602c0,238
70f9d166db00,70f9847788c0,242
70f9d166db00,70f9a52c2940,242
70f9d166db00,70f976046200,238
70f9d166db00,70f96f0c3cc0,240
70f9d166db00,70f97a16e400,242
70f9d166db00,70f98c094f40,238
70f9d166db00,70f990e30f00,240
70f9d166db00,70f9d22b0d80,240
70f9d166db00,70f96f193380,240
70f9d166db00,70f99acf3a40,238
70f9d166db00,70f987bf3840,240
70f9d166db00,70f9b4e201c0,240
70f9d166db00,70f99cf99380,240
70f9d166db00,70f9988116c0,238
70f9d166db00,70f9b87f8480,366
70f9ae132180,70f9a28981c0,238
70f9ae132180,70f9a5ac7100,240
70f9ae132180,70f9cf2ffe00,240
70f9ae132180,70f9d26d99c0,240
70f9ae132180,70f9cc0c0480,238
70f9ae132180,70f9dca789c0,240
70f9ae132180,70f99743e6c0,240
70f9ae132180,70f99b66a680,238
70f9ae132180,70f9c1e39e40,240
70f9ae132180,70f985c38980,240
70f9ae132180,70f9661add00,242
70f9ae132180,70f9b0b602c0,238
70f9ae132180,70f9847788c0,242
70f9ae132180,70f9a52c2940,242
70f9ae132180,70f976046200,238
70f9ae132180,70f96f0c3cc0,240
70f9ae132180,70f97a16e400,242
70f9ae132180,70f98c094f40,240
70f9ae132180,70f990e30f00,242
70f9ae132180,70f9d22b0d80,240
70f9ae132180,70f96f193380,240
70f9ae132180,70f99acf3a40,238
70f9ae132180,70f987bf3840,240
70f9ae132180,70f9b4e201c0,240
70f9ae132180,70f99cf99380,240
70f9ae132180,70f9988116c0,238
70f9ae132180,70f9b87f8480,366
70f9cc2208c0,70f9a28981c0,242
70f9cc2208c0,70f9a5ac7100,238
70f9cc2208c0,70f9cf2ffe00,240
70f9cc2208c0,70f9d26d99c0,238
70f9cc2208c0,70f9cc0c0480,240
70f9cc2208c0,70f9dca789c0,238
70f9cc2208c0,70f99743e6c0,242
70f9cc2208c0,70f99b66a680,240
70f9cc2208c0,70f9c1e39e40,240
70f9cc2208c0,70f985c38980,240
70f9cc2208c0,70f9661add00,238
70f9cc2208c0,70f9b0b602c0,240
70f9cc2208c0,70f9847788c0,240
70f9cc2208c0,70f9a52c2940,240
70f9cc2208c0,70f976046200,240
70f9cc2208c0,70f96f0c3cc0,238
70f9cc2208c0,70f97a16e400,238
70f9cc2208c0,70f98c094f40,242
70f9cc2208c0,70f990e30f00,240
70f9cc2208c0,70f9d22b0d80,240
70f9cc2208c0,70f96f193380,240
70f9cc2208c0,70f99acf3a40,240
70f9cc2208c0,70f987bf3840,238
70f9cc2208c0,70f9b4e201c0,240
70f9cc2208c0,70f99cf99380,238
70f9cc2208c0,70f9988116c0,240
70f9cc2208c0,70f9b87f8480,240
70f9cc2208c0,70f998b48980,240
70f9cc2208c0,70f999489c80,238
70f9cc2208c0,70f971256f00,240
70f9cc2208c0,70f9759f5400,240
70f9cc2208c0,70f9864a9340,236
70f9cc2208c0,70f99d925380,366
70f96bc3ef40,70f9a28981c0,366
70f98ad414c0,70f9a28981c0,242
70f98ad414c0,70f9a5ac7100,238
70f98ad414c0,70f9cf2ffe00,238
70f98ad414c0,70f9d26d99c0,238
70f98ad414c0,70f9cc0c0480,242
70f98ad414c0,70f9dca789c0,240
70f98ad414c0,70f99743e6c0,242
70f98ad414c0,70f99b66a680,240
70f98ad414c0,70f9c1e39e40,240
70f98ad414c0,70f985c38980,242
70f98ad414c0,70f9661add00,238
70f98ad414c0,70f9b0b602c0,240
70f98ad414c0,70f9847788c0,238
70f98ad414c0,70f9a52c2940,240
70f98ad414c0,70f976046200,240
70f98ad414c0,70f96f0c3cc0,238
70f98ad414c0,70f97a16e400,240
70f98ad414c0,70f98c094f40,242
70f98ad414c0,70f990e30f00,366
70f96b290400,70f9a28981c0,242
70f96b290400,70f9a5ac7100,238
70f96b290400,70f9cf2ffe00,240
70f96b290400,70f9d26d99c0,238
70f96b290400,70f9cc0c0480,242
70f96b290400,70f9dca789c0,238
70f96b290400,70f99743e6c0,242
70f96b290400,70f99b66a680,240
70f96b290400,70f9c1e39e40,242
70f96b290400,70f985c38980,242
70f96b290400,70f9661add00,240
70f96b290400,70f9b0b602c0,240
70f96b290400,70f9847788c0,240
70f96b290400,70f9a52c2940,240
70f96b290400,70f976046200,240
70f96b290400,70f96f0c3cc0,238
70f96b290400,70f97a16e400,240
70f96b290400,70f98c094f40,242
70f96b290400,70f990e30f00,240
70f96b290400,70f9d22b0d80,240
70f96b290400,70f96f193380,240
70f96b290400,70f99acf3a40,240
70f96b290400,70f987bf3840,238
70f96b290400,70f9b4e201c0,240
70f96b290400,70f99cf99380,238
70f96b290400,70f9988116c0,240
70f96b290400,70f9b87f8480,240
70f96b290400,70f998b48980,366
70f96928ef00,70f9a28981c0,238
70f96928ef00,70f9a5ac7100,240
70f96928ef00,70f9cf2ffe00,240
70f96928ef00,70f9d26d99c0,240
70f96928ef00,70f9cc0c0480,366
70f9e1d56b00,70f9a28981c0,242
70f9e1d56b00,70f9a5ac7100,238
70f9e1d56b00,70f9cf2ffe00,238
70f9e1d56b00,70f9d26d99c0,238
70f9e1d56b00,70f9cc0c0480,240
70f9e1d56b00,70f9dca789c0,240
70f9e1d56b00,70f99743e6c0,240
70f9e1d56b00,70f99b66a680,240
70f9e1d56b00,70f9c1e39e40,240
70f9e1d56b00,70f985c38980,240
70f9e1d56b00,70f9661add00,238
70f9e1d56b00,70f9b0b602c0,240
70f9e1d56b00,70f9847788c0,238
70f9e1d56b00,70f9a52c2940,238
70f9e1d56b00,70f976046200,240
70f9e1d56b00,70f96f0c3cc0,238
70f9e1d56b00,70f97a16e400,238
70f9e1d56b00,70f98c094f40,240
70f9e1d56b00,70f990e30f00,368
70f988a43c00,70f9a28981c0,242
70f988a43c00,70f9a5ac7100,238
70f988a43c00,70f9cf2ffe00,242
70f988a43c00,70f9d26d99c0,238
70f988a43c00,70f9cc0c0480,242
70f988a43c00,70f9dca789c0,238
70f988a43c00,70f99743e6c0,242
70f988a43c00,70f99b66a680,240
70f988a43c00,70f9c1e39e40,242
70f988a43c00,70f985c38980,242
70f988a43c00,70f9661add00,240
70f988a43c00,70f9b0b602c0,242
70f988a43c00,70f9847788c0,238
70f988a43c00,70f9a52c2940,238
70f988a43c00,70f976046200,240
70f988a43c00,70f96f0c3cc0,238
70f988a43c00,70f97a16e400,240
70f988a43c00,70f98c094f40,242
70f988a43c00,70f990e30f00,238
70f988a43c00,70f9d22b0d80,240
70f988a43c00,70f96f193380,240
70f988a43c00,70f99acf3a40,242
70f988a43c00,70f987bf3840,238
70f988a43c00,70f9b4e201c0,240
70f988a43c00,70f99cf99380,238
70f988a43c00,70f9988116c0,240
70f988a43c00,70f9b87f8480,240
70f988a43c00,70f998b48980,366
70f9742f8240,70f9a28981c0,242
70f9742f8240,70f9a5ac7100,238
70f9742f8240,70f9cf2ffe00,238
70f9742f8240,70f9d26d99c0,238
70f9742f8240,70f9cc0c0480,240
70f9742f8240,70f9dca789c0,238
70f9742f8240,70f99743e6c0,242
70f9742f8240,70f99b66a680,240
70f9742f8240,70f9c1e39e40,240
70f9742f8240,70f985c38980,240
70f9742f8240,70f9661add00,240
70f9742f8240,70f9b0b602c0,240
70f9742f8240,70f9847788c0,240
70f9742f8240,70f9a52c2940,240
70f9742f8240,70f976046200,240
70f9742f8240,70f96f0c3cc0,242
70f9742f8240,70f97a16e400,240
70f9742f8240,70f98c094f40,242
70f9742f8240,70f990e30f00,238
70f9742f8240,70f9d22b0d80,240
70f9742f8240,70f96f193380,238
70f9742f8240,70f99acf3a40,240
70f9742f8240,70f987bf3840,366
70f9792b9dc0,70f9a28981c0,242
70f9792b9dc0,70f9a5ac7100,238
70f9792b9dc0,70f9cf2ffe00,238
70f9792b9dc0,70f9d26d99c0,238
70f9792b9dc0,70f9cc0c0480,240
70f9792b9dc0,70f9dca789c0,240
70f9792b9dc0,70f99743e6c0,242
70f9792b9dc0,70f99b66a680,240
70f9792b9dc0,70f9c1e39e40,240
70f9792b9dc0,70f985c38980,242
70f9792b9dc0,70f9661add00,240
70f9792b9dc0,70f9b0b602c0,240
70f9792b9dc0,70f9847788c0,240
70f9792b9dc0,70f9a52c2940,242
70f9792b9dc0,70f976046200,240
70f9792b9dc0,70f96f0c3cc0,238
70f9792b9dc0,70f97a16e400,240
70f9792b9dc0,70f98c094f40,244
70f9792b9dc0,70f990e30f00,366
70f97afb6cc0,70f9a28981c0,238
70f97afb6cc0,70f9a5ac7100,240
70f97afb6cc0,70f9cf2ffe00,240
70f97afb6cc0,70f9d26d99c0,240
70f97afb6cc0,70f9cc0c0480,238
70f97afb6cc0,70f9dca789c0,240
70f97afb6cc0,70f99743e6c0,240
70f97afb6cc0,70f99b66a680,236
70f97afb6cc0,70f9c1e39e40,240
70f97afb6cc0,70f985c38980,238
70f97afb6cc0,70f9661add00,242
70f97afb6cc0,70f9b0b602c0,238
70f97afb6cc0,70f9847788c0,242
70f97afb6cc0,70f9a52c2940,242
70f97afb6cc0,70f976046200,236
70f97afb6cc0,70f96f0c3cc0,240
70f97afb6cc0,70f97a16e400,240
70f97afb6cc0,70f98c094f40,240
70f97afb6cc0,70f990e30f00,240
70f97afb6cc0,70f9d22b0d80,240
70f97afb6cc0,70f96f193380,240
70f97afb6cc0,70f99acf3a40,238
70f97afb6cc0,70f987bf3840,240
70f97afb6cc0,70f9b4e201c0,366
70f971c02d40,70f9a28981c0,242
70f971c02d40,70f9a5ac7100,240
70f971c02d40,70f9cf2ffe00,240
70f971c02d40,70f9d26d99c0,240
70f971c02d40,70f9cc0c0480,238
70f971c02d40,70f9dca789c0,240
70f971c02d40,70f99743e6c0,240
70f971c02d40,70f99b66a680,240
70f971c02d40,70f9c1e39e40,238
70f971c02d40,70f985c38980,366
70f99c8c4640,70f9a28981c0,240
70f99c8c4640,70f9a5ac7100,240
70f99c8c4640,70f9cf2ffe00,240
70f99c8c4640,70f9d26d99c0,240
70f99c8c4640,70f9cc0c0480,236
70f99c8c4640,70f9dca789c0,240
70f99c8c4640,70f99743e6c0,240
70f99c8c4640,70f99b66a680,238
70f99c8c4640,70f9c1e39e40,242
70f99c8c4640,70f985c38980,238
70f99c8c4640,70f9661add00,240
70f99c8c4640,70f9b0b602c0,238
70f99c8c4640,70f9847788c0,242
70f99c8c4640,70f9a52c2940,242
70f99c8c4640,70f976046200,238
70f99c8c4640,70f96f0c3cc0,240
70f99c8c4640,70f97a16e400,242
70f99c8c4640,70f98c094f40,238
70f99c8c4640,70f990e30f00,242
70f99c8c4640,70f9d22b0d80,366
70f96cd08980,70f9a28981c0,240
70f96cd08980,70f9a5ac7100,240
70f96cd08980,70f9cf2ffe00,240
70f96cd08980,70f9d26d99c0,240
70f96cd08980,70f9cc0c0480,238
70f96cd08980,70f9dca789c0,240
70f96cd08980,70f99743e6c0,240
70f96cd08980,70f99b66a680,238
70f96cd08980,70f9c1e39e40,240
70f96cd08980,70f985c38980,238
70f96cd08980,70f9661add00,240
70f96cd08980,70f9b0b602c0,238
70f96cd08980,70f9847788c0,240
70f96cd08980,70f9a52c2940,240
70f96cd08980,70f976046200,238
70f96cd08980,70f96f0c3cc0,240
70f96cd08980,70f97a16e400,242
70f96cd08980,70f98c094f40,238
70f96cd08980,70f990e30f00,242
70f96cd08980,70f9d22b0d80,240
70f96cd08980,70f96f193380,240
70f96cd08980,70f99acf3a40,238
70f96cd08980,70f987bf3840,240
70f96cd08980,70f9b4e201c0,240
70f96cd08980,70f99cf99380,240
70f96cd08980,70f9988116c0,238
70f96cd08980,70f9b87f8480,366
70f9ae2b6a40,70f9a28981c0,242
70f9ae2b6a40,70f9a5ac7100,240
70f9ae2b6a40,70f9cf2ffe00,238
70f9ae2b6a40,70f9d26d99c0,366
70f9afb65bc0,70f9a28981c0,238
70f9afb65bc0,70f9a5ac7100,242
70f9afb65bc0,70f9cf2ffe00,240
70f9afb65bc0,70f9d26d99c0,240
70f9afb65bc0,70f9cc0c0480,240
70f9afb65bc0,70f9dca789c0,240
70f9afb65bc0,70f99743e6c0,242
70f9afb65bc0,70f99b66a680,238
70f9afb65bc0,70f9c1e39e40,238
70f9afb65bc0,70f985c38980,238
70f9afb65bc0,70f9661add00,242
70f9afb65bc0,70f9b0b602c0,238
70f9afb65bc0,70f9847788c0,242
70f9afb65bc0,70f9a52c2940,242
70f9afb65bc0,70f976046200,238
70f9afb65bc0,70f96f0c3cc0,242
70f9afb65bc0,70f97a16e400,242
70f9afb65bc0,70f98c094f40,238
70f9afb65bc0,70f990e30f00,242
70f9afb65bc0,70f9d22b0d80,238
70f9afb65bc0,70f96f193380,240
70f9afb65bc0,70f99acf3a40,238
70f9afb65bc0,70f987bf3840,240
70f9afb65bc0,70f9b4e201c0,238
70f9afb65bc0,70f99cf99380,240
70f9afb65bc0,70f9988116c0,238
70f9afb65bc0,70f9b87f8480,238
70f9afb65bc0,70f998b48980,240
70f9afb65bc0,70f999489c80,240
70f9afb65bc0,70f971256f00,240
70f9afb65bc0,70f9759f5400,366
70f9a829d840,70f9a28981c0,240
70f9a829d840,70f9a5ac7100,238
70f9a829d840,70f9cf2ffe00,240
70f9a829d840,70f9d26d99c0,238
70f9a829d840,70f9cc0c0480,240
70f9a829d840,70f9dca789c0,238
70f9a829d840,70f99743e6c0,242
70f9a829d840,70f99b66a680,240
70f9a829d840,70f9c1e39e40,240
70f9a829d840,70f985c38980,242
70f9a829d840,70f9661add00,238
70f9a829d840,70f9b0b602c0,240
70f9a829d840,70f9847788c0,240
70f9a829d840,70f9a52c2940,238
70f9a829d840,70f976046200,240
70f9a829d840,70f96f0c3cc0,238
70f9a829d840,70f97a16e400,240
70f9a829d840,70f98c094f40,242
70f9a829d840,70f990e30f00,238
70f9a829d840,70f9d22b0d80,240
70f9a829d840,70f96f193380,240
70f9a829d840,70f99acf3a40,240
70f9a829d840,70f987bf3840,238
70f9a829d840,70f9b4e201c0,240
70f9a829d840,70f99cf99380,238
70f9a829d840,70f9988116c0,240
70f9a829d840,70f9b87f8480,240
70f9a829d840,70f998b48980,366
70f9e1a04600,70f9a28981c0,240
70f9e1a04600,70f9a5ac7100,240
70f9e1a04600,70f9cf2ffe00,240
70f9e1a04600,70f9d26d99c0,240
70f9e1a04600,70f9cc0c0480,238
70f9e1a04600,70f9dca789c0,240
70f9e1a04600,70f99743e6c0,238
70f9e1a04600,70f99b66a680,238
70f9e1a04600,70f9c1e39e40,238
70f9e1a04600,70f985c38980,238
70f9e1a04600,70f9661add00,242
70f9e1a04600,70f9b0b602c0,238
70f9e1a04600,70f9847788c0,242
70f9e1a04600,70f9a52c2940,242
70f9e1a04600,70f976046200,366
70f9abbcbe40,70f9a28981c0,242
70f9abbcbe40,70f9a5ac7100,238
70f9abbcbe40,70f9cf2ffe00,240
70f9abbcbe40,70f9d26d99c0,238
70f9abbcbe40,70f9cc0c0480,240
70f9abbcbe40,70f9dca789c0,238
70f9abbcbe40,70f99743e6c0,242
70f9abbcbe40,70f99b66a680,240
70f9abbcbe40,70f9c1e39e40,240
70f9abbcbe40,70f985c38980,242
70f9abbcbe40,70f9661add00,238
70f9abbcbe40,70f9b0b602c0,240
70f9abbcbe40,70f9847788c0,240
70f9abbcbe40,70f9a52c2940,238
70f9abbcbe40,70f976046200,240
70f9abbcbe40,70f96f0c3cc0,238
70f9abbcbe40,70f97a16e400,238
70f9abbcbe40,70f98c094f40,242
70f9abbcbe40,70f990e30f00,238
70f9abbcbe40,70f9d22b0d80,240
70f9abbcbe40,70f96f193380,240
70f9abbcbe40,70f99acf3a40,240
70f9abbcbe40,70f987bf3840,238
70f9abbcbe40,70f9b4e201c0,240
70f9abbcbe40,70f99cf99380,238
70f9abbcbe40,70f9988116c0,240
70f9abbcbe40,70f9b87f8480,240
70f9abbcbe40,70f998b48980,366
70f9853cc1c0,70f9a28981c0,240
70f9853cc1c0,70f9a5ac7100,240
70f9853cc1c0,70f9cf2ffe00,240
70f9853cc1c0,70f9d26d99c0,240
70f9853cc1c0,70f9cc0c0480,364
70f971dee240,70f9a28981c0,242
70f971dee240,70f9a5ac7100,240
70f971dee240,70f9cf2ffe00,240
70f971dee240,70f9d26d99c0,240
70f971dee240,70f9cc0c0480,238
70f971dee240,70f9dca789c0,240
70f971dee240,70f99743e6c0,240
70f971dee240,70f99b66a680,240
70f971dee240,70f9c1e39e40,238
70f971dee240,70f985c38980,240
70f971dee240,70f9661add00,240
70f971dee240,70f9b0b602c0,366
70f9b57f33c0,70f9a28981c0,242
70f9b57f33c0,70f9a5ac7100,238
70f9b57f33c0,70f9cf2ffe00,240
70f9b57f33c0,70f9d26d99c0,238
70f9b57f33c0,70f9cc0c0480,240
70f9b57f33c0,70f9dca789c0,238
70f9b57f33c0,70f99743e6c0,242
70f9b57f33c0,70f99b66a680,240
70f9b57f33c0,70f9c1e39e40,240
70f9b57f33c0,70f985c38980,242
70f9b57f33c0,70f9661add00,240
70f9b57f33c0,70f9b0b602c0,240
70f9b57f33c0,70f9847788c0,240
70f9b57f33c0,70f9a52c2940,240
70f9b57f33c0,70f976046200,240
70f9b57f33c0,70f96f0c3cc0,238
70f9b57f33c0,70f97a16e400,240
70f9b57f33c0,70f98c094f40,242
70f9b57f33c0,70f990e30f00,240
70f9b57f33c0,70f9d22b0d80,240
70f9b57f33c0,70f96f193380,240
70f9b57f33c0,70f99acf3a40,240
70f9b57f33c0,70f987bf3840,238
70f9b57f33c0,70f9b4e201c0,240
70f9b57f33c0,70f99cf99380,238
70f9b57f33c0,70f9988116c0,240
70f9b57f33c0,70f9b87f8480,240
70f9b57f33c0,70f998b48980,366
70f9d1b70440,70f9a28981c0,238
70f9d1b70440,70f9a5ac7100,240
70f9d1b70440,70f9cf2ffe00,240
70f9d1b70440,70f9d26d99c0,240
70f9d1b70440,70f9cc0c0480,238
70f9d1b70440,70f9dca789c0,240
70f9d1b70440,70f99743e6c0,240
70f9d1b70440,70f99b66a680,238
70f9d1b70440,70f9c1e39e40,238
70f9d1b70440,70f985c38980,238
70f9d1b70440,70f9661add00,242
70f9d1b70440,70f9b0b602c0,238
70f9d1b70440,70f9847788c0,242
70f9d1b70440,70f9a52c2940,242
70f9d1b70440,70f976046200,240
70f9d1b70440,70f96f0c3cc0,240
70f9d1b70440,70f97a16e400,240
70f9d1b70440,70f98c094f40,242
70f9d1b70440,70f990e30f00,240
70f9d1b70440,70f9d22b0d80,238
70f9d1b70440,70f96f193380,240
70f9d1b70440,70f99acf3a40,366
70f9bf570800,70f9a28981c0,238
70f9bf570800,70f9a5ac7100,240
70f9bf570800,70f9cf2ffe00,240
70f9bf570800,70f9d26d99c0,240
70f9bf570800,70f9cc0c0480,238
70f9bf570800,70f9dca789c0,240
70f9bf570800,70f99743e6c0,238
70f9bf570800,70f99b66a680,238
70f9bf570800,70f9c1e39e40,238
70f9bf570800,70f985c38980,238
70f9bf570800,70f9661add00,242
70f9bf570800,70f9b0b602c0,238
70f9bf570800,70f9847788c0,242
70f9bf570800,70f9a52c2940,240
70f9bf570800,70f976046200,364
70f9cc529c80,70f9a28981c0,242
70f9cc529c80,70f9a5ac7100,238
70f9cc529c80,70f9cf2ffe00,242
70f9cc529c80,70f9d26d99c0,238
70f9cc529c80,70f9cc0c0480,240
70f9cc529c80,70f9dca789c0,238
70f9cc529c80,70f99743e6c0,242
70f9cc529c80,70f99b66a680,240
70f9cc529c80,70f9c1e39e40,242
70f9cc529c80,70f985c38980,242
70f9cc529c80,70f9661add00,240
70f9cc529c80,70f9b0b602c0,240
70f9cc529c80,70f9847788c0,240
70f9cc529c80,70f9a52c2940,240
70f9cc529c80,70f976046200,240
70f9cc529c80,70f96f0c3cc0,238
70f9cc529c80,70f97a16e400,238
70f9cc529c80,70f98c094f40,242
70f9cc529c80,70f990e30f00,240
70f9cc529c80,70f9d22b0d80,240
70f9cc529c80,70f96f193380,366
70f96d62d840,70f9a28981c0,242
70f96d62d840,70f9a5ac7100,240
70f96d62d840,70f9cf2ffe00,240
70f96d62d840,70f9d26d99c0,240
70f96d62d840,70f9cc0c0480,238
70f96d62d840,70f9dca789c0,240
70f96d62d840,70f99743e6c0,240
70f96d62d840,70f99b66a680,242
70f96d62d840,70f9c1e39e40,238
70f96d62d840,70f985c38980,242
70f96d62d840,70f9661add00,242
70f96d62d840,70f9b0b602c0,366
70f9e1aac7c0,70f9a28981c0,242
70f9e1aac7c0,70f9a5ac7100,366
70f9a56b6880,70f9a28981c0,366
70f9dfd86500,70f9a28981c0,242
70f9dfd86500,70f9a5ac7100,240
70f9dfd86500,70f9cf2ffe00,240
70f9dfd86500,70f9d26d99c0,240
70f9dfd86500,70f9cc0c0480,238
70f9dfd86500,70f9dca789c0,240
70f9dfd86500,70f99743e6c0,240
70f9dfd86500,70f99b66a680,366
70f9a01b5380,70f9a28981c0,242
70f9a01b5380,70f9a5ac7100,236
70f9a01b5380,70f9cf2ffe00,366
70f9949243c0,70f9a28981c0,242
70f9949243c0,70f9a5ac7100,240
70f9949243c0,70f9cf2ffe00,238
70f9949243c0,70f9d26d99c0,366
70f9abab8680,70f9a28981c0,242
70f9abab8680,70f9a5ac7100,238
70f9abab8680,70f9cf2ffe00,238
70f9abab8680,70f9d26d99c0,238
70f9abab8680,70f9cc0c0480,240
70f9abab8680,70f9dca789c0,238
70f9abab8680,70f99743e6c0,240
70f9abab8680,70f99b66a680,240
70f9abab8680,70f9c1e39e40,240
70f9abab8680,70f985c38980,242
70f9abab8680,70f9661add00,368
70f989fd5c80,70f9a28981c0,242
70f989fd5c80,70f9a5ac7100,238
70f989fd5c80,70f9cf2ffe00,238
70f989fd5c80,70f9d26d99c0,238
70f989fd5c80,70f9cc0c0480,240
70f989fd5c80,70f9dca789c0,238
70f989fd5c80,70f99743e6c0,242
70f989fd5c80,70f99b66a680,240
70f989fd5c80,70f9c1e39e40,240
70f989fd5c80,70f985c38980,242
70f989fd5c80,70f9661add00,242
70f989fd5c80,70f9b0b602c0,240
70f989fd5c80,70f9847788c0,238
70f989fd5c80,70f9a52c2940,238
70f989fd5c80,70f976046200,240
70f989fd5c80,70f96f0c3cc0,240
70f989fd5c80,70f97a16e400,366
70f99e163340,70f9a28981c0,242
70f99e163340,70f9a5ac7100,240
70f99e163340,70f9cf2ffe00,240
70f99e163340,70f9d26d99c0,240
70f99e163340,70f9cc0c0480,238
70f99e163340,70f9dca789c0,240
70f99e163340,70f99743e6c0,242
70f99e163340,70f99b66a680,240
70f99e163340,70f9c1e39e40,238
70f99e163340,70f985c38980,368
70f9d43f9b80,70f9a28981c0,242
70f9d43f9b80,70f9a5ac7100,238
70f9d43f9b80,70f9cf2ffe00,238
70f9d43f9b80,70f9d26d99c0,238
70f9d43f9b80,70f9cc0c0480,240
70f9d43f9b80,70f9dca789c0,238
70f9d43f9b80,70f99743e6c0,242
70f9d43f9b80,70f99b66a680,240
70f9d43f9b80,70f9c1e39e40,242
70f9d43f9b80,70f985c38980,242
70f9d43f9b80,70f9661add00,242
70f9d43f9b80,70f9b0b602c0,240
70f9d43f9b80,70f9847788c0,240
70f9d43f9b80,70f9a52c2940,238
70f9d43f9b80,70f976046200,242
70f9d43f9b80,70f96f0c3cc0,366
70f992e66080,70f9a28981c0,238
70f992e66080,70f9a5ac7100,240
70f992e66080,70f9cf2ffe00,240
70f992e66080,70f9d26d99c0,240
70f992e66080,70f9cc0c0480,366
70f9a4ff2240,70f9a28981c0,238
70f9a4ff2240,70f9a5ac7100,240
70f9a4ff2240,70f9cf2ffe00,240
70f9a4ff2240,70f9d26d99c0,240
70f9a4ff2240,70f9cc0c0480,364
70f9d3d506c0,70f9a28981c0,240
70f9d3d506c0,70f9a5ac7100,240
70f9d3d506c0,70f9cf2ffe00,240
70f9d3d506c0,70f9d26d99c0,240
70f9d3d506c0,70f9cc0c0480,240
70f9d3d506c0,70f9dca789c0,240
70f9d3d506c0,70f99743e6c0,366
70f9b94a9c80,70f9a28981c0,240
70f9b94a9c80,70f9a5ac7100,242
70f9b94a9c80,70f9cf2ffe00,242
70f9b94a9c80,70f9d26d99c0,240
70f9b94a9c80,70f9cc0c0480,238
70f9b94a9c80,70f9dca789c0,240
70f9b94a9c80,70f99743e6c0,238
70f9b94a9c80,70f99b66a680,236
70f9b94a9c80,70f9c1e39e40,242
70f9b94a9c80,70f985c38980,238
70f9b94a9c80,70f9661add00,242
70f9b94a9c80,70f9b0b602c0,238
70f9b94a9c80,70f9847788c0,240
70f9b94a9c80,70f9a52c2940,242
70f9b94a9c80,70f976046200,238
70f9b94a9c80,70f96f0c3cc0,240
70f9b94a9c80,70f97a16e400,242
70f9b94a9c80,70f98c094f40,238
70f9b94a9c80,70f990e30f00,242
70f9b94a9c80,70f9d22b0d80,240
70f9b94a9c80,70f96f193380,240
70f9b94a9c80,70f99acf3a40,238
70f9b94a9c80,70f987bf3840,240
70f9b94a9c80,70f9b4e201c0,364
70f9b6eea480,70f9a28981c0,238
70f9b6eea480,70f9a5ac7100,240
70f9b6eea480,70f9cf2ffe00,240
70f9b6eea480,70f9d26d99c0,240
70f9b6eea480,70f9cc0c0480,236
70f9b6eea480,70f9dca789c0,240
70f9b6eea480,70f99743e6c0,238
70f9b6eea480,70f99b66a680,238
70f9b6eea480,70f9c1e39e40,238
70f9b6eea480,70f985c38980,240
70f9b6eea480,70f9661add00,242
70f9b6eea480,70f9b0b602c0,238
70f9b6eea480,70f9847788c0,242
70f9b6eea480,70f9a52c2940,242
70f9b6eea480,70f976046200,366
70f96ac0a4c0,70f9a28981c0,242
70f96ac0a4c0,70f9a5ac7100,238
70f96ac0a4c0,70f9cf2ffe00,238
70f96ac0a4c0,70f9d26d99c0,238
70f96ac0a4c0,70f9cc0c0480,242
70f96ac0a4c0,70f9dca789c0,366
70f9d2060940,70f9a28981c0,242
70f9d2060940,70f9a5ac7100,238
70f9d2060940,70f9cf2ffe00,238
70f9d2060940,70f9d26d99c0,238
70f9d2060940,70f9cc0c0480,240
70f9d2060940,70f9dca789c0,238
70f9d2060940,70f99743e6c0,242
70f9d2060940,70f99b66a680,240
70f9d2060940,70f9c1e39e40,240
70f9d2060940,70f985c38980,242
70f9d2060940,70f9661add00,240
70f9d2060940,70f9b0b602c0,240
70f9d2060940,70f9847788c0,240
70f9d2060940,70f9a52c2940,240
70f9d2060940,70f976046200,240
70f9d2060940,70f96f0c3cc0,240
70f9d2060940,70f97a16e400,242
70f9d2060940,70f98c094f40,242
70f9d2060940,70f990e30f00,240
70f9d2060940,70f9d22b0d80,240
70f9d2060940,70f96f193380,238
70f9d2060940,70f99acf3a40,240
70f9d2060940,70f987bf3840,366
70f9c66ed200,70f9a28981c0,240
70f9c66ed200,70f9a5ac7100,240
70f9c66ed200,70f9cf2ffe00,240
70f9c66ed200,70f9d26d99c0,240
70f9c66ed200,70f9cc0c0480,238
70f9c66ed200,70f9dca789c0,240
70f9c66ed200,70f99743e6c0,240
70f9c66ed200,70f99b66a680,238
70f9c66ed200,70f9c1e39e40,240
70f9c66ed200,70f985c38980,238
70f9c66ed200,70f9661add00,240
70f9c66ed200,70f9b0b602c0,238
70f9c66ed200,70f9847788c0,240
70f9c66ed200,70f9a52c2940,240
70f9c66ed200,70f976046200,238
70f9c66ed200,70f96f0c3cc0,240
70f9c66ed200,70f97a16e400,240
70f9c66ed200,70f98c094f40,238
70f9c66ed200,70f990e30f00,240
70f9c66ed200,70f9d22b0d80,240
70f9c66ed200,70f96f193380,240
70f9c66ed200,70f99acf3a40,238
70f9c66ed200,70f987bf3840,240
70f9c66ed200,70f9b4e201c0,366
70f9a50ceb00,70f9a28981c0,242
70f9a50ceb00,70f9a5ac7100,240
70f9a50ceb00,70f9cf2ffe00,240
70f9a50ceb00,70f9d26d99c0,240
70f9a50ceb00,70f9cc0c0480,236
70f9a50ceb00,70f9dca789c0,240
70f9a50ceb00,70f99743e6c0,238
70f9a50ceb00,70f99b66a680,366
70f9dc969300,70f9a28981c0,242
70f9dc969300,70f9a5ac7100,238
70f9dc969300,70f9cf2ffe00,366
70f9925a3c80,70f9a28981c0,238
70f9925a3c80,70f9a5ac7100,240
70f9925a3c80,70f9cf2ffe00,240
70f9925a3c80,70f9d26d99c0,240
70f9925a3c80,70f9cc0c0480,238
70f9925a3c80,70f9dca789c0,240
70f9925a3c80,70f99743e6c0,238
70f9925a3c80,70f99b66a680,236
70f9925a3c80,70f9c1e39e40,240
70f9925a3c80,70f985c38980,238
70f9925a3c80,70f9661add00,242
70f9925a3c80,70f9b0b602c0,238
70f9925a3c80,70f9847788c0,242
70f9925a3c80,70f9a52c2940,242
70f9925a3c80,70f976046200,238
70f9925a3c80,70f96f0c3cc0,240
70f9925a3c80,70f97a16e400,242
70f9925a3c80,70f98c094f40,238
70f9925a3c80,70f990e30f00,242
70f9925a3c80,70f9d22b0d80,240
70f9925a3c80,70f96f193380,240
70f9925a3c80,70f99acf3a40,238
70f9925a3c80,70f987bf3840,240
70f9925a3c80,70f9b4e201c0,240
70f9925a3c80,70f99cf99380,240
70f9925a3c80,70f9988116c0,238
70f9925a3c80,70f9b87f8480,364
70f972834700,70f9a28981c0,242
70f972834700,70f9a5ac7100,238
70f972834700,70f9cf2ffe00,240
70f972834700,70f9d26d99c0,238
70f972834700,70f9cc0c0480,240
70f972834700,70f9dca789c0,238
70f972834700,70f99743e6c0,240
70f972834700,70f99b66a680,240
70f972834700,70f9c1e39e40,240
70f972834700,70f985c38980,240
70f972834700,70f9661add00,240
70f972834700,70f9b0b602c0,240
70f972834700,70f9847788c0,238
70f972834700,70f9a52c2940,240
70f972834700,70f976046200,240
70f972834700,70f96f0c3cc0,238
70f972834700,70f97a16e400,238
70f972834700,70f98c094f40,240
70f972834700,70f990e30f00,238
70f972834700,70f9d22b0d80,240
70f972834700,70f96f193380,240
70f972834700,70f99acf3a40,240
70f972834700,70f987bf3840,238
70f972834700,70f9b4e201c0,240
70f972834700,70f99cf99380,238
70f972834700,70f9988116c0,240
70f972834700,70f9b87f8480,240
70f972834700,70f998b48980,366
70f9a2806b40,70f9a28981c0,242
70f9a2806b40,70f9a5ac7100,238
70f9a2806b40,70f9cf2ffe00,236
70f9a2806b40,70f9d26d99c0,238
70f9a2806b40,70f9cc0c0480,240
70f9a2806b40,70f9dca789c0,238
70f9a2806b40,70f99743e6c0,242
70f9a2806b40,70f99b66a680,240
70f9a2806b40,70f9c1e39e40,240
70f9a2806b40,70f985c38980,242
70f9a2806b40,70f9661add00,242
70f9a2806b40,70f9b0b602c0,240
70f9a2806b40,70f9847788c0,240
70f9a2806b40,70f9a52c2940,240
70f9a2806b40,70f976046200,240
70f9a2806b40,70f96f0c3cc0,240
70f9a2806b40,70f97a16e400,242
70f9a2806b40,70f98c094f40,242
70f9a2806b40,70f990e30f00,240
70f9a2806b40,70f9d22b0d80,242
70f9a2806b40,70f96f193380,238
70f9a2806b40,70f99acf3a40,240
70f9a2806b40,70f987bf3840,366
70f991ba82c0,70f9a28981c0,242
70f991ba82c0,70f9a5ac7100,238
70f991ba82c0,70f9cf2ffe00,238
70f991ba82c0,70f9d26d99c0,238
70f991ba82c0,70f9cc0c0480,240
70f991ba82c0,70f9dca789c0,238
70f991ba82c0,70f99743e6c0,242
70f991ba82c0,70f99b66a680,238
70f991ba82c0,70f9c1e39e40,240
70f991ba82c0,70f985c38980,242
70f991ba82c0,70f9661add00,242
70f991ba82c0,70f9b0b602c0,240
70f991ba82c0,70f9847788c0,242
70f991ba82c0,70f9a52c2940,240
70f991ba82c0,70f976046200,240
70f991ba82c0,70f96f0c3cc0,240
70f991ba82c0,70f97a16e400,242
70f991ba82c0,70f98c094f40,242
70f991ba82c0,70f990e30f00,240
70f991ba82c0,70f9d22b0d80,240
70f991ba82c0,70f96f193380,238
70f991ba82c0,70f99acf3a40,240
70f991ba82c0,70f987bf3840,366
70f9bc000540,70f9a28981c0,238
70f9bc000540,70f9a5ac7100,240
70f9bc000540,70f9cf2ffe00,240
70f9bc000540,70f9d26d99c0,240
70f9bc000540,70f9cc0c0480,240
70f9bc000540,70f9dca789c0,240
70f9bc000540,70f99743e6c0,242
70f9bc000540,70f99b66a680,238
70f9bc000540,70f9c1e39e40,238
70f9bc000540,70f985c38980,238
70f9bc000540,70f9661add00,240
70f9bc000540,70f9b0b602c0,238
70f9bc000540,70f9847788c0,242
70f9bc000540,70f9a52c2940,242
70f9bc000540,70f976046200,238
70f9bc000540,70f96f0c3cc0,240
70f9bc000540,70f97a16e400,242
70f9bc000540,70f98c094f40,240
70f9bc000540,70f990e30f00,240
70f9bc000540,70f9d22b0d80,238
70f9bc000540,70f96f193380,240
70f9bc000540,70f99acf3a40,238
70f9bc000540,70f987bf3840,240
70f9bc000540,70f9b4e201c0,238
70f9bc000540,70f99cf99380,240
70f9bc000540,70f9988116c0,238
70f9bc000540,70f9b87f8480,238
70f9bc000540,70f998b48980,240
70f9bc000540,70f999489c80,240
70f9bc000540,70f971256f00,240
70f9bc000540,70f9759f5400,366
70f9c57d2d00,70f9a28981c0,242
70f9c57d2d00,70f9a5ac7100,238
70f9c57d2d00,70f9cf2ffe00,238
70f9c57d2d00,70f9d26d99c0,238
70f9c57d2d00,70f9cc0c0480,240
70f9c57d2d00,70f9dca789c0,240
70f9c57d2d00,70f99743e6c0,242
70f9c57d2d00,70f99b66a680,240
70f9c57d2d00,70f9c1e39e40,242
70f9c57d2d00,70f985c38980,242
70f9c57d2d00,70f9661add00,240
70f9c57d2d00,70f9b0b602c0,240
70f9c57d2d00,70f9847788c0,240
70f9c57d2d00,70f9a52c2940,238
70f9c57d2d00,70f976046200,242
70f9c57d2d00,70f96f0c3cc0,238
70f9c57d2d00,70f97a16e400,240
70f9c57d2d00,70f98c094f40,240
70f9c57d2d00,70f990e30f00,242
70f9c57d2d00,70f9d22b0d80,240
70f9c57d2d00,70f96f193380,238
70f9c57d2d00,70f99acf3a40,240
70f9c57d2d00,70f987bf3840,238
70f9c57d2d00,70f9b4e201c0,242
70f9c57d2d00,70f99cf99380,238
70f9c57d2d00,70f9988116c0,240
70f9c57d2d00,70f9b87f8480,240
70f9c57d2d00,70f998b48980,238
70f9c57d2d00,70f999489c80,366
70f9a1596500,70f9a28981c0,242
70f9a1596500,70f9a5ac7100,238
70f9a1596500,70f9cf2ffe00,238
70f9a1596500,70f9d26d99c0,238
70f9a1596500,70f9cc0c0480,240
70f9a1596500,70f9dca789c0,240
70f9a1596500,70f99743e6c0,240
70f9a1596500,70f99b66a680,240
70f9a1596500,70f9c1e39e40,240
70f9a1596500,70f985c38980,240
70f9a1596500,70f9661add00,238
70f9a1596500,70f9b0b602c0,240
70f9a1596500,70f9847788c0,238
70f9a1596500,70f9a52c2940,238
70f9a1596500,70f976046200,240
70f9a1596500,70f96f0c3cc0,238
70f9a1596500,70f97a16e400,238
70f9a1596500,70f98c094f40,242
70f9a1596500,70f990e30f00,240
70f9a1596500,70f9d22b0d80,240
70f9a1596500,70f96f193380,238
70f9a1596500,70f99acf3a40,240
70f9a1596500,70f987bf3840,238
70f9a1596500,70f9b4e201c0,240
70f9a1596500,70f99cf99380,238
70f9a1596500,70f9988116c0,240
70f9a1596500,70f9b87f8480,240
70f9a1596500,70f998b48980,238
70f9a1596500,70f999489c80,240
70f9a1596500,70f971256f00,240
70f9a1596500,70f9759f5400,240
70f9a1596500,70f9864a9340,364
70f98f3f3940,70f9a28981c0,242
70f98f3f3940,70f9a5ac7100,238
70f98f3f3940,70f9cf2ffe00,238
70f98f3f3940,70f9d26d99c0,238
70f98f3f3940,70f9cc0c0480,240
70f98f3f3940,70f9dca789c0,238
70f98f3f3940,70f99743e6c0,242
70f98f3f3940,70f99b66a680,240
70f98f3f3940,70f9c1e39e40,240
70f98f3f3940,70f985c38980,240
70f98f3f3940,70f9661add00,240
70f98f3f3940,70f9b0b602c0,240
70f98f3f3940,70f9847788c0,240
70f98f3f3940,70f9a52c2940,240
70f98f3f3940,70f976046200,240
70f98f3f3940,70f96f0c3cc0,240
70f98f3f3940,70f97a16e400,240
70f98f3f3940,70f98c094f40,242
70f98f3f3940,70f990e30f00,238
70f98f3f3940,70f9d22b0d80,240
70f98f3f3940,70f96f193380,240
70f98f3f3940,70f99acf3a40,240
70f98f3f3940,70f987bf3840,366
70f9b4f43180,70f9a28981c0,240
70f9b4f43180,70f9a5ac7100,240
70f9b4f43180,70f9cf2ffe00,240
70f9b4f43180,70f9d26d99c0,240
70f9b4f43180,70f9cc0c0480,366
70f97e706d40,70f9a28981c0,242
70f97e706d40,70f9a5ac7100,238
70f97e706d40,70f9cf2ffe00,238
70f97e706d40,70f9d26d99c0,238
70f97e706d40,70f9cc0c0480,240
70f97e706d40,70f9dca789c0,366
70f97951d5c0,70f9a28981c0,238
70f97951d5c0,70f9a5ac7100,240
70f97951d5c0,70f9cf2ffe00,240
70f97951d5c0,70f9d26d99c0,240
70f97951d5c0,70f9cc0c0480,238
70f97951d5c0,70f9dca789c0,240
70f97951d5c0,70f99743e6c0,240
70f97951d5c0,70f99b66a680,238
70f97951d5c0,70f9c1e39e40,240
70f97951d5c0,70f985c38980,240
70f97951d5c0,70f9661add00,242
70f97951d5c0,70f9b0b602c0,238
70f97951d5c0,70f9847788c0,242
70f97951d5c0,70f9a52c2940,242
70f97951d5c0,70f976046200,238
70f97951d5c0,70f96f0c3cc0,240
70f97951d5c0,70f97a16e400,242
70f97951d5c0,70f98c094f40,242
70f97951d5c0,70f990e30f00,242
70f97951d5c0,70f9d22b0d80,240
70f97951d5c0,70f96f193380,240
70f97951d5c0,70f99acf3a40,238
70f97951d5c0,70f987bf3840,240
70f97951d5c0,70f9b4e201c0,366
70f9c01709c0,70f9a28981c0,242
70f9c01709c0,70f9a5ac7100,238
70f9c01709c0,70f9cf2ffe00,242
70f9c01709c0,70f9d26d99c0,238
70f9c01709c0,70f9cc0c0480,240
70f9c01709c0,70f9dca789c0,238
70f9c01709c0,70f99743e6c0,242
70f9c01709c0,70f99b66a680,240
70f9c01709c0,70f9c1e39e40,242
70f9c01709c0,70f985c38980,242
70f9c01709c0,70f9661add00,238
70f9c01709c0,70f9b0b602c0,240
70f9c01709c0,70f9847788c0,240
70f9c01709c0,70f9a52c2940,240
70f9c01709c0,70f976046200,242
70f9c01709c0,70f96f0c3cc0,238
70f9c01709c0,70f97a16e400,238
70f9c01709c0,70f98c094f40,242
70f9c01709c0,70f990e30f00,238
70f9c01709c0,70f9d22b0d80,242
70f9c01709c0,70f96f193380,240
70f9c01709c0,70f99acf3a40,240
70f9c01709c0,70f987bf3840,238
70f9c01709c0,70f9b4e201c0,242
70f9c01709c0,70f99cf99380,238
70f9c01709c0,70f9988116c0,242
70f9c01709c0,70f9b87f8480,240
70f9c01709c0,70f998b48980,366
70f97ddb3500,70f9a28981c0,240
70f97ddb3500,70f9a5ac7100,240
70f97ddb3500,70f9cf2ffe00,240
70f97ddb3500,70f9d26d99c0,240
70f97ddb3500,70f9cc0c0480,238
70f97ddb3500,70f9dca789c0,240
70f97ddb3500,70f99743e6c0,240
70f97ddb3500,70f99b66a680,236
70f97ddb3500,70f9c1e39e40,240
70f97ddb3500,70f985c38980,240
70f97ddb3500,70f9661add00,242
70f97ddb3500,70f9b0b602c0,236
70f97ddb3500,70f9847788c0,242
70f97ddb3500,70f9a52c2940,242
70f97ddb3500,70f976046200,238
70f97ddb3500,70f96f0c3cc0,240
70f97ddb3500,70f97a16e400,242
70f97ddb3500,70f98c094f40,238
70f97ddb3500,70f990e30f00,242
70f97ddb3500,70f9d22b0d80,240
70f97ddb3500,70f96f193380,240
70f97ddb3500,70f99acf3a40,238
70f97ddb3500,70f987bf3840,240
70f97ddb3500,70f9b4e201c0,240
70f97ddb3500,70f99cf99380,240
70f97ddb3500,70f9988116c0,238
70f97ddb3500,70f9b87f8480,364
70f9bc7d3e80,70f9a28981c0,242
70f9bc7d3e80,70f9a5ac7100,238
70f9bc7d3e80,70f9cf2ffe00,238
70f9bc7d3e80,70f9d26d99c0,238
70f9bc7d3e80,70f9cc0c0480,240
70f9bc7d3e80,70f9dca789c0,238
70f9bc7d3e80,70f99743e6c0,242
70f9bc7d3e80,70f99b66a680,240
70f9bc7d3e80,70f9c1e39e40,240
70f9bc7d3e80,70f985c38980,242
70f9bc7d3e80,70f9661add00,242
70f9bc7d3e80,70f9b0b602c0,240
70f9bc7d3e80,70f9847788c0,238
70f9bc7d3e80,70f9a52c2940,240
70f9bc7d3e80,70f976046200,240
70f9bc7d3e80,70f96f0c3cc0,240
70f9bc7d3e80,70f97a16e400,368
70f9bdaf6ec0,70f9a28981c0,242
70f9bdaf6ec0,70f9a5ac7100,238
70f9bdaf6ec0,70f9cf2ffe00,238
70f9bdaf6ec0,70f9d26d99c0,238
70f9bdaf6ec0,70f9cc0c0480,240
70f9bdaf6ec0,70f9dca789c0,240
70f9bdaf6ec0,70f99743e6c0,242
70f9bdaf6ec0,70f99b66a680,240
70f9bdaf6ec0,70f9c1e39e40,240
70f9bdaf6ec0,70f985c38980,240
70f9bdaf6ec0,70f9661add00,236
70f9bdaf6ec0,70f9b0b602c0,240
70f9bdaf6ec0,70f9847788c0,240
70f9bdaf6ec0,70f9a52c2940,240
70f9bdaf6ec0,70f976046200,240
70f9bdaf6ec0,70f96f0c3cc0,238
70f9bdaf6ec0,70f97a16e400,238
70f9bdaf6ec0,70f98c094f40,242
70f9bdaf6ec0,70f990e30f00,242
70f9bdaf6ec0,70f9d22b0d80,240
70f9bdaf6ec0,70f96f193380,240
70f9bdaf6ec0,70f99acf3a40,240
70f9bdaf6ec0,70f987bf3840,238
70f9bdaf6ec0,70f9b4e201c0,240
70f9bdaf6ec0,70f99cf99380,238
70f9bdaf6ec0,70f9988116c0,240
70f9bdaf6ec0,70f9b87f8480,240
70f9bdaf6ec0,70f998b48980,238
70f9bdaf6ec0,70f999489c80,366
70f9bbb688c0,70f9a28981c0,238
70f9bbb688c0,70f9a5ac7100,240
70f9bbb688c0,70f9cf2ffe00,240
70f9bbb688c0,70f9d26d99c0,240
70f9bbb688c0,70f9cc0c0480,238
70f9bbb688c0,70f9dca789c0,240
70f9bbb688c0,70f99743e6c0,240
70f9bbb688c0,70f99b66a680,238
70f9bbb688c0,70f9c1e39e40,240
70f9bbb688c0,70f985c38980,238
70f9bbb688c0,70f9661add00,242
70f9bbb688c0,70f9b0b602c0,238
70f9bbb688c0,70f9847788c0,242
70f9bbb688c0,70f9a52c2940,242
70f9bbb688c0,70f976046200,238
70f9bbb688c0,70f96f0c3cc0,240
70f9bbb688c0,70f97a16e400,242
70f9bbb688c0,70f98c094f40,240
70f9bbb688c0,70f990e30f00,242
70f9bbb688c0,70f9d22b0d80,242
70f9bbb688c0,70f96f193380,240
70f9bbb688c0,70f99acf3a40,238
70f9bbb688c0,70f987bf3840,240
70f9bbb688c0,70f9b4e201c0,240
70f9bbb688c0,70f99cf99380,240
70f9bbb688c0,70f9988116c0,238
70f9bbb688c0,70f9b87f8480,366
70f96ecf8240,70f9a28981c0,240
70f96ecf8240,70f9a5ac7100,240
70f96ecf8240,70f9cf2ffe00,240
70f96ecf8240,70f9d26d99c0,240
70f96ecf8240,70f9cc0c0480,238
70f96ecf8240,70f9dca789c0,240
70f96ecf8240,70f99743e6c0,240
70f96ecf8240,70f99b66a680,238
70f96ecf8240,70f9c1e39e40,238
70f96ecf8240,70f985c38980,238
70f96ecf8240,70f9661add00,242
70f96ecf8240,70f9b0b602c0,238
70f96ecf8240,70f9847788c0,242
70f96ecf8240,70f9a52c2940,242
70f96ecf8240,70f976046200,240
70f96ecf8240,70f96f0c3cc0,240
70f96ecf8240,70f97a16e400,242
70f96ecf8240,70f98c094f40,366
70f9871af580,70f9a28981c0,242
70f9871af580,70f9a5ac7100,240
70f9871af580,70f9cf2ffe00,240
70f9871af580,70f9d26d99c0,240
70f9871af580,70f9cc0c0480,238
70f9871af580,70f9dca789c0,240
70f9871af580,70f99743e6c0,238
70f9871af580,70f99b66a680,364
70f96373e540,70f9a28981c0,238
70f96373e540,70f9a5ac7100,240
70f96373e540,70f9cf2ffe00,240
70f96373e540,70f9d26d99c0,240
70f96373e540,70f9cc0c0480,238
70f96373e540,70f9dca789c0,240
70f96373e540,70f99743e6c0,240
70f96373e540,70f99b66a680,238
70f96373e540,70f9c1e39e40,240
70f96373e540,70f985c38980,240
70f96373e540,70f9661add00,242
70f96373e540,70f9b0b602c0,238
70f96373e540,70f9847788c0,242
70f96373e540,70f9a52c2940,242
70f96373e540,70f976046200,238
70f96373e540,70f96f0c3cc0,240
70f96373e540,70f97a16e400,242
70f96373e540,70f98c094f40,240
70f96373e540,70f990e30f00,242
70f96373e540,70f9d22b0d80,240
70f96373e540,70f96f193380,240
70f96373e540,70f99acf3a40,236
70f96373e540,70f987bf3840,240
70f96373e540,70f9b4e201c0,366
70f9aaa5b580,70f9a28981c0,242
70f9aaa5b580,70f9a5ac7100,240
70f9aaa5b580,70f9cf2ffe00,238
70f9aaa5b580,70f9d26d99c0,240
70f9aaa5b580,70f9cc0c0480,240
70f9aaa5b580,70f9dca789c0,238
70f9aaa5b580,70f99743e6c0,240
70f9aaa5b580,70f99b66a680,240
70f9aaa5b580,70f9c1e39e40,240
70f9aaa5b580,70f985c38980,240
70f9aaa5b580,70f9661add00,238
70f9aaa5b580,70f9b0b602c0,240
70f9aaa5b580,70f9847788c0,242
70f9aaa5b580,70f9a52c2940,366
70f9791a9140,70f9a28981c0,244
70f9791a9140,70f9a5ac7100,240
70f9791a9140,70f9cf2ffe00,240
70f9791a9140,70f9d26d99c0,240
70f9791a9140,70f9cc0c0480,242
70f9791a9140,70f9dca789c0,368
70f9941a45c0,70f9a28981c0,240
70f9941a45c0,70f9a5ac7100,240
70f9941a45c0,70f9cf2ffe00,240
70f9941a45c0,70f9d26d99c0,240
70f9941a45c0,70f9cc0c0480,238
70f9941a45c0,70f9dca789c0,240
70f9941a45c0,70f99743e6c0,240
70f9941a45c0,70f99b66a680,238
70f9941a45c0,70f9c1e39e40,238
70f9941a45c0,70f985c38980,238
70f9941a45c0,70f9661add00,242
70f9941a45c0,70f9b0b602c0,238
70f9941a45c0,70f9847788c0,242
70f9941a45c0,70f9a52c2940,242
70f9941a45c0,70f976046200,240
70f9941a45c0,70f96f0c3cc0,240
70f9941a45c0,70f97a16e400,240
70f9941a45c0,70f98c094f40,368
70f96d64d800,70f9a28981c0,240
70f96d64d800,70f9a5ac7100,240
70f96d64d800,70f9cf2ffe00,240
70f96d64d800,70f9d26d99c0,240
70f96d64d800,70f9cc0c0480,238
70f96d64d800,70f9dca789c0,240
70f96d64d800,70f99743e6c0,240
70f96d64d800,70f99b66a680,238
70f96d64d800,70f9c1e39e40,238
70f96d64d800,70f985c38980,238
70f96d64d800,70f9661add00,242
70f96d64d800,70f9b0b602c0,238
70f96d64d800,70f9847788c0,240
70f96d64d800,70f9a52c2940,242
70f96d64d800,70f976046200,366
70f96aaf9800,70f9a28981c0,242
70f96aaf9800,70f9a5ac7100,240
70f96aaf9800,70f9cf2ffe00,238
70f96aaf9800,70f9d26d99c0,240
70f96aaf9800,70f9cc0c0480,240
70f96aaf9800,70f9dca789c0,238
70f96aaf9800,70f99743e6c0,242
70f96aaf9800,70f99b66a680,240
70f96aaf9800,70f9c1e39e40,240
70f96aaf9800,70f985c38980,242
70f96aaf9800,70f9661add00,238
70f96aaf9800,70f9b0b602c0,240
70f96aaf9800,70f9847788c0,366
70f96b24e280,70f9a28981c0,238
70f96b24e280,70f9a5ac7100,240
70f96b24e280,70f9cf2ffe00,240
70f96b24e280,70f9d26d99c0,240
70f96b24e280,70f9cc0c0480,238
70f96b24e280,70f9dca789c0,240
70f96b24e280,70f99743e6c0,238
70f96b24e280,70f99b66a680,238
70f96b24e280,70f9c1e39e40,238
70f96b24e280,70f985c38980,238
70f96b24e280,70f9661add00,240
70f96b24e280,70f9b0b602c0,238
70f96b24e280,70f9847788c0,242
70f96b24e280,70f9a52c2940,240
70f96b24e280,70f976046200,240
70f96b24e280,70f96f0c3cc0,240
70f96b24e280,70f97a16e400,242
70f96b24e280,70f98c094f40,366
70f9c2137cc0,70f9a28981c0,242
70f9c2137cc0,70f9a5ac7100,238
70f9c2137cc0,70f9cf2ffe00,238
70f9c2137cc0,70f9d26d99c0,238
70f9c2137cc0,70f9cc0c0480,240
70f9c2137cc0,70f9dca789c0,240
70f9c2137cc0,70f99743e6c0,242
70f9c2137cc0,70f99b66a680,240
70f9c2137cc0,70f9c1e39e40,240
70f9c2137cc0,70f985c38980,242
70f9c2137cc0,70f9661add00,238
70f9c2137cc0,70f9b0b602c0,240
70f9c2137cc0,70f9847788c0,238
70f9c2137cc0,70f9a52c2940,240
70f9c2137cc0,70f976046200,240
70f9c2137cc0,70f96f0c3cc0,238
70f9c2137cc0,70f97a16e400,238
70f9c2137cc0,70f98c094f40,242
70f9c2137cc0,70f990e30f00,242
70f9c2137cc0,70f9d22b0d80,240
70f9c2137cc0,70f96f193380,238
70f9c2137cc0,70f99acf3a40,240
70f9c2137cc0,70f987bf3840,238
70f9c2137cc0,70f9b4e201c0,240
70f9c2137cc0,70f99cf99380,238
70f9c2137cc0,70f9988116c0,240
70f9c2137cc0,70f9b87f8480,242
70f9c2137cc0,70f998b48980,238
70f9c2137cc0,70f999489c80,240
70f9c2137cc0,70f971256f00,240
70f9c2137cc0,70f9759f5400,240
70f9c2137cc0,70f9864a9340,366
70f973303d00,70f9a28981c0,242
70f973303d00,70f9a5ac7100,236
70f973303d00,70f9cf2ffe00,236
70f973303d00,70f9d26d99c0,240
70f973303d00,70f9cc0c0480,242
70f973303d00,70f9dca789c0,366
70f9daeaebc0,70f9a28981c0,242
70f9daeaebc0,70f9a5ac7100,240
70f9daeaebc0,70f9cf2ffe00,240
70f9daeaebc0,70f9d26d99c0,240
70f9daeaebc0,70f9cc0c0480,236
70f9daeaebc0,70f9dca789c0,240
70f9daeaebc0,70f99743e6c0,238
70f9daeaebc0,70f99b66a680,366
70f9a6424ec0,70f9a28981c0,240
70f9a6424ec0,70f9a5ac7100,242
70f9a6424ec0,70f9cf2ffe00,240
70f9a6424ec0,70f9d26d99c0,242
70f9a6424ec0,70f9cc0c0480,240
70f9a6424ec0,70f9dca789c0,242
70f9a6424ec0,70f99743e6c0,242
70f9a6424ec0,70f99b66a680,238
70f9a6424ec0,70f9c1e39e40,238
70f9a6424ec0,70f985c38980,238
70f9a6424ec0,70f9661add00,242
70f9a6424ec0,70f9b0b602c0,238
70f9a6424ec0,70f9847788c0,242
70f9a6424ec0,70f9a52c2940,242
70f9a6424ec0,70f976046200,238
70f9a6424ec0,70f96f0c3cc0,240
70f9a6424ec0,70f97a16e400,240
70f9a6424ec0,70f98c094f40,240
70f9a6424ec0,70f990e30f00,242
70f9a6424ec0,70f9d22b0d80,238
70f9a6424ec0,70f96f193380,240
70f9a6424ec0,70f99acf3a40,238
70f9a6424ec0,70f987bf3840,240
70f9a6424ec0,70f9b4e201c0,238
70f9a6424ec0,70f99cf99380,240
70f9a6424ec0,70f9988116c0,238
70f9a6424ec0,70f9b87f8480,238
70f9a6424ec0,70f998b48980,240
70f9a6424ec0,70f999489c80,242
70f9a6424ec0,70f971256f00,240
70f9a6424ec0,70f9759f5400,364
70f9b5fd2800,70f9a28981c0,242
70f9b5fd2800,70f9a5ac7100,236
70f9b5fd2800,70f9cf2ffe00,238
70f9b5fd2800,70f9d26d99c0,238
70f9b5fd2800,70f9cc0c0480,240
70f9b5fd2800,70f9dca789c0,238
70f9b5fd2800,70f99743e6c0,242
70f9b5fd2800,70f99b66a680,240
70f9b5fd2800,70f9c1e39e40,240
70f9b5fd2800,70f985c38980,242
70f9b5fd2800,70f9661add00,242
70f9b5fd2800,70f9b0b602c0,240
70f9b5fd2800,70f9847788c0,238
70f9b5fd2800,70f9a52c2940,240
70f9b5fd2800,70f976046200,240
70f9b5fd2800,70f96f0c3cc0,240
70f9b5fd2800,70f97a16e400,242
70f9b5fd2800,70f98c094f40,242
70f9b5fd2800,70f990e30f00,240
70f9b5fd2800,70f9d22b0d80,240
70f9b5fd2800,70f96f193380,238
70f9b5fd2800,70f99acf3a40,240
70f9b5fd2800,70f987bf3840,366
70f9d5417f00,70f9a28981c0,240
70f9d5417f00,70f9a5ac7100,242
70f9d5417f00,70f9cf2ffe00,240
70f9d5417f00,70f9d26d99c0,242
70f9d5417f00,70f9cc0c0480,240
70f9d5417f00,70f9dca789c0,240
70f9d5417f00,70f99743e6c0,242
70f9d5417f00,70f99b66a680,238
70f9d5417f00,70f9c1e39e40,238
70f9d5417f00,70f985c38980,240
70f9d5417f00,70f9661add00,242
70f9d5417f00,70f9b0b602c0,238
70f9d5417f00,70f9847788c0,242
70f9d5417f00,70f9a52c2940,242
70f9d5417f00,70f976046200,238
70f9d5417f00,70f96f0c3cc0,240
70f9d5417f00,70f97a16e400,242
70f9d5417f00,70f98c094f40,238
70f9d5417f00,70f990e30f00,242
70f9d5417f00,70f9d22b0d80,238
70f9d5417f00,70f96f193380,240
70f9d5417f00,70f99acf3a40,238
70f9d5417f00,70f987bf3840,240
70f9d5417f00,70f9b4e201c0,238
70f9d5417f00,70f99cf99380,240
70f9d5417f00,70f9988116c0,238
70f9d5417f00,70f9b87f8480,238
70f9d5417f00,70f998b48980,240
70f9d5417f00,70f999489c80,240
70f9d5417f00,70f971256f00,364
70f9d65c8b80,70f9a28981c0,242
70f9d65c8b80,70f9a5ac7100,238
70f9d65c8b80,70f9cf2ffe00,240
70f9d65c8b80,70f9d26d99c0,238
70f9d65c8b80,70f9cc0c0480,240
70f9d65c8b80,70f9dca789c0,238
70f9d65c8b80,70f99743e6c0,242
70f9d65c8b80,70f99b66a680,240
70f9d65c8b80,70f9c1e39e40,240
70f9d65c8b80,70f985c38980,242
70f9d65c8b80,70f9661add00,240
70f9d65c8b80,70f9b0b602c0,240
70f9d65c8b80,70f9847788c0,240
70f9d65c8b80,70f9a52c2940,240
70f9d65c8b80,70f976046200,240
70f9d65c8b80,70f96f0c3cc0,238
70f9d65c8b80,70f97a16e400,240
70f9d65c8b80,70f98c094f40,242
70f9d65c8b80,70f990e30f00,240
70f9d65c8b80,70f9d22b0d80,240
70f9d65c8b80,70f96f193380,366
70f9c6406f40,70f9a28981c0,242
70f9c6406f40,70f9a5ac7100,238
70f9c6406f40,70f9cf2ffe00,238
70f9c6406f40,70f9d26d99c0,238
70f9c6406f40,70f9cc0c0480,240
70f9c6406f40,70f9dca789c0,240
70f9c6406f40,70f99743e6c0,242
70f9c6406f40,70f99b66a680,242
70f9c6406f40,70f9c1e39e40,240
70f9c6406f40,70f985c38980,242
70f9c6406f40,70f9661add00,238
70f9c6406f40,70f9b0b602c0,240
70f9c6406f40,70f9847788c0,240
70f9c6406f40,70f9a52c2940,240
70f9c6406f40,70f976046200,240
70f9c6406f40,70f96f0c3cc0,238
70f9c6406f40,70f97a16e400,238
70f9c6406f40,70f98c094f40,242
70f9c6406f40,70f990e30f00,242
70f9c6406f40,70f9d22b0d80,240
70f9c6406f40,70f96f193380,238
70f9c6406f40,70f99acf3a40,240
70f9c6406f40,70f987bf3840,238
70f9c6406f40,70f9b4e201c0,240
70f9c6406f40,70f99cf99380,238
70f9c6406f40,70f9988116c0,240
70f9c6406f40,70f9b87f8480,242
70f9c6406f40,70f998b48980,238
70f9c6406f40,70f999489c80,240
70f9c6406f40,70f971256f00,240
70f9c6406f40,70f9759f5400,240
70f9c6406f40,70f9864a9340,366
70f99581ea40,70f9a28981c0,240
70f99581ea40,70f9a5ac7100,242
70f99581ea40,70f9cf2ffe00,240
70f99581ea40,70f9d26d99c0,240
70f99581ea40,70f9cc0c0480,238
70f99581ea40,70f9dca789c0,240
70f99581ea40,70f99743e6c0,240
70f99581ea40,70f99b66a680,238
70f99581ea40,70f9c1e39e40,238
70f99581ea40,70f985c38980,238
70f99581ea40,70f9661add00,242
70f99581ea40,70f9b0b602c0,238
70f99581ea40,70f9847788c0,242
70f99581ea40,70f9a52c2940,242
70f99581ea40,70f976046200,242
70f99581ea40,70f96f0c3cc0,240
70f99581ea40,70f97a16e400,242
70f99581ea40,70f98c094f40,368
70f985d70e40,70f9a28981c0,238
70f985d70e40,70f9a5ac7100,240
70f985d70e40,70f9cf2ffe00,240
70f985d70e40,70f9d26d99c0,240
70f985d70e40,70f9cc0c0480,238
70f985d70e40,70f9dca789c0,240
70f985d70e40,70f99743e6c0,240
70f985d70e40,70f99b66a680,238
70f985d70e40,70f9c1e39e40,238
70f985d70e40,70f985c38980,238
70f985d70e40,70f9661add00,240
70f985d70e40,70f9b0b602c0,238
70f985d70e40,70f9847788c0,242
70f985d70e40,70f9a52c2940,242
70f985d70e40,70f976046200,366
70f9a00074c0,70f9a28981c0,242
70f9a00074c0,70f9a5ac7100,240
70f9a00074c0,70f9cf2ffe00,240
70f9a00074c0,70f9d26d99c0,240
70f9a00074c0,70f9cc0c0480,238
70f9a00074c0,70f9dca789c0,240
70f9a00074c0,70f99743e6c0,240
70f9a00074c0,70f99b66a680,238
70f9a00074c0,70f9c1e39e40,238
70f9a00074c0,70f985c38980,238
70f9a00074c0,70f9661add00,240
70f9a00074c0,70f9b0b602c0,238
70f9a00074c0,70f9847788c0,242
70f9a00074c0,70f9a52c2940,242
70f9a00074c0,70f976046200,240
70f9a00074c0,70f96f0c3cc0,240
70f9a00074c0,70f97a16e400,242
70f9a00074c0,70f98c094f40,368
70f978bf1780,70f9a28981c0,242
70f978bf1780,70f9a5ac7100,240
70f978bf1780,70f9cf2ffe00,236
70f978bf1780,70f9d26d99c0,240
70f978bf1780,70f9cc0c0480,242
70f978bf1780,70f9dca789c0,238
70f978bf1780,70f99743e6c0,244
70f978bf1780,70f99b66a680,240
70f978bf1780,70f9c1e39e40,240
70f978bf1780,70f985c38980,244
70f978bf1780,70f9661add00,242
70f978bf1780,70f9b0b602c0,240
70f978bf1780,70f9847788c0,368
70f9c4f07380,70f9a28981c0,242
70f9c4f07380,70f9a5ac7100,238
70f9c4f07380,70f9cf2ffe00,238
70f9c4f07380,70f9d26d99c0,238
70f9c4f07380,70f9cc0c0480,240
70f9c4f07380,70f9dca789c0,366
70f9ccffae00,70f9a28981c0,240
70f9ccffae00,70f9a5ac7100,240
70f9ccffae00,70f9cf2ffe00,240
70f9ccffae00,70f9d26d99c0,240
70f9ccffae00,70f9cc0c0480,366
70f9cb734900,70f9a28981c0,242
70f9cb734900,70f9a5ac7100,366
70f9e120e0c0,70f9a28981c0,242
70f9e120e0c0,70f9a5ac7100,240
70f9e120e0c0,70f9cf2ffe00,240
70f9e120e0c0,70f9d26d99c0,240
70f9e120e0c0,70f9cc0c0480,238
70f9e120e0c0,70f9dca789c0,240
70f9e120e0c0,70f99743e6c0,240
70f9e120e0c0,70f99b66a680,366
70f9641183c0,70f9a28981c0,240
70f9641183c0,70f9a5ac7100,240
70f9641183c0,70f9cf2ffe00,240
70f9641183c0,70f9d26d99c0,240
70f9641183c0,70f9cc0c0480,238
70f9641183c0,70f9dca789c0,240
70f9641183c0,70f99743e6c0,238
70f9641183c0,70f99b66a680,238
70f9641183c0,70f9c1e39e40,238
70f9641183c0,70f985c38980,238
70f9641183c0,70f9661add00,242
70f9641183c0,70f9b0b602c0,238
70f9641183c0,70f9847788c0,242
70f9641183c0,70f9a52c2940,242
70f9641183c0,70f976046200,366
70f9a94a52c0,70f9a28981c0,240
70f9a94a52c0,70f9a5ac7100,240
70f9a94a52c0,70f9cf2ffe00,240
70f9a94a52c0,70f9d26d99c0,240
70f9a94a52c0,70f9cc0c0480,238
70f9a94a52c0,70f9dca789c0,240
70f9a94a52c0,70f99743e6c0,242
70f9a94a52c0,70f99b66a680,238
70f9a94a52c0,70f9c1e39e40,238
70f9a94a52c0,70f985c38980,240
70f9a94a52c0,70f9661add00,242
70f9a94a52c0,70f9b0b602c0,238
70f9a94a52c0,70f9847788c0,244
70f9a94a52c0,70f9a52c2940,242
70f9a94a52c0,70f976046200,240
70f9a94a52c0,70f96f0c3cc0,240
70f9a94a52c0,70f97a16e400,242
70f9a94a52c0,70f98c094f40,244
70f9a94a52c0,70f990e30f00,244
70f9a94a52c0,70f9d22b0d80,238
70f9a94a52c0,70f96f193380,240
70f9a94a52c0,70f99acf3a40,366
70f97cbc1600,70f9a28981c0,238
70f97cbc1600,70f9a5ac7100,240
70f97cbc1600,70f9cf2ffe00,240
70f97cbc1600,70f9d26d99c0,240
70f97cbc1600,70f9cc0c0480,366
70f9be4ec240,70f9a28981c0,242
70f9be4ec240,70f9a5ac7100,238
70f9be4ec240,70f9cf2ffe00,240
70f9be4ec240,70f9d26d99c0,238
70f9be4ec240,70f9cc0c0480,240
70f9be4ec240,70f9dca789c0,238
70f9be4ec240,70f99743e6c0,242
70f9be4ec240,70f99b66a680,242
70f9be4ec240,70f9c1e39e40,240
70f9be4ec240,70f985c38980,242
70f9be4ec240,70f9661add00,240
70f9be4ec240,70f9b0b602c0,240
70f9be4ec240,70f9847788c0,240
70f9be4ec240,70f9a52c2940,242
70f9be4ec240,70f976046200,240
70f9be4ec240,70f96f0c3cc0,238
70f9be4ec240,70f97a16e400,240
70f9be4ec240,70f98c094f40,244
70f9be4ec240,70f990e30f00,240
70f9be4ec240,70f9d22b0d80,240
70f9be4ec240,70f96f193380,366
70f984b9c1c0,70f9a28981c0,242
70f984b9c1c0,70f9a5ac7100,240
70f984b9c1c0,70f9cf2ffe00,238
70f984b9c1c0,70f9d26d99c0,240
70f984b9c1c0,70f9cc0c0480,240
70f984b9c1c0,70f9dca789c0,238
70f984b9c1c0,70f99743e6c0,242
70f984b9c1c0,70f99b66a680,240
70f984b9c1c0,70f9c1e39e40,240
70f984b9c1c0,70f985c38980,242
70f984b9c1c0,70f9661add00,238
70f984b9c1c0,70f9b0b602c0,240
70f984b9c1c0,70f9847788c0,242
70f984b9c1c0,70f9a52c2940,368
70f9d6329ec0,70f9a28981c0,242
70f9d6329ec0,70f9a5ac7100,238
70f9d6329ec0,70f9cf2ffe00,366
70f9cade44c0,70f9a28981c0,240
70f9cade44c0,70f9a5ac7100,240
70f9cade44c0,70f9cf2ffe00,240
70f9cade44c0,70f9d26d99c0,240
70f9cade44c0,70f9cc0c0480,366
70f9a994b740,70f9a28981c0,242
70f9a994b740,70f9a5ac7100,238
70f9a994b740,70f9cf2ffe00,240
70f9a994b740,70f9d26d99c0,238
70f9a994b740,70f9cc0c0480,240
70f9a994b740,70f9dca789c0,238
70f9a994b740,70f99743e6c0,242
70f9a994b740,70f99b66a680,240
70f9a994b740,70f9c1e39e40,240
70f9a994b740,70f985c38980,242
70f9a994b740,70f9661add00,238
70f9a994b740,70f9b0b602c0,240
70f9a994b740,70f9847788c0,240
70f9a994b740,70f9a52c2940,240
70f9a994b740,70f976046200,240
70f9a994b740,70f96f0c3cc0,238
70f9a994b740,70f97a16e400,238
70f9a994b740,70f98c094f40,242
70f9a994b740,70f990e30f00,238
70f9a994b740,70f9d22b0d80,242
70f9a994b740,70f96f193380,366
70f9d7668440,70f9a28981c0,242
70f9d7668440,70f9a5ac7100,236
70f9d7668440,70f9cf2ffe00,236
70f9d7668440,70f9d26d99c0,238
70f9d7668440,70f9cc0c0480,240
70f9d7668440,70f9dca789c0,238
70f9d7668440,70f99743e6c0,242
70f9d7668440,70f99b66a680,240
70f9d7668440,70f9c1e39e40,240
70f9d7668440,70f985c38980,242
70f9d7668440,70f9661add00,368
70f99343fa80,70f9a28981c0,242
70f99343fa80,70f9a5ac7100,238
70f99343fa80,70f9cf2ffe00,238
70f99343fa80,70f9d26d99c0,238
70f99343fa80,70f9cc0c0480,240
70f99343fa80,70f9dca789c0,240
70f99343fa80,70f99743e6c0,242
70f99343fa80,70f99b66a680,240
70f99343fa80,70f9c1e39e40,240
70f99343fa80,70f985c38980,242
70f99343fa80,70f9661add00,238
70f99343fa80,70f9b0b602c0,240
70f99343fa80,70f9847788c0,238
70f99343fa80,70f9a52c2940,240
70f99343fa80,70f976046200,240
70f99343fa80,70f96f0c3cc0,238
70f99343fa80,70f97a16e400,238
70f99343fa80,70f98c094f40,242
70f99343fa80,70f990e30f00,242
70f99343fa80,70f9d22b0d80,240
70f99343fa80,70f96f193380,236
70f99343fa80,70f99acf3a40,240
70f99343fa80,70f987bf3840,238
70f99343fa80,70f9b4e201c0,240
70f99343fa80,70f99cf99380,238
70f99343fa80,70f9988116c0,240
70f99343fa80,70f9b87f8480,240
70f99343fa80,70f998b48980,238
70f99343fa80,70f999489c80,366
70f9c06f48c0,70f9a28981c0,244
70f9c06f48c0,70f9a5ac7100,238
70f9c06f48c0,70f9cf2ffe00,240
70f9c06f48c0,70f9d26d99c0,238
70f9c06f48c0,70f9cc0c0480,240
70f9c06f48c0,70f9dca789c0,238
70f9c06f48c0,70f99743e6c0,242
70f9c06f48c0,70f99b66a680,240
70f9c06f48c0,70f9c1e39e40,240
70f9c06f48c0,70f985c38980,240
70f9c06f48c0,70f9661add00,238
70f9c06f48c0,70f9b0b602c0,240
70f9c06f48c0,70f9847788c0,240
70f9c06f48c0,70f9a52c2940,240
70f9c06f48c0,70f976046200,240
70f9c06f48c0,70f96f0c3cc0,238
70f9c06f48c0,70f97a16e400,238
70f9c06f48c0,70f98c094f40,242
70f9c06f48c0,70f990e30f00,238
70f9c06f48c0,70f9d22b0d80,240
70f9c06f48c0,70f96f193380,240
70f9c06f48c0,70f99acf3a40,240
70f9c06f48c0,70f987bf3840,238
70f9c06f48c0,70f9b4e201c0,240
70f9c06f48c0,70f99cf99380,238
70f9c06f48c0,70f9988116c0,240
70f9c06f48c0,70f9b87f8480,240
70f9c06f48c0,70f998b48980,240
70f9c06f48c0,70f999489c80,238
70f9c06f48c0,70f971256f00,240
70f9c06f48c0,70f9759f5400,240
70f9c06f48c0,70f9864a9340,238
70f9c06f48c0,70f99d925380,366
70f98940ca00,70f9a28981c0,240
70f98940ca00,70f9a5ac7100,240
70f98940ca00,70f9cf2ffe00,240
70f98940ca00,70f9d26d99c0,240
70f98940ca00,70f9cc0c0480,238
70f98940ca00,70f9dca789c0,240
70f98940ca00,70f99743e6c0,238
70f98940ca00,70f99b66a680,238
70f98940ca00,70f9c1e39e40,240
70f98940ca00,70f985c38980,238
70f98940ca00,70f9661add00,240
70f98940ca00,70f9b0b602c0,238
70f98940ca00,70f9847788c0,242
70f98940ca00,70f9a52c2940,240
70f98940ca00,70f976046200,238
70f98940ca00,70f96f0c3cc0,240
70f98940ca00,70f97a16e400,240
70f98940ca00,70f98c094f40,238
70f98940ca00,70f990e30f00,242
70f98940ca00,70f9d22b0d80,240
70f98940ca00,70f96f193380,240
70f98940ca00,70f99acf3a40,236
70f98940ca00,70f987bf3840,240
70f98940ca00,70f9b4e201c0,366
70f99e68d280,70f9a28981c0,238
70f99e68d280,70f9a5ac7100,240
70f99e68d280,70f9cf2ffe00,240
70f99e68d280,70f9d26d99c0,240
70f99e68d280,70f9cc0c0480,238
70f99e68d280,70f9dca789c0,240
70f99e68d280,70f99743e6c0,240
70f99e68d280,70f99b66a680,238
70f99e68d280,70f9c1e39e40,238
70f99e68d280,70f985c38980,240
70f99e68d280,70f9661add00,242
70f99e68d280,70f9b0b602c0,238
70f99e68d280,70f9847788c0,242
70f99e68d280,70f9a52c2940,240
70f99e68d280,70f976046200,240
70f99e68d280,70f96f0c3cc0,240
70f99e68d280,70f97a16e400,242
70f99e68d280,70f98c094f40,366
70f9c8dee100,70f9a28981c0,240
70f9c8dee100,70f9a5ac7100,238
70f9c8dee100,70f9cf2ffe00,238
70f9c8dee100,70f9d26d99c0,238
70f9c8dee100,70f9cc0c0480,240
70f9c8dee100,70f9dca789c0,238
70f9c8dee100,70f99743e6c0,240
70f9c8dee100,70f99b66a680,242
70f9c8dee100,70f9c1e39e40,240
70f9c8dee100,70f985c38980,242
70f9c8dee100,70f9661add00,242
70f9c8dee100,70f9b0b602c0,240
70f9c8dee100,70f9847788c0,238
70f9c8dee100,70f9a52c2940,238
70f9c8dee100,70f976046200,240
70f9c8dee100,70f96f0c3cc0,240
70f9c8dee100,70f97a16e400,366
70f99225acc0,70f9a28981c0,242
70f99225acc0,70f9a5ac7100,238
70f99225acc0,70f9cf2ffe00,240
70f99225acc0,70f9d26d99c0,238
70f99225acc0,70f9cc0c0480,240
70f99225acc0,70f9dca789c0,238
70f99225acc0,70f99743e6c0,242
70f99225acc0,70f99b66a680,240
70f99225acc0,70f9c1e39e40,240
70f99225acc0,70f985c38980,242
70f99225acc0,70f9661add00,240
70f99225acc0,70f9b0b602c0,240
70f99225acc0,70f9847788c0,240
70f99225acc0,70f9a52c2940,240
70f99225acc0,70f976046200,240
70f99225acc0,70f96f0c3cc0,238
70f99225acc0,70f97a16e400,238
70f99225acc0,70f98c094f40,242
70f99225acc0,70f990e30f00,238
70f99225acc0,70f9d22b0d80,240
70f99225acc0,70f96f193380,240
70f99225acc0,70f99acf3a40,240
70f99225acc0,70f987bf3840,238
70f99225acc0,70f9b4e201c0,240
70f99225acc0,70f99cf99380,238
70f99225acc0,70f9988116c0,240
70f99225acc0,70f9b87f8480,240
70f99225acc0,70f998b48980,240
70f99225acc0,70f999489c80,238
70f99225acc0,70f971256f00,240
70f99225acc0,70f9759f5400,240
70f99225acc0,70f9864a9340,238
70f99225acc0,70f99d925380,366
70f97e3c4f40,70f9a28981c0,238
70f97e3c4f40,70f9a5ac7100,242
70f97e3c4f40,70f9cf2ffe00,240
70f97e3c4f40,70f9d26d99c0,240
70f97e3c4f40,70f9cc0c0480,238
70f97e3c4f40,70f9dca789c0,240
70f97e3c4f40,70f99743e6c0,240
70f97e3c4f40,70f99b66a680,238
70f97e3c4f40,70f9c1e39e40,238
70f97e3c4f40,70f985c38980,240
70f97e3c4f40,70f9661add00,242
70f97e3c4f40,70f9b0b602c0,238
70f97e3c4f40,70f9847788c0,242
70f97e3c4f40,70f9a52c2940,242
70f97e3c4f40,70f976046200,240
70f97e3c4f40,70f96f0c3cc0,240
70f97e3c4f40,70f97a16e400,242
70f97e3c4f40,70f98c094f40,242
70f97e3c4f40,70f990e30f00,242
70f97e3c4f40,70f9d22b0d80,238
70f97e3c4f40,70f96f193380,240
70f97e3c4f40,70f99acf3a40,366
70f9d9cf1e00,70f9a28981c0,242
70f9d9cf1e00,70f9a5ac7100,238
70f9d9cf1e00,70f9cf2ffe00,238
70f9d9cf1e00,70f9d26d99c0,238
70f9d9cf1e00,70f9cc0c0480,240
70f9d9cf1e00,70f9dca789c0,238
70f9d9cf1e00,70f99743e6c0,240
70f9d9cf1e00,70f99b66a680,240
70f9d9cf1e00,70f9c1e39e40,240
70f9d9cf1e00,70f985c38980,242
70f9d9cf1e00,70f9661add00,242
70f9d9cf1e00,70f9b0b602c0,240
70f9d9cf1e00,70f9847788c0,238
70f9d9cf1e00,70f9a52c2940,238
70f9d9cf1e00,70f976046200,240
70f9d9cf1e00,70f96f0c3cc0,240
70f9d9cf1e00,70f97a16e400,366
70f98ad09880,70f9a28981c0,240
70f98ad09880,70f9a5ac7100,240
70f98ad09880,70f9cf2ffe00,240
70f98ad09880,70f9d26d99c0,240
70f98ad09880,70f9cc0c0480,240
70f98ad09880,70f9dca789c0,240
70f98ad09880,70f99743e6c0,368
70f9c23e9e40,70f9a28981c0,240
70f9c23e9e40,70f9a5ac7100,240
70f9c23e9e40,70f9cf2ffe00,240
70f9c23e9e40,70f9d26d99c0,240
70f9c23e9e40,70f9cc0c0480,238
70f9c23e9e40,70f9dca789c0,240
70f9c23e9e40,70f99743e6c0,240
70f9c23e9e40,70f99b66a680,238
70f9c23e9e40,70f9c1e39e40,240
70f9c23e9e40,70f985c38980,238
70f9c23e9e40,70f9661add00,242
70f9c23e9e40,70f9b0b602c0,238
70f9c23e9e40,70f9847788c0,242
70f9c23e9e40,70f9a52c2940,242
70f9c23e9e40,70f976046200,238
70f9c23e9e40,70f96f0c3cc0,240
70f9c23e9e40,70f97a16e400,242
70f9c23e9e40,70f98c094f40,238
70f9c23e9e40,70f990e30f00,242
70f9c23e9e40,70f9d22b0d80,366
70f9ad8c4640,70f9a28981c0,240
70f9ad8c4640,70f9a5ac7100,240
70f9ad8c4640,70f9cf2ffe00,240
70f9ad8c4640,70f9d26d99c0,240
70f9ad8c4640,70f9cc0c0480,238
70f9ad8c4640,70f9dca789c0,240
70f9ad8c4640,70f99743e6c0,240
70f9ad8c4640,70f99b66a680,238
70f9ad8c4640,70f9c1e39e40,366
70f97dd21780,70f9a28981c0,242
70f97dd21780,70f9a5ac7100,238
70f97dd21780,70f9cf2ffe00,238
70f97dd21780,70f9d26d99c0,238
70f97dd21780,70f9cc0c0480,240
70f97dd21780,70f9dca789c0,238
70f97dd21780,70f99743e6c0,242
70f97dd21780,70f99b66a680,240
70f97dd21780,70f9c1e39e40,240
70f97dd21780,70f985c38980,242
70f97dd21780,70f9661add00,242
70f97dd21780,70f9b0b602c0,240
70f97dd21780,70f9847788c0,242
70f97dd21780,70f9a52c2940,240
70f97dd21780,70f976046200,240
70f97dd21780,70f96f0c3cc0,366
70f9b65b29c0,70f9a28981c0,240
70f9b65b29c0,70f9a5ac7100,240
70f9b65b29c0,70f9cf2ffe00,240
70f9b65b29c0,70f9d26d99c0,240
70f9b65b29c0,70f9cc0c0480,238
70f9b65b29c0,70f9dca789c0,240
70f9b65b29c0,70f99743e6c0,242
70f9b65b29c0,70f99b66a680,238
70f9b65b29c0,70f9c1e39e40,240
70f9b65b29c0,70f985c38980,240
70f9b65b29c0,70f9661add00,242
70f9b65b29c0,70f9b0b602c0,238
70f9b65b29c0,70f9847788c0,244
70f9b65b29c0,70f9a52c2940,242
70f9b65b29c0,70f976046200,240
70f9b65b29c0,70f96f0c3cc0,240
70f9b65b29c0,70f97a16e400,244
70f9b65b29c0,70f98c094f40,240
70f9b65b29c0,70f990e30f00,244
70f9b65b29c0,70f9d22b0d80,240
70f9b65b29c0,70f96f193380,240
70f9b65b29c0,70f99acf3a40,238
70f9b65b29c0,70f987bf3840,240
70f9b65b29c0,70f9b4e201c0,240
70f9b65b29c0,70f99cf99380,242
70f9b65b29c0,70f9988116c0,238
70f9b65b29c0,70f9b87f8480,366
70f9918cb580,70f9a28981c0,242
70f9918cb580,70f9a5ac7100,240
70f9918cb580,70f9cf2ffe00,242
70f9918cb580,70f9d26d99c0,240
70f9918cb580,70f9cc0c0480,238
70f9918cb580,70f9dca789c0,240
70f9918cb580,70f99743e6c0,240
70f9918cb580,70f99b66a680,240
70f9918cb580,70f9c1e39e40,238
70f9918cb580,70f985c38980,366
70f9b1140200,70f9a28981c0,242
70f9b1140200,70f9a5ac7100,240
70f9b1140200,70f9cf2ffe00,240
70f9b1140200,70f9d26d99c0,240
70f9b1140200,70f9cc0c0480,238
70f9b1140200,70f9dca789c0,240
70f9b1140200,70f99743e6c0,240
70f9b1140200,70f99b66a680,240
70f9b1140200,70f9c1e39e40,240
70f9b1140200,70f985c38980,368
70f9d9f23840,70f9a28981c0,242
70f9d9f23840,70f9a5ac7100,238
70f9d9f23840,70f9cf2ffe00,238
70f9d9f23840,70f9d26d99c0,238
70f9d9f23840,70f9cc0c0480,240
70f9d9f23840,70f9dca789c0,238
70f9d9f23840,70f99743e6c0,242
70f9d9f23840,70f99b66a680,240
70f9d9f23840,70f9c1e39e40,240
70f9d9f23840,70f985c38980,240
70f9d9f23840,70f9661add00,240
70f9d9f23840,70f9b0b602c0,240
70f9d9f23840,70f9847788c0,240
70f9d9f23840,70f9a52c2940,238
70f9d9f23840,70f976046200,240
70f9d9f23840,70f96f0c3cc0,364
70f9cf4d2a80,70f9a28981c0,242
70f9cf4d2a80,70f9a5ac7100,238
70f9cf4d2a80,70f9cf2ffe00,240
70f9cf4d2a80,70f9d26d99c0,238
70f9cf4d2a80,70f9cc0c0480,240
70f9cf4d2a80,70f9dca789c0,238
70f9cf4d2a80,70f99743e6c0,242
70f9cf4d2a80,70f99b66a680,240
70f9cf4d2a80,70f9c1e39e40,240
70f9cf4d2a80,70f985c38980,242
70f9cf4d2a80,70f9661add00,240
70f9cf4d2a80,70f9b0b602c0,240
70f9cf4d2a80,70f9847788c0,238
70f9cf4d2a80,70f9a52c2940,238
70f9cf4d2a80,70f976046200,240
70f9cf4d2a80,70f96f0c3cc0,238
70f9cf4d2a80,70f97a16e400,240
70f9cf4d2a80,70f98c094f40,240
70f9cf4d2a80,70f990e30f00,240
70f9cf4d2a80,70f9d22b0d80,240
70f9cf4d2a80,70f96f193380,240
70f9cf4d2a80,70f99acf3a40,240
70f9cf4d2a80,70f987bf3840,238
70f9cf4d2a80,70f9b4e201c0,240
70f9cf4d2a80,70f99cf99380,238
70f9cf4d2a80,70f9988116c0,240
70f9cf4d2a80,70f9b87f8480,240
70f9cf4d2a80,70f998b48980,366
70f9c7931980,70f9a28981c0,242
70f9c7931980,70f9a5ac7100,240
70f9c7931980,70f9cf2ffe00,240
70f9c7931980,70f9d26d99c0,240
70f9c7931980,70f9cc0c0480,238
70f9c7931980,70f9dca789c0,240
70f9c7931980,70f99743e6c0,240
70f9c7931980,70f99b66a680,240
70f9c7931980,70f9c1e39e40,238
70f9c7931980,70f985c38980,244
70f9c7931980,70f9661add00,244
70f9c7931980,70f9b0b602c0,366
70f9bca2abc0,70f9a28981c0,238
70f9bca2abc0,70f9a5ac7100,240
70f9bca2abc0,70f9cf2ffe00,240
70f9bca2abc0,70f9d26d99c0,240
70f9bca2abc0,70f9cc0c0480,240
70f9bca2abc0,70f9dca789c0,240
70f9bca2abc0,70f99743e6c0,242
70f9bca2abc0,70f99b66a680,238
70f9bca2abc0,70f9c1e39e40,238
70f9bca2abc0,70f985c38980,236
70f9bca2abc0,70f9661add00,240
70f9bca2abc0,70f9b0b602c0,238
70f9bca2abc0,70f9847788c0,242
70f9bca2abc0,70f9a52c2940,242
70f9bca2abc0,70f976046200,238
70f9bca2abc0,70f96f0c3cc0,240
70f9bca2abc0,70f97a16e400,240
70f9bca2abc0,70f98c094f40,240
70f9bca2abc0,70f990e30f00,240
70f9bca2abc0,70f9d22b0d80,236
70f9bca2abc0,70f96f193380,238
70f9bca2abc0,70f99acf3a40,238
70f9bca2abc0,70f987bf3840,240
70f9bca2abc0,70f9b4e201c0,238
70f9bca2abc0,70f99cf99380,240
70f9bca2abc0,70f9988116c0,238
70f9bca2abc0,70f9b87f8480,238
70f9bca2abc0,70f998b48980,240
70f9bca2abc0,70f999489c80,240
70f9bca2abc0,70f971256f00,240
70f9bca2abc0,70f9759f5400,366
70f9ba0cd880,70f9a28981c0,240
70f9ba0cd880,70f9a5ac7100,240
70f9ba0cd880,70f9cf2ffe00,238
70f9ba0cd880,70f9d26d99c0,240
70f9ba0cd880,70f9cc0c0480,240
70f9ba0cd880,70f9dca789c0,238
70f9ba0cd880,70f99743e6c0,240
70f9ba0cd880,70f99b66a680,242
70f9ba0cd880,70f9c1e39e40,240
70f9ba0cd880,70f985c38980,242
70f9ba0cd880,70f9661add00,238
70f9ba0cd880,70f9b0b602c0,240
70f9ba0cd880,70f9847788c0,366
70f9b0c66280,70f9a28981c0,242
70f9b0c66280,70f9a5ac7100,238
70f9b0c66280,70f9cf2ffe00,240
70f9b0c66280,70f9d26d99c0,238
70f9b0c66280,70f9cc0c0480,240
70f9b0c66280,70f9dca789c0,238
70f9b0c66280,70f99743e6c0,242
70f9b0c66280,70f99b66a680,240
70f9b0c66280,70f9c1e39e40,240
70f9b0c66280,70f985c38980,242
70f9b0c66280,70f9661add00,240
70f9b0c66280,70f9b0b602c0,240
70f9b0c66280,70f9847788c0,238
70f9b0c66280,70f9a52c2940,240
70f9b0c66280,70f976046200,240
70f9b0c66280,70f96f0c3cc0,238
70f9b0c66280,70f97a16e400,240
70f9b0c66280,70f98c094f40,242
70f9b0c66280,70f990e30f00,240
70f9b0c66280,70f9d22b0d80,240
70f9b0c66280,70f96f193380,240
70f9b0c66280,70f99acf3a40,240
70f9b0c66280,70f987bf3840,236
70f9b0c66280,70f9b4e201c0,240
70f9b0c66280,70f99cf99380,236
70f9b0c66280,70f9988116c0,240
70f9b0c66280,70f9b87f8480,238
70f9b0c66280,70f998b48980,366
70f9bb838cc0,70f9a28981c0,242
70f9bb838cc0,70f9a5ac7100,238
70f9bb838cc0,70f9cf2ffe00,240
70f9bb838cc0,70f9d26d99c0,238
70f9bb838cc0,70f9cc0c0480,240
70f9bb838cc0,70f9dca789c0,238
70f9bb838cc0,70f99743e6c0,242
70f9bb838cc0,70f99b66a680,240
70f9bb838cc0,70f9c1e39e40,240
70f9bb838cc0,70f985c38980,240
70f9bb838cc0,70f9661add00,238
70f9bb838cc0,70f9b0b602c0,240
70f9bb838cc0,70f9847788c0,240
70f9bb838cc0,70f9a52c2940,240
70f9bb838cc0,70f976046200,240
70f9bb838cc0,70f96f0c3cc0,238
70f9bb838cc0,70f97a16e400,238
70f9bb838cc0,70f98c094f40,242
70f9bb838cc0,70f990e30f00,238
70f9bb838cc0,70f9d22b0d80,240
70f9bb838cc0,70f96f193380,240
70f9bb838cc0,70f99acf3a40,240
70f9bb838cc0,70f987bf3840,238
70f9bb838cc0,70f9b4e201c0,240
70f9bb838cc0,70f99cf99380,238
70f9bb838cc0,70f9988116c0,240
70f9bb838cc0,70f9b87f8480,240
70f9bb838cc0,70f998b48980,240
70f9bb838cc0,70f999489c80,238
70f9bb838cc0,70f971256f00,240
70f9bb838cc0,70f9759f5400,240
70f9bb838cc0,70f9864a9340,238
70f9bb838cc0,70f99d925380,366
70f9bbde5c80,70f9a28981c0,242
70f9bbde5c80,70f9a5ac7100,238
70f9bbde5c80,70f9cf2ffe00,238
70f9bbde5c80,70f9d26d99c0,238
70f9bbde5c80,70f9cc0c0480,240
70f9bbde5c80,70f9dca789c0,240
70f9bbde5c80,70f99743e6c0,240
70f9bbde5c80,70f99b66a680,240
70f9bbde5c80,70f9c1e39e40,240
70f9bbde5c80,70f985c38980,242
70f9bbde5c80,70f9661add00,240
70f9bbde5c80,70f9b0b602c0,240
70f9bbde5c80,70f9847788c0,238
70f9bbde5c80,70f9a52c2940,238
70f9bbde5c80,70f976046200,240
70f9bbde5c80,70f96f0c3cc0,238
70f9bbde5c80,70f97a16e400,240
70f9bbde5c80,70f98c094f40,242
70f9bbde5c80,70f990e30f00,242
70f9bbde5c80,70f9d22b0d80,240
70f9bbde5c80,70f96f193380,238
70f9bbde5c80,70f99acf3a40,240
70f9bbde5c80,70f987bf3840,238
70f9bbde5c80,70f9b4e201c0,240
70f9bbde5c80,70f99cf99380,238
70f9bbde5c80,70f9988116c0,240
70f9bbde5c80,70f9b87f8480,240
70f9bbde5c80,70f998b48980,238
70f9bbde5c80,70f999489c80,366
70f977d0b580,70f9a28981c0,240
70f977d0b580,70f9a5ac7100,240
70f977d0b580,70f9cf2ffe00,240
70f977d0b580,70f9d26d99c0,240
70f977d0b580,70f9cc0c0480,238
70f977d0b580,70f9dca789c0,240
70f977d0b580,70f99743e6c0,238
70f977d0b580,70f99b66a680,236
70f977d0b580,70f9c1e39e40,240
70f977d0b580,70f985c38980,238
70f977d0b580,70f9661add00,244
70f977d0b580,70f9b0b602c0,238
70f977d0b580,70f9847788c0,242
70f977d0b580,70f9a52c2940,242
70f977d0b580,70f976046200,238
70f977d0b580,70f96f0c3cc0,240
70f977d0b580,70f97a16e400,242
70f977d0b580,70f98c094f40,238
70f977d0b580,70f990e30f00,242
70f977d0b580,70f9d22b0d80,364
70f9d5ffa2c0,70f9a28981c0,242
70f9d5ffa2c0,70f9a5ac7100,240
70f9d5ffa2c0,70f9cf2ffe00,240
70f9d5ffa2c0,70f9d26d99c0,240
70f9d5ffa2c0,70f9cc0c0480,238
70f9d5ffa2c0,70f9dca789c0,240
70f9d5ffa2c0,70f99743e6c0,240
70f9d5ffa2c0,70f99b66a680,366
70f997ed1ec0,70f9a28981c0,238
70f997ed1ec0,70f9a5ac7100,240
70f997ed1ec0,70f9cf2ffe00,240
70f997ed1ec0,70f9d26d99c0,240
70f997ed1ec0,70f9cc0c0480,238
70f997ed1ec0,70f9dca789c0,240
70f997ed1ec0,70f99743e6c0,240
70f997ed1ec0,70f99b66a680,238
70f997ed1ec0,70f9c1e39e40,240
70f997ed1ec0,70f985c38980,238
70f997ed1ec0,70f9661add00,242
70f997ed1ec0,70f9b0b602c0,238
70f997ed1ec0,70f9847788c0,242
70f997ed1ec0,70f9a52c2940,242
70f997ed1ec0,70f976046200,238
70f997ed1ec0,70f96f0c3cc0,240
70f997ed1ec0,70f97a16e400,240
70f997ed1ec0,70f98c094f40,240
70f997ed1ec0,70f990e30f00,240
70f997ed1ec0,70f9d22b0d80,366
70f99a4a7740,70f9a28981c0,242
70f99a4a7740,70f9a5ac7100,238
70f99a4a7740,70f9cf2ffe00,238
70f99a4a7740,70f9d26d99c0,238
70f99a4a7740,70f9cc0c0480,240
70f99a4a7740,70f9dca789c0,238
70f99a4a7740,70f99743e6c0,244
70f99a4a7740,70f99b66a680,240
70f99a4a7740,70f9c1e39e40,242
70f99a4a7740,70f985c38980,240
70f99a4a7740,70f9661add00,368
70f9c9f241c0,70f9a28981c0,242
70f9c9f241c0,70f9a5ac7100,238
70f9c9f241c0,70f9cf2ffe00,238
70f9c9f241c0,70f9d26d99c0,240
70f9c9f241c0,70f9cc0c0480,240
70f9c9f241c0,70f9dca789c0,238
70f9c9f241c0,70f99743e6c0,242
70f9c9f241c0,70f99b66a680,240
70f9c9f241c0,70f9c1e39e40,240
70f9c9f241c0,70f985c38980,244
70f9c9f241c0,70f9661add00,242
70f9c9f241c0,70f9b0b602c0,240
70f9c9f241c0,70f9847788c0,240
70f9c9f241c0,70f9a52c2940,242
70f9c9f241c0,70f976046200,240
70f9c9f241c0,70f96f0c3cc0,242
70f9c9f241c0,70f97a16e400,366
70f9808b6380,70f9a28981c0,238
70f9808b6380,70f9a5ac7100,240
70f9808b6380,70f9cf2ffe00,240
70f9808b6380,70f9d26d99c0,240
70f9808b6380,70f9cc0c0480,238
70f9808b6380,70f9dca789c0,240
70f9808b6380,70f99743e6c0,240
70f9808b6380,70f99b66a680,238
70f9808b6380,70f9c1e39e40,238
70f9808b6380,70f985c38980,240
70f9808b6380,70f9661add00,240
70f9808b6380,70f9b0b602c0,238
70f9808b6380,70f9847788c0,240
70f9808b6380,70f9a52c2940,240
70f9808b6380,70f976046200,240
70f9808b6380,70f96f0c3cc0,240
70f9808b6380,70f97a16e400,242
70f9808b6380,70f98c094f40,240
70f9808b6380,70f990e30f00,242
70f9808b6380,70f9d22b0d80,238
70f9808b6380,70f96f193380,240
70f9808b6380,70f99acf3a40,366
70f9e19f2ec0,70f9a28981c0,238
70f9e19f2ec0,70f9a5ac7100,240
70f9e19f2ec0,70f9cf2ffe00,242
70f9e19f2ec0,70f9d26d99c0,240
70f9e19f2ec0,70f9cc0c0480,240
70f9e19f2ec0,70f9dca789c0,240
70f9e19f2ec0,70f99743e6c0,242
70f9e19f2ec0,70f99b66a680,240
70f9e19f2ec0,70f9c1e39e40,238
70f9e19f2ec0,70f985c38980,238
70f9e19f2ec0,70f9661add00,240
70f9e19f2ec0,70f9b0b602c0,238
70f9e19f2ec0,70f9847788c0,242
70f9e19f2ec0,70f9a52c2940,242
70f9e19f2ec0,70f976046200,238
70f9e19f2ec0,70f96f0c3cc0,240
70f9e19f2ec0,70f97a16e400,240
70f9e19f2ec0,70f98c094f40,240
70f9e19f2ec0,70f990e30f00,240
70f9e19f2ec0,70f9d22b0d80,238
70f9e19f2ec0,70f96f193380,240
70f9e19f2ec0,70f99acf3a40,238
70f9e19f2ec0,70f987bf3840,240
70f9e19f2ec0,70f9b4e201c0,238
70f9e19f2ec0,70f99cf99380,240
70f9e19f2ec0,70f9988116c0,238
70f9e19f2ec0,70f9b87f8480,238
70f9e19f2ec0,70f998b48980,240
70f9e19f2ec0,70f999489c80,242
70f9e19f2ec0,70f971256f00,366
70f9bf18c600,70f9a28981c0,242
70f9bf18c600,70f9a5ac7100,238
70f9bf18c600,70f9cf2ffe00,238
70f9bf18c600,70f9d26d99c0,238
70f9bf18c600,70f9cc0c0480,240
70f9bf18c600,70f9dca789c0,238
70f9bf18c600,70f99743e6c0,242
70f9bf18c600,70f99b66a680,240
70f9bf18c600,70f9c1e39e40,240
70f9bf18c600,70f985c38980,242
70f9bf18c600,70f9661add00,242
70f9bf18c600,70f9b0b602c0,240
70f9bf18c600,70f9847788c0,240
70f9bf18c600,70f9a52c2940,240
70f9bf18c600,70f976046200,240
70f9bf18c600,70f96f0c3cc0,240
70f9bf18c600,70f97a16e400,368
70f9b18f5e40,70f9a28981c0,242
70f9b18f5e40,70f9a5ac7100,240
70f9b18f5e40,70f9cf2ffe00,238
70f9b18f5e40,70f9d26d99c0,366
70f9bfce77c0,70f9a28981c0,242
70f9bfce77c0,70f9a5ac7100,238
70f9bfce77c0,70f9cf2ffe00,238
70f9bfce77c0,70f9d26d99c0,238
70f9bfce77c0,70f9cc0c0480,240
70f9bfce77c0,70f9dca789c0,238
70f9bfce77c0,70f99743e6c0,242
70f9bfce77c0,70f99b66a680,240
70f9bfce77c0,70f9c1e39e40,240
70f9bfce77c0,70f985c38980,240
70f9bfce77c0,70f9661add00,240
70f9bfce77c0,70f9b0b602c0,240
70f9bfce77c0,70f9847788c0,240
70f9bfce77c0,70f9a52c2940,240
70f9bfce77c0,70f976046200,240
70f9bfce77c0,70f96f0c3cc0,240
70f9bfce77c0,70f97a16e400,366
70f966199040,70f9a28981c0,242
70f966199040,70f9a5ac7100,238
70f966199040,70f9cf2ffe00,240
70f966199040,70f9d26d99c0,238
70f966199040,70f9cc0c0480,240
70f966199040,70f9dca789c0,238
70f966199040,70f99743e6c0,242
70f966199040,70f99b66a680,240
70f966199040,70f9c1e39e40,240
70f966199040,70f985c38980,242
70f966199040,70f9661add00,238
70f966199040,70f9b0b602c0,240
70f966199040,70f9847788c0,238
70f966199040,70f9a52c2940,240
70f966199040,70f976046200,240
70f966199040,70f96f0c3cc0,238
70f966199040,70f97a16e400,240
70f966199040,70f98c094f40,242
70f966199040,70f990e30f00,240
70f966199040,70f9d22b0d80,240
70f966199040,70f96f193380,240
70f966199040,70f99acf3a40,240
70f966199040,70f987bf3840,238
70f966199040,70f9b4e201c0,240
70f966199040,70f99cf99380,238
70f966199040,70f9988116c0,242
70f966199040,70f9b87f8480,240
70f966199040,70f998b48980,240
70f966199040,70f999489c80,238
70f966199040,70f971256f00,240
70f966199040,70f9759f5400,240
70f966199040,70f9864a9340,236
70f966199040,70f99d925380,366
70f96db830c0,70f9a28981c0,242
70f96db830c0,70f9a5ac7100,238
70f96db830c0,70f9cf2ffe00,238
70f96db830c0,70f9d26d99c0,238
70f96db830c0,70f9cc0c0480,240
70f96db830c0,70f9dca789c0,238
70f96db830c0,70f99743e6c0,242
70f96db830c0,70f99b66a680,240
70f96db830c0,70f9c1e39e40,240
70f96db830c0,70f985c38980,242
70f96db830c0,70f9661add00,242
70f96db830c0,70f9b0b602c0,240
70f96db830c0,70f9847788c0,240
70f96db830c0,70f9a52c2940,240
70f96db830c0,70f976046200,240
70f96db830c0,70f96f0c3cc0,366
70f9a66d58c0,70f9a28981c0,240
70f9a66d58c0,70f9a5ac7100,240
70f9a66d58c0,70f9cf2ffe00,240
70f9a66d58c0,70f9d26d99c0,240
70f9a66d58c0,70f9cc0c0480,236
70f9a66d58c0,70f9dca789c0,240
70f9a66d58c0,70f99743e6c0,240
70f9a66d58c0,70f99b66a680,238
70f9a66d58c0,70f9c1e39e40,240
70f9a66d58c0,70f985c38980,238
70f9a66d58c0,70f9661add00,240
70f9a66d58c0,70f9b0b602c0,238
70f9a66d58c0,70f9847788c0,242
70f9a66d58c0,70f9a52c2940,242
70f9a66d58c0,70f976046200,238
70f9a66d58c0,70f96f0c3cc0,240
70f9a66d58c0,70f97a16e400,240
70f9a66d58c0,70f98c094f40,240
70f9a66d58c0,70f990e30f00,242
70f9a66d58c0,70f9d22b0d80,366
70f995ff3d00,70f9a28981c0,240
70f995ff3d00,70f9a5ac7100,240
70f995ff3d00,70f9cf2ffe00,240
70f995ff3d00,70f9d26d99c0,242
70f995ff3d00,70f9cc0c0480,240
70f995ff3d00,70f9dca789c0,240
70f995ff3d00,70f99743e6c0,368
70f989b48040,70f9a28981c0,242
70f989b48040,70f9a5ac7100,240
70f989b48040,70f9cf2ffe00,238
70f989b48040,70f9d26d99c0,366
70f99dfc76c0,70f9a28981c0,238
70f99dfc76c0,70f9a5ac7100,240
70f99dfc76c0,70f9cf2ffe00,240
70f99dfc76c0,70f9d26d99c0,240
70f99dfc76c0,70f9cc0c0480,236
70f99dfc76c0,70f9dca789c0,240
70f99dfc76c0,70f99743e6c0,238
70f99dfc76c0,70f99b66a680,238
70f99dfc76c0,70f9c1e39e40,240
70f99dfc76c0,70f985c38980,236
70f99dfc76c0,70f9661add00,240
70f99dfc76c0,70f9b0b602c0,238
70f99dfc76c0,70f9847788c0,242
70f99dfc76c0,70f9a52c2940,242
70f99dfc76c0,70f976046200,238
70f99dfc76c0,70f96f0c3cc0,240
70f99dfc76c0,70f97a16e400,240
70f99dfc76c0,70f98c094f40,240
70f99dfc76c0,70f990e30f00,242
70f99dfc76c0,70f9d22b0d80,240
70f99dfc76c0,70f96f193380,238
70f99dfc76c0,70f99acf3a40,238
70f99dfc76c0,70f987bf3840,240
70f99dfc76c0,70f9b4e201c0,366
70f9be8fd5c0,70f9a28981c0,242
70f9be8fd5c0,70f9a5ac7100,238
70f9be8fd5c0,70f9cf2ffe00,238
70f9be8fd5c0,70f9d26d99c0,238
70f9be8fd5c0,70f9cc0c0480,240
70f9be8fd5c0,70f9dca789c0,240
70f9be8fd5c0,70f99743e6c0,242
70f9be8fd5c0,70f99b66a680,240
70f9be8fd5c0,70f9c1e39e40,240
70f9be8fd5c0,70f985c38980,242
70f9be8fd5c0,70f9661add00,238
70f9be8fd5c0,70f9b0b602c0,240
70f9be8fd5c0,70f9847788c0,240
70f9be8fd5c0,70f9a52c2940,240
70f9be8fd5c0,70f976046200,240
70f9be8fd5c0,70f96f0c3cc0,238
70f9be8fd5c0,70f97a16e400,238
70f9be8fd5c0,70f98c094f40,242
70f9be8fd5c0,70f990e30f00,366
70f969b31e80,70f9a28981c0,238
70f969b31e80,70f9a5ac7100,240
70f969b31e80,70f9cf2ffe00,240
70f969b31e80,70f9d26d99c0,240
70f969b31e80,70f9cc0c0480,236
70f969b31e80,70f9dca789c0,240
70f969b31e80,70f99743e6c0,240
70f969b31e80,70f99b66a680,238
70f969b31e80,70f9c1e39e40,238
70f969b31e80,70f985c38980,240
70f969b31e80,70f9661add00,242
70f969b31e80,70f9b0b602c0,238
70f969b31e80,70f9847788c0,242
70f969b31e80,70f9a52c2940,240
70f969b31e80,70f976046200,240
70f969b31e80,70f96f0c3cc0,240
70f969b31e80,70f97a16e400,242
70f969b31e80,70f98c094f40,366
70f96948bd40,70f9a28981c0,242
70f96948bd40,70f9a5ac7100,238
70f96948bd40,70f9cf2ffe00,238
70f96948bd40,70f9d26d99c0,238
70f96948bd40,70f9cc0c0480,240
70f96948bd40,70f9dca789c0,238
70f96948bd40,70f99743e6c0,242
70f96948bd40,70f99b66a680,240
70f96948bd40,70f9c1e39e40,240
70f96948bd40,70f985c38980,244
70f96948bd40,70f9661add00,368
70f9da21ed80,70f9a28981c0,242
70f9da21ed80,70f9a5ac7100,238
70f9da21ed80,70f9cf2ffe00,238
70f9da21ed80,70f9d26d99c0,238
70f9da21ed80,70f9cc0c0480,240
70f9da21ed80,70f9dca789c0,238
70f9da21ed80,70f99743e6c0,242
70f9da21ed80,70f99b66a680,240
70f9da21ed80,70f9c1e39e40,240
70f9da21ed80,70f985c38980,242
70f9da21ed80,70f9661add00,242
70f9da21ed80,70f9b0b602c0,240
70f9da21ed80,70f9847788c0,238
70f9da21ed80,70f9a52c2940,238
70f9da21ed80,70f976046200,240
70f9da21ed80,70f96f0c3cc0,240
70f9da21ed80,70f97a16e400,366
70f9bdce4880,70f9a28981c0,366
70f998957300,70f9a28981c0,240
70f998957300,70f9a5ac7100,240
70f998957300,70f9cf2ffe00,242
70f998957300,70f9d26d99c0,242
70f998957300,70f9cc0c0480,240
70f998957300,70f9dca789c0,240
70f998957300,70f99743e6c0,242
70f998957300,70f99b66a680,236
70f998957300,70f9c1e39e40,238
70f998957300,70f985c38980,238
70f998957300,70f9661add00,242
70f998957300,70f9b0b602c0,238
70f998957300,70f9847788c0,240
70f998957300,70f9a52c2940,242
70f998957300,70f976046200,240
70f998957300,70f96f0c3cc0,240
70f998957300,70f97a16e400,242
70f998957300,70f98c094f40,238
70f998957300,70f990e30f00,242
70f998957300,70f9d22b0d80,238
70f998957300,70f96f193380,242
70f998957300,70f99acf3a40,238
70f998957300,70f987bf3840,240
70f998957300,70f9b4e201c0,238
70f998957300,70f99cf99380,240
70f998957300,70f9988116c0,238
70f998957300,70f9b87f8480,238
70f998957300,70f998b48980,240
70f998957300,70f999489c80,240
70f998957300,70f971256f00,240
70f998957300,70f9759f5400,366
70f9a8f5ef80,70f9a28981c0,242
70f9a8f5ef80,70f9a5ac7100,240
70f9a8f5ef80,70f9cf2ffe00,236
70f9a8f5ef80,70f9d26d99c0,240
70f9a8f5ef80,70f9cc0c0480,240
70f9a8f5ef80,70f9dca789c0,238
70f9a8f5ef80,70f99743e6c0,242
70f9a8f5ef80,70f99b66a680,238
70f9a8f5ef80,70f9c1e39e40,240
70f9a8f5ef80,70f985c38980,242
70f9a8f5ef80,70f9661add00,240
70f9a8f5ef80,70f9b0b602c0,240
70f9a8f5ef80,70f9847788c0,366
70f9b58080c0,70f9a28981c0,242
70f9b58080c0,70f9a5ac7100,240
70f9b58080c0,70f9cf2ffe00,240
70f9b58080c0,70f9d26d99c0,240
70f9b58080c0,70f9cc0c0480,238
70f9b58080c0,70f9dca789c0,240
70f9b58080c0,70f99743e6c0,242
70f9b58080c0,70f99b66a680,366
70f985a29d80,70f9a28981c0,240
70f985a29d80,70f9a5ac7100,240
70f985a29d80,70f9cf2ffe00,240
70f985a29d80,70f9d26d99c0,240
70f985a29d80,70f9cc0c0480,366
70f98e490900,70f9a28981c0,242
70f98e490900,70f9a5ac7100,240
70f98e490900,70f9cf2ffe00,240
70f98e490900,70f9d26d99c0,240
70f98e490900,70f9cc0c0480,238
70f98e490900,70f9dca789c0,240
70f98e490900,70f99743e6c0,238
70f98e490900,70f99b66a680,240
70f98e490900,70f9c1e39e40,238
70f98e490900,70f985c38980,368
70f98fe32c80,70f9a28981c0,242
70f98fe32c80,70f9a5ac7100,238
70f98fe32c80,70f9cf2ffe00,238
70f98fe32c80,70f9d26d99c0,238
70f98fe32c80,70f9cc0c0480,240
70f98fe32c80,70f9dca789c0,238
70f98fe32c80,70f99743e6c0,240
70f98fe32c80,70f99b66a680,240
70f98fe32c80,70f9c1e39e40,240
70f98fe32c80,70f985c38980,240
70f98fe32c80,70f9661add00,240
70f98fe32c80,70f9b0b602c0,240
70f98fe32c80,70f9847788c0,238
70f98fe32c80,70f9a52c2940,238
70f98fe32c80,70f976046200,240
70f98fe32c80,70f96f0c3cc0,240
70f98fe32c80,70f97a16e400,366
70f9dd6f7600,70f9a28981c0,242
70f9dd6f7600,70f9a5ac7100,238
70f9dd6f7600,70f9cf2ffe00,238
70f9dd6f7600,70f9d26d99c0,238
70f9dd6f7600,70f9cc0c0480,240
70f9dd6f7600,70f9dca789c0,238
70f9dd6f7600,70f99743e6c0,240
70f9dd6f7600,70f99b66a680,240
70f9dd6f7600,70f9c1e39e40,240
70f9dd6f7600,70f985c38980,240
70f9dd6f7600,70f9661add00,240
70f9dd6f7600,70f9b0b602c0,240
70f9dd6f7600,70f9847788c0,238
70f9dd6f7600,70f9a52c2940,238
70f9dd6f7600,70f976046200,240
70f9dd6f7600,70f96f0c3cc0,366
70f9dccf6bc0,70f9a28981c0,242
70f9dccf6bc0,70f9a5ac7100,238
70f9dccf6bc0,70f9cf2ffe00,240
70f9dccf6bc0,70f9d26d99c0,238
70f9dccf6bc0,70f9cc0c0480,240
70f9dccf6bc0,70f9dca789c0,238
70f9dccf6bc0,70f99743e6c0,242
70f9dccf6bc0,70f99b66a680,240
70f9dccf6bc0,70f9c1e39e40,240
70f9dccf6bc0,70f985c38980,242
70f9dccf6bc0,70f9661add00,238
70f9dccf6bc0,70f9b0b602c0,240
70f9dccf6bc0,70f9847788c0,238
70f9dccf6bc0,70f9a52c2940,240
70f9dccf6bc0,70f976046200,240
70f9dccf6bc0,70f96f0c3cc0,238
70f9dccf6bc0,70f97a16e400,240
70f9dccf6bc0,70f98c094f40,242
70f9dccf6bc0,70f990e30f00,240
70f9dccf6bc0,70f9d22b0d80,240
70f9dccf6bc0,70f96f193380,366
70f96926b940,70f9a28981c0,238
70f96926b940,70f9a5ac7100,240
70f96926b940,70f9cf2ffe00,240
70f96926b940,70f9d26d99c0,240
70f96926b940,70f9cc0c0480,238
70f96926b940,70f9dca789c0,240
70f96926b940,70f99743e6c0,240
70f96926b940,70f99b66a680,238
70f96926b940,70f9c1e39e40,238
70f96926b940,70f985c38980,238
70f96926b940,70f9661add00,240
70f96926b940,70f9b0b602c0,238
70f96926b940,70f9847788c0,240
70f96926b940,70f9a52c2940,242
70f96926b940,70f976046200,240
70f96926b940,70f96f0c3cc0,242
70f96926b940,70f97a16e400,240
70f96926b940,70f98c094f40,242
70f96926b940,70f990e30f00,240
70f96926b940,70f9d22b0d80,238
70f96926b940,70f96f193380,240
70f96926b940,70f99acf3a40,242
70f96926b940,70f987bf3840,240
70f96926b940,70f9b4e201c0,238
70f96926b940,70f99cf99380,240
70f96926b940,70f9988116c0,366
70f9b70dd280,70f9a28981c0,238
70f9b70dd280,70f9a5ac7100,240
70f9b70dd280,70f9cf2ffe00,240
70f9b70dd280,70f9d26d99c0,240
70f9b70dd280,70f9cc0c0480,240
70f9b70dd280,70f9dca789c0,240
70f9b70dd280,70f99743e6c0,240
70f9b70dd280,70f99b66a680,238
70f9b70dd280,70f9c1e39e40,238
70f9b70dd280,70f985c38980,238
70f9b70dd280,70f9661add00,242
70f9b70dd280,70f9b0b602c0,238
70f9b70dd280,70f9847788c0,240
70f9b70dd280,70f9a52c2940,240
70f9b70dd280,70f976046200,238
70f9b70dd280,70f96f0c3cc0,240
70f9b70dd280,70f97a16e400,242
70f9b70dd280,70f98c094f40,238
70f9b70dd280,70f990e30f00,242
70f9b70dd280,70f9d22b0d80,238
70f9b70dd280,70f96f193380,240
70f9b70dd280,70f99acf3a40,238
70f9b70dd280,70f987bf3840,240
70f9b70dd280,70f9b4e201c0,238
70f9b70dd280,70f99cf99380,240
70f9b70dd280,70f9988116c0,238
70f9b70dd280,70f9b87f8480,238
70f9b70dd280,70f998b48980,240
70f9b70dd280,70f999489c80,240
70f9b70dd280,70f971256f00,240
70f9b70dd280,70f9759f5400,366
70f972602140,70f9a28981c0,368
70f9dce65c40,70f9a28981c0,242
70f9dce65c40,70f9a5ac7100,366
70f96cbaf180,70f9a28981c0,242
70f96cbaf180,70f9a5ac7100,238
70f96cbaf180,70f9cf2ffe00,238
70f96cbaf180,70f9d26d99c0,238
70f96cbaf180,70f9cc0c0480,240
70f96cbaf180,70f9dca789c0,366
70f9aa6a98c0,70f9a28981c0,242
70f9aa6a98c0,70f9a5ac7100,238
70f9aa6a98c0,70f9cf2ffe00,238
70f9aa6a98c0,70f9d26d99c0,238
70f9aa6a98c0,70f9cc0c0480,240
70f9aa6a98c0,70f9dca789c0,240
70f9aa6a98c0,70f99743e6c0,242
70f9aa6a98c0,70f99b66a680,240
70f9aa6a98c0,70f9c1e39e40,240
70f9aa6a98c0,70f985c38980,242
70f9aa6a98c0,70f9661add00,238
70f9aa6a98c0,70f9b0b602c0,240
70f9aa6a98c0,70f9847788c0,240
70f9aa6a98c0,70f9a52c2940,240
70f9aa6a98c0,70f976046200,240
70f9aa6a98c0,70f96f0c3cc0,238
70f9aa6a98c0,70f97a16e400,238
70f9aa6a98c0,70f98c094f40,242
70f9aa6a98c0,70f990e30f00,368
70f9c4989e00,70f9a28981c0,242
70f9c4989e00,70f9a5ac7100,238
70f9c4989e00,70f9cf2ffe00,240
70f9c4989e00,70f9d26d99c0,238
70f9c4989e00,70f9cc0c0480,240
70f9c4989e00,70f9dca789c0,238
70f9c4989e00,70f99743e6c0,242
70f9c4989e00,70f99b66a680,240
70f9c4989e00,70f9c1e39e40,240
70f9c4989e00,70f985c38980,242
70f9c4989e00,70f9661add00,238
70f9c4989e00,70f9b0b602c0,240
70f9c4989e00,70f9847788c0,238
70f9c4989e00,70f9a52c2940,240
70f9c4989e00,70f976046200,240
70f9c4989e00,70f96f0c3cc0,238
70f9c4989e00,70f97a16e400,240
70f9c4989e00,70f98c094f40,242
70f9c4989e00,70f990e30f00,240
70f9c4989e00,70f9d22b0d80,238
70f9c4989e00,70f96f193380,240
70f9c4989e00,70f99acf3a40,240
70f9c4989e00,70f987bf3840,238
70f9c4989e00,70f9b4e201c0,240
70f9c4989e00,70f99cf99380,236
70f9c4989e00,70f9988116c0,240
70f9c4989e00,70f9b87f8480,240
70f9c4989e00,70f998b48980,240
70f9c4989e00,70f999489c80,238
70f9c4989e00,70f971256f00,240
70f9c4989e00,70f9759f5400,240
70f9c4989e00,70f9864a9340,238
70f9c4989e00,70f99d925380,368
70f98b065540,70f9a28981c0,242
70f98b065540,70f9a5ac7100,240
70f98b065540,70f9cf2ffe00,240
70f98b065540,70f9d26d99c0,240
70f98b065540,70f9cc0c0480,238
70f98b065540,70f9dca789c0,240
70f98b065540,70f99743e6c0,240
70f98b065540,70f99b66a680,240
70f98b065540,70f9c1e39e40,238
70f98b065540,70f985c38980,240
70f98b065540,70f9661add00,240
70f98b065540,70f9b0b602c0,366
70f9a9c9c7c0,70f9a28981c0,242
70f9a9c9c7c0,70f9a5ac7100,238
70f9a9c9c7c0,70f9cf2ffe00,238
70f9a9c9c7c0,70f9d26d99c0,236
70f9a9c9c7c0,70f9cc0c0480,240
70f9a9c9c7c0,70f9dca789c0,240
70f9a9c9c7c0,70f99743e6c0,242
70f9a9c9c7c0,70f99b66a680,240
70f9a9c9c7c0,70f9c1e39e40,240
70f9a9c9c7c0,70f985c38980,240
70f9a9c9c7c0,70f9661add00,238
70f9a9c9c7c0,70f9b0b602c0,240
70f9a9c9c7c0,70f9847788c0,240
70f9a9c9c7c0,70f9a52c2940,240
70f9a9c9c7c0,70f976046200,240
70f9a9c9c7c0,70f96f0c3cc0,238
70f9a9c9c7c0,70f97a16e400,238
70f9a9c9c7c0,70f98c094f40,242
70f9a9c9c7c0,70f990e30f00,366
70f9a1716400,70f9a28981c0,240
70f9a1716400,70f9a5ac7100,240
70f9a1716400,70f9cf2ffe00,240
70f9a1716400,70f9d26d99c0,240
70f9a1716400,70f9cc0c0480,240
70f9a1716400,70f9dca789c0,240
70f9a1716400,70f99743e6c0,366
70f9da55b380,70f9a28981c0,242
70f9da55b380,70f9a5ac7100,238
70f9da55b380,70f9cf2ffe00,238
70f9da55b380,70f9d26d99c0,238
70f9da55b380,70f9cc0c0480,240
70f9da55b380,70f9dca789c0,240
70f9da55b380,70f99743e6c0,242
70f9da55b380,70f99b66a680,240
70f9da55b380,70f9c1e39e40,242
70f9da55b380,70f985c38980,242
70f9da55b380,70f9661add00,240
70f9da55b380,70f9b0b602c0,240
70f9da55b380,70f9847788c0,238
70f9da55b380,70f9a52c2940,238
70f9da55b380,70f976046200,242
70f9da55b380,70f96f0c3cc0,238
70f9da55b380,70f97a16e400,240
70f9da55b380,70f98c094f40,242
70f9da55b380,70f990e30f00,242
70f9da55b380,70f9d22b0d80,240
70f9da55b380,70f96f193380,238
70f9da55b380,70f99acf3a40,240
70f9da55b380,70f987bf3840,238
70f9da55b380,70f9b4e201c0,242
70f9da55b380,70f99cf99380,238
70f9da55b380,70f9988116c0,240
70f9da55b380,70f9b87f8480,240
70f9da55b380,70f998b48980,238
70f9da55b380,70f999489c80,364
70f987583f80,70f9a28981c0,368
70f9a54af440,70f9a28981c0,242
70f9a54af440,70f9a5ac7100,240
70f9a54af440,70f9cf2ffe00,240
70f9a54af440,70f9d26d99c0,238
70f9a54af440,70f9cc0c0480,242
70f9a54af440,70f9dca789c0,366
70f965cde440,70f9a28981c0,242
70f965cde440,70f9a5ac7100,240
70f965cde440,70f9cf2ffe00,240
70f965cde440,70f9d26d99c0,240
70f965cde440,70f9cc0c0480,238
70f965cde440,70f9dca789c0,240
70f965cde440,70f99743e6c0,242
70f965cde440,70f99b66a680,366
70f9cb859840,70f9a28981c0,240
70f9cb859840,70f9a5ac7100,240
70f9cb859840,70f9cf2ffe00,240
70f9cb859840,70f9d26d99c0,240
70f9cb859840,70f9cc0c0480,366
70f9d90a3180,70f9a28981c0,242
70f9d90a3180,70f9a5ac7100,238
70f9d90a3180,70f9cf2ffe00,238
70f9d90a3180,70f9d26d99c0,238
70f9d90a3180,70f9cc0c0480,240
70f9d90a3180,70f9dca789c0,240
70f9d90a3180,70f99743e6c0,244
70f9d90a3180,70f99b66a680,240
70f9d90a3180,70f9c1e39e40,240
70f9d90a3180,70f985c38980,244
70f9d90a3180,70f9661add00,240
70f9d90a3180,70f9b0b602c0,240
70f9d90a3180,70f9847788c0,240
70f9d90a3180,70f9a52c2940,240
70f9d90a3180,70f976046200,240
70f9d90a3180,70f96f0c3cc0,238
70f9d90a3180,70f97a16e400,242
70f9d90a3180,70f98c094f40,244
70f9d90a3180,70f990e30f00,366
70f98d426480,70f9a28981c0,242
70f98d426480,70f9a5ac7100,240
70f98d426480,70f9cf2ffe00,238
70f98d426480,70f9d26d99c0,240
70f98d426480,70f9cc0c0480,240
70f98d426480,70f9dca789c0,238
70f98d426480,70f99743e6c0,240
70f98d426480,70f99b66a680,240
70f98d426480,70f9c1e39e40,240
70f98d426480,70f985c38980,242
70f98d426480,70f9661add00,238
70f98d426480,70f9b0b602c0,240
70f98d426480,70f9847788c0,240
70f98d426480,70f9a52c2940,366
70f987420f40,70f9a28981c0,242
70f987420f40,70f9a5ac7100,238
70f987420f40,70f9cf2ffe00,238
70f987420f40,70f9d26d99c0,238
70f987420f40,70f9cc0c0480,240
70f987420f40,70f9dca789c0,238
70f987420f40,70f99743e6c0,242
70f987420f40,70f99b66a680,240
70f987420f40,70f9c1e39e40,240
70f987420f40,70f985c38980,240
70f987420f40,70f9661add00,366
70f9b55a0740,70f9a28981c0,242
70f9b55a0740,70f9a5ac7100,240
70f9b55a0740,70f9cf2ffe00,238
70f9b55a0740,70f9d26d99c0,366
70f994b58340,70f9a28981c0,240
70f994b58340,70f9a5ac7100,240
70f994b58340,70f9cf2ffe00,240
70f994b58340,70f9d26d99c0,240
70f994b58340,70f9cc0c0480,366
70f98e4acc80,70f9a28981c0,242
70f98e4acc80,70f9a5ac7100,236
70f98e4acc80,70f9cf2ffe00,240
70f98e4acc80,70f9d26d99c0,238
70f98e4acc80,70f9cc0c0480,240
70f98e4acc80,70f9dca789c0,238
70f98e4acc80,70f99743e6c0,242
70f98e4acc80,70f99b66a680,240
70f98e4acc80,70f9c1e39e40,238
70f98e4acc80,70f985c38980,242
70f98e4acc80,70f9661add00,238
70f98e4acc80,70f9b0b602c0,240
70f98e4acc80,70f9847788c0,238
70f98e4acc80,70f9a52c2940,240
70f98e4acc80,70f976046200,238
70f98e4acc80,70f96f0c3cc0,238
70f98e4acc80,70f97a16e400,240
70f98e4acc80,70f98c094f40,242
70f98e4acc80,70f990e30f00,240
70f98e4acc80,70f9d22b0d80,240
70f98e4acc80,70f96f193380,240
70f98e4acc80,70f99acf3a40,240
70f98e4acc80,70f987bf3840,238
70f98e4acc80,70f9b4e201c0,240
70f98e4acc80,70f99cf99380,236
70f98e4acc80,70f9988116c0,240
70f98e4acc80,70f9b87f8480,240
70f98e4acc80,70f998b48980,366
70f9ad3bf4c0,70f9a28981c0,242
70f9ad3bf4c0,70f9a5ac7100,238
70f9ad3bf4c0,70f9cf2ffe00,238
70f9ad3bf4c0,70f9d26d99c0,238
70f9ad3bf4c0,70f9cc0c0480,240
70f9ad3bf4c0,70f9dca789c0,238
70f9ad3bf4c0,70f99743e6c0,242
70f9ad3bf4c0,70f99b66a680,240
70f9ad3bf4c0,70f9c1e39e40,242
70f9ad3bf4c0,70f985c38980,242
70f9ad3bf4c0,70f9661add00,242
70f9ad3bf4c0,70f9b0b602c0,240
70f9ad3bf4c0,70f9847788c0,240
70f9ad3bf4c0,70f9a52c2940,240
70f9ad3bf4c0,70f976046200,242
70f9ad3bf4c0,70f96f0c3cc0,240
70f9ad3bf4c0,70f97a16e400,368
70f97043cbc0,70f9a28981c0,238
70f97043cbc0,70f9a5ac7100,240
70f97043cbc0,70f9cf2ffe00,240
70f97043cbc0,70f9d26d99c0,240
70f97043cbc0,70f9cc0c0480,238
70f97043cbc0,70f9dca789c0,240
70f97043cbc0,70f99743e6c0,240
70f97043cbc0,70f99b66a680,238
70f97043cbc0,70f9c1e39e40,238
70f97043cbc0,70f985c38980,238
70f97043cbc0,70f9661add00,240
70f97043cbc0,70f9b0b602c0,238
70f97043cbc0,70f9847788c0,242
70f97043cbc0,70f9a52c2940,242
70f97043cbc0,70f976046200,240
70f97043cbc0,70f96f0c3cc0,242
70f97043cbc0,70f97a16e400,240
70f97043cbc0,70f98c094f40,242
70f97043cbc0,70f990e30f00,240
70f97043cbc0,70f9d22b0d80,238
70f97043cbc0,70f96f193380,240
70f97043cbc0,70f99acf3a40,242
70f97043cbc0,70f987bf3840,240
70f97043cbc0,70f9b4e201c0,238
70f97043cbc0,70f99cf99380,240
70f97043cbc0,70f9988116c0,366
70f9c4a03f80,70f9a28981c0,238
70f9c4a03f80,70f9a5ac7100,240
70f9c4a03f80,70f9cf2ffe00,240
70f9c4a03f80,70f9d26d99c0,240
70f9c4a03f80,70f9cc0c0480,240
70f9c4a03f80,70f9dca789c0,240
70f9c4a03f80,70f99743e6c0,240
70f9c4a03f80,70f99b66a680,238
70f9c4a03f80,70f9c1e39e40,238
70f9c4a03f80,70f985c38980,240
70f9c4a03f80,70f9661add00,242
70f9c4a03f80,70f9b0b602c0,238
70f9c4a03f80,70f9847788c0,242
70f9c4a03f80,70f9a52c2940,240
70f9c4a03f80,70f976046200,238
70f9c4a03f80,70f96f0c3cc0,240
70f9c4a03f80,70f97a16e400,242
70f9c4a03f80,70f98c094f40,238
70f9c4a03f80,70f990e30f00,242
70f9c4a03f80,70f9d22b0d80,236
70f9c4a03f80,70f96f193380,240
70f9c4a03f80,70f99acf3a40,238
70f9c4a03f80,70f987bf3840,240
70f9c4a03f80,70f9b4e201c0,238
70f9c4a03f80,70f99cf99380,240
70f9c4a03f80,70f9988116c0,238
70f9c4a03f80,70f9b87f8480,238
70f9c4a03f80,70f998b48980,240
70f9c4a03f80,70f999489c80,240
70f9c4a03f80,70f971256f00,240
70f9c4a03f80,70f9759f5400,364
70f973f1e440,70f9a28981c0,242
70f973f1e440,70f9a5ac7100,240
70f973f1e440,70f9cf2ffe00,240
70f973f1e440,70f9d26d99c0,240
70f973f1e440,70f9cc0c0480,238
70f973f1e440,70f9dca789c0,240
70f973f1e440,70f99743e6c0,240
70f973f1e440,70f99b66a680,240
70f973f1e440,70f9c1e39e40,238
70f973f1e440,70f985c38980,242
70f973f1e440,70f9661add00,242
70f973f1e440,70f9b0b602c0,366
70f9c3844c80,70f9a28981c0,242
70f9c3844c80,70f9a5ac7100,364
70f96802dd00,70f9a28981c0,242
70f96802dd00,70f9a5ac7100,240
70f96802dd00,70f9cf2ffe00,238
70f96802dd00,70f9d26d99c0,240
70f96802dd00,70f9cc0c0480,240
70f96802dd00,70f9dca789c0,238
70f96802dd00,70f99743e6c0,240
70f96802dd00,70f99b66a680,240
70f96802dd00,70f9c1e39e40,240
70f96802dd00,70f985c38980,242
70f96802dd00,70f9661add00,238
70f96802dd00,70f9b0b602c0,240
70f96802dd00,70f9847788c0,242
70f96802dd00,70f9a52c2940,366
70f99ffaed80,70f9a28981c0,242
70f99ffaed80,70f9a5ac7100,238
70f99ffaed80,70f9cf2ffe00,240
70f99ffaed80,70f9d26d99c0,238
70f99ffaed80,70f9cc0c0480,240
70f99ffaed80,70f9dca789c0,238
70f99ffaed80,70f99743e6c0,240
70f99ffaed80,70f99b66a680,240
70f99ffaed80,70f9c1e39e40,240
70f99ffaed80,70f985c38980,240
70f99ffaed80,70f9661add00,238
70f99ffaed80,70f9b0b602c0,240
70f99ffaed80,70f9847788c0,238
70f99ffaed80,70f9a52c2940,240
70f99ffaed80,70f976046200,240
70f99ffaed80,70f96f0c3cc0,238
70f99ffaed80,70f97a16e400,238
70f99ffaed80,70f98c094f40,242
70f99ffaed80,70f990e30f00,238
70f99ffaed80,70f9d22b0d80,240
70f99ffaed80,70f96f193380,240
70f99ffaed80,70f99acf3a40,240
70f99ffaed80,70f987bf3840,238
70f99ffaed80,70f9b4e201c0,240
70f99ffaed80,70f99cf99380,238
70f99ffaed80,70f9988116c0,240
70f99ffaed80,70f9b87f8480,240
70f99ffaed80,70f998b48980,366
70f971277940,70f9a28981c0,242
70f971277940,70f9a5ac7100,366
70f963325340,70f9a28981c0,238
70f963325340,70f9a5ac7100,240
70f963325340,70f9cf2ffe00,240
70f963325340,70f9d26d99c0,240
70f963325340,70f9cc0c0480,238
70f963325340,70f9dca789c0,240
70f963325340,70f99743e6c0,240
70f963325340,70f99b66a680,238
70f963325340,70f9c1e39e40,366
70f99a8a5980,70f9a28981c0,240
70f99a8a5980,70f9a5ac7100,240
70f99a8a5980,70f9cf2ffe00,240
70f99a8a5980,70f9d26d99c0,240
70f99a8a5980,70f9cc0c0480,364
70f9780e32c0,70f9a28981c0,242
70f9780e32c0,70f9a5ac7100,240
70f9780e32c0,70f9cf2ffe00,240
70f9780e32c0,70f9d26d99c0,238
70f9780e32c0,70f9cc0c0480,242
70f9780e32c0,70f9dca789c0,238
70f9780e32c0,70f99743e6c0,242
70f9780e32c0,70f99b66a680,240
70f9780e32c0,70f9c1e39e40,240
70f9780e32c0,70f985c38980,240
70f9780e32c0,70f9661add00,240
70f9780e32c0,70f9b0b602c0,240
70f9780e32c0,70f9847788c0,240
70f9780e32c0,70f9a52c2940,240
70f9780e32c0,70f976046200,240
70f9780e32c0,70f96f0c3cc0,366
70f9b8002600,70f9a28981c0,242
70f9b8002600,70f9a5ac7100,240
70f9b8002600,70f9cf2ffe00,238
70f9b8002600,70f9d26d99c0,238
70f9b8002600,70f9cc0c0480,240
70f9b8002600,70f9dca789c0,242
70f9b8002600,70f99743e6c0,242
70f9b8002600,70f99b66a680,242
70f9b8002600,70f9c1e39e40,240
70f9b8002600,70f985c38980,242
70f9b8002600,70f9661add00,238
70f9b8002600,70f9b0b602c0,240
70f9b8002600,70f9847788c0,240
70f9b8002600,70f9a52c2940,238
70f9b8002600,70f976046200,240
70f9b8002600,70f96f0c3cc0,238
70f9b8002600,70f97a16e400,240
70f9b8002600,70f98c094f40,242
70f9b8002600,70f990e30f00,242
70f9b8002600,70f9d22b0d80,240
70f9b8002600,70f96f193380,238
70f9b8002600,70f99acf3a40,240
70f9b8002600,70f987bf3840,238
70f9b8002600,70f9b4e201c0,240
70f9b8002600,70f99cf99380,238
70f9b8002600,70f9988116c0,240
70f9b8002600,70f9b87f8480,240
70f9b8002600,70f998b48980,238
70f9b8002600,70f999489c80,364
70f9aaaa7b00,70f9a28981c0,242
70f9aaaa7b00,70f9a5ac7100,238
70f9aaaa7b00,70f9cf2ffe00,240
70f9aaaa7b00,70f9d26d99c0,238
70f9aaaa7b00,70f9cc0c0480,240
70f9aaaa7b00,70f9dca789c0,238
70f9aaaa7b00,70f99743e6c0,242
70f9aaaa7b00,70f99b66a680,240
70f9aaaa7b00,70f9c1e39e40,240
70f9aaaa7b00,70f985c38980,244
70f9aaaa7b00,70f9661add00,240
70f9aaaa7b00,70f9b0b602c0,240
70f9aaaa7b00,70f9847788c0,240
70f9aaaa7b00,70f9a52c2940,240
70f9aaaa7b00,70f976046200,240
70f9aaaa7b00,70f96f0c3cc0,238
70f9aaaa7b00,70f97a16e400,242
70f9aaaa7b00,70f98c094f40,244
70f9aaaa7b00,70f990e30f00,242
70f9aaaa7b00,70f9d22b0d80,240
70f9aaaa7b00,70f96f193380,240
70f9aaaa7b00,70f99acf3a40,240
70f9aaaa7b00,70f987bf3840,238
70f9aaaa7b00,70f9b4e201c0,240
70f9aaaa7b00,70f99cf99380,238
70f9aaaa7b00,70f9988116c0,240
70f9aaaa7b00,70f9b87f8480,240
70f9aaaa7b00,70f998b48980,366
70f972b48f00,70f9a28981c0,242
70f972b48f00,70f9a5ac7100,238
70f972b48f00,70f9cf2ffe00,364
70f9c27b1780,70f9a28981c0,240
70f9c27b1780,70f9a5ac7100,240
70f9c27b1780,70f9cf2ffe00,240
70f9c27b1780,70f9d26d99c0,240
70f9c27b1780,70f9cc0c0480,238
70f9c27b1780,70f9dca789c0,240
70f9c27b1780,70f99743e6c0,238
70f9c27b1780,70f99b66a680,238
70f9c27b1780,70f9c1e39e40,240
70f9c27b1780,70f985c38980,240
70f9c27b1780,70f9661add00,242
70f9c27b1780,70f9b0b602c0,238
70f9c27b1780,70f9847788c0,242
70f9c27b1780,70f9a52c2940,242
70f9c27b1780,70f976046200,238
70f9c27b1780,70f96f0c3cc0,240
70f9c27b1780,70f97a16e400,242
70f9c27b1780,70f98c094f40,238
70f9c27b1780,70f990e30f00,242
70f9c27b1780,70f9d22b0d80,240
70f9c27b1780,70f96f193380,240
70f9c27b1780,70f99acf3a40,238
70f9c27b1780,70f987bf3840,240
70f9c27b1780,70f9b4e201c0,364
70f972d513c0,70f9a28981c0,238
70f972d513c0,70f9a5ac7100,240
70f972d513c0,70f9cf2ffe00,240
70f972d513c0,70f9d26d99c0,240
70f972d513c0,70f9cc0c0480,238
70f972d513c0,70f9dca789c0,240
70f972d513c0,70f99743e6c0,240
70f972d513c0,70f99b66a680,238
70f972d513c0,70f9c1e39e40,240
70f972d513c0,70f985c38980,238
70f972d513c0,70f9661add00,242
70f972d513c0,70f9b0b602c0,238
70f972d513c0,70f9847788c0,242
70f972d513c0,70f9a52c2940,242
70f972d513c0,70f976046200,238
70f972d513c0,70f96f0c3cc0,240
70f972d513c0,70f97a16e400,242
70f972d513c0,70f98c094f40,240
70f972d513c0,70f990e30f00,242
70f972d513c0,70f9d22b0d80,364
70f9d50d2d00,70f9a28981c0,242
70f9d50d2d00,70f9a5ac7100,238
70f9d50d2d00,70f9cf2ffe00,238
70f9d50d2d00,70f9d26d99c0,238
70f9d50d2d00,70f9cc0c0480,240
70f9d50d2d00,70f9dca789c0,240
70f9d50d2d00,70f99743e6c0,242
70f9d50d2d00,70f99b66a680,240
70f9d50d2d00,70f9c1e39e40,240
70f9d50d2d00,70f985c38980,242
70f9d50d2d00,70f9661add00,240
70f9d50d2d00,70f9b0b602c0,240
70f9d50d2d00,70f9847788c0,240
70f9d50d2d00,70f9a52c2940,238
70f9d50d2d00,70f976046200,240
70f9d50d2d00,70f96f0c3cc0,238
70f9d50d2d00,70f97a16e400,240
70f9d50d2d00,70f98c094f40,240
70f9d50d2d00,70f990e30f00,242
70f9d50d2d00,70f9d22b0d80,240
70f9d50d2d00,70f96f193380,238
70f9d50d2d00,70f99acf3a40,240
70f9d50d2d00,70f987bf3840,238
70f9d50d2d00,70f9b4e201c0,240
70f9d50d2d00,70f99cf99380,238
70f9d50d2d00,70f9988116c0,240
70f9d50d2d00,70f9b87f8480,240
70f9d50d2d00,70f998b48980,238
70f9d50d2d00,70f999489c80,364
70f96b416cc0,70f9a28981c0,242
70f96b416cc0,70f9a5ac7100,240
70f96b416cc0,70f9cf2ffe00,240
70f96b416cc0,70f9d26d99c0,242
70f96b416cc0,70f9cc0c0480,238
70f96b416cc0,70f9dca789c0,240
70f96b416cc0,70f99743e6c0,238
70f96b416cc0,70f99b66a680,240
70f96b416cc0,70f9c1e39e40,238
70f96b416cc0,70f985c38980,366
70f9ba5edbc0,70f9a28981c0,244
70f9ba5edbc0,70f9a5ac7100,238
70f9ba5edbc0,70f9cf2ffe00,238
70f9ba5edbc0,70f9d26d99c0,238
70f9ba5edbc0,70f9cc0c0480,240
70f9ba5edbc0,70f9dca789c0,238
70f9ba5edbc0,70f99743e6c0,242
70f9ba5edbc0,70f99b66a680,240
70f9ba5edbc0,70f9c1e39e40,240
70f9ba5edbc0,70f985c38980,242
70f9ba5edbc0,70f9661add00,242
70f9ba5edbc0,70f9b0b602c0,240
70f9ba5edbc0,70f9847788c0,238
70f9ba5edbc0,70f9a52c2940,240
70f9ba5edbc0,70f976046200,240
70f9ba5edbc0,70f96f0c3cc0,240
70f9ba5edbc0,70f97a16e400,366
70f9943e9140,70f9a28981c0,240
70f9943e9140,70f9a5ac7100,242
70f9943e9140,70f9cf2ffe00,242
70f9943e9140,70f9d26d99c0,242
70f9943e9140,70f9cc0c0480,240
70f9943e9140,70f9dca789c0,242
70f9943e9140,70f99743e6c0,242
70f9943e9140,70f99b66a680,240
70f9943e9140,70f9c1e39e40,368
70f963572040,70f9a28981c0,242
70f963572040,70f9a5ac7100,238
70f963572040,70f9cf2ffe00,240
70f963572040,70f9d26d99c0,238
70f963572040,70f9cc0c0480,240
70f963572040,70f9dca789c0,238
70f963572040,70f99743e6c0,242
70f963572040,70f99b66a680,240
70f963572040,70f9c1e39e40,240
70f963572040,70f985c38980,242
70f963572040,70f9661add00,240
70f963572040,70f9b0b602c0,240
70f963572040,70f9847788c0,242
70f963572040,70f9a52c2940,240
70f963572040,70f976046200,240
70f963572040,70f96f0c3cc0,238
70f963572040,70f97a16e400,240
70f963572040,70f98c094f40,244
70f963572040,70f990e30f00,240
70f963572040,70f9d22b0d80,240
70f963572040,70f96f193380,240
70f963572040,70f99acf3a40,240
70f963572040,70f987bf3840,238
70f963572040,70f9b4e201c0,240
70f963572040,70f99cf99380,238
70f963572040,70f9988116c0,240
70f963572040,70f9b87f8480,240
70f963572040,70f998b48980,366
70f9df771b40,70f9a28981c0,240
70f9df771b40,70f9a5ac7100,240
70f9df771b40,70f9cf2ffe00,240
70f9df771b40,70f9d26d99c0,240
70f9df771b40,70f9cc0c0480,238
70f9df771b40,70f9dca789c0,240
70f9df771b40,70f99743e6c0,240
70f9df771b40,70f99b66a680,238
70f9df771b40,70f9c1e39e40,238
70f9df771b40,70f985c38980,238
70f9df771b40,70f9661add00,242
70f9df771b40,70f9b0b602c0,238
70f9df771b40,70f9847788c0,242
70f9df771b40,70f9a52c2940,242
70f9df771b40,70f976046200,242
70f9df771b40,70f96f0c3cc0,240
70f9df771b40,70f97a16e400,242
70f9df771b40,70f98c094f40,368
70f9d74985c0,70f9a28981c0,242
70f9d74985c0,70f9a5ac7100,238
70f9d74985c0,70f9cf2ffe00,238
70f9d74985c0,70f9d26d99c0,238
70f9d74985c0,70f9cc0c0480,240
70f9d74985c0,70f9dca789c0,238
70f9d74985c0,70f99743e6c0,242
70f9d74985c0,70f99b66a680,240
70f9d74985c0,70f9c1e39e40,240
70f9d74985c0,70f985c38980,242
70f9d74985c0,70f9661add00,242
70f9d74985c0,70f9b0b602c0,240
70f9d74985c0,70f9847788c0,238
70f9d74985c0,70f9a52c2940,240
70f9d74985c0,70f976046200,240
70f9d74985c0,70f96f0c3cc0,364
70f966e504c0,70f9a28981c0,242
70f966e504c0,70f9a5ac7100,240
70f966e504c0,70f9cf2ffe00,238
70f966e504c0,70f9d26d99c0,240
70f966e504c0,70f9cc0c0480,240
70f966e504c0,70f9dca789c0,238
70f966e504c0,70f99743e6c0,242
70f966e504c0,70f99b66a680,240
70f966e504c0,70f9c1e39e40,240
70f966e504c0,70f985c38980,242
70f966e504c0,70f9661add00,240
70f966e504c0,70f9b0b602c0,240
70f966e504c0,70f9847788c0,244
70f966e504c0,70f9a52c2940,366
70f9c8bcb3c0,70f9a28981c0,242
70f9c8bcb3c0,70f9a5ac7100,238
70f9c8bcb3c0,70f9cf2ffe00,238
70f9c8bcb3c0,70f9d26d99c0,238
70f9c8bcb3c0,70f9cc0c0480,240
70f9c8bcb3c0,70f9dca789c0,240
70f9c8bcb3c0,70f99743e6c0,242
70f9c8bcb3c0,70f99b66a680,240
70f9c8bcb3c0,70f9c1e39e40,240
70f9c8bcb3c0,70f985c38980,242
70f9c8bcb3c0,70f9661add00,238
70f9c8bcb3c0,70f9b0b602c0,240
70f9c8bcb3c0,70f9847788c0,238
70f9c8bcb3c0,70f9a52c2940,240
70f9c8bcb3c0,70f976046200,240
70f9c8bcb3c0,70f96f0c3cc0,238
70f9c8bcb3c0,70f97a16e400,240
70f9c8bcb3c0,70f98c094f40,242
70f9c8bcb3c0,70f990e30f00,366
70f9ce13b740,70f9a28981c0,242
70f9ce13b740,70f9a5ac7100,238
70f9ce13b740,70f9cf2ffe00,366
70f991e76980,70f9a28981c0,240
70f991e76980,70f9a5ac7100,240
70f991e76980,70f9cf2ffe00,240
70f991e76980,70f9d26d99c0,240
70f991e76980,70f9cc0c0480,240
70f991e76980,70f9dca789c0,240
70f991e76980,70f99743e6c0,366
70f96dbec300,70f9a28981c0,242
70f96dbec300,70f9a5ac7100,240
70f96dbec300,70f9cf2ffe00,240
70f96dbec300,70f9d26d99c0,240
70f96dbec300,70f9cc0c0480,238
70f96dbec300,70f9dca789c0,240
70f96dbec300,70f99743e6c0,240
70f96dbec300,70f99b66a680,238
70f96dbec300,70f9c1e39e40,238
70f96dbec300,70f985c38980,368
70f9a12dbe80,70f9a28981c0,240
70f9a12dbe80,70f9a5ac7100,238
70f9a12dbe80,70f9cf2ffe00,240
70f9a12dbe80,70f9d26d99c0,238
70f9a12dbe80,70f9cc0c0480,240
70f9a12dbe80,70f9dca789c0,238
70f9a12dbe80,70f99743e6c0,240
70f9a12dbe80,70f99b66a680,240
70f9a12dbe80,70f9c1e39e40,240
70f9a12dbe80,70f985c38980,240
70f9a12dbe80,70f9661add00,238
70f9a12dbe80,70f9b0b602c0,240
70f9a12dbe80,70f9847788c0,238
70f9a12dbe80,70f9a52c2940,238
70f9a12dbe80,70f976046200,240
70f9a12dbe80,70f96f0c3cc0,238
70f9a12dbe80,70f97a16e400,240
70f9a12dbe80,70f98c094f40,240
70f9a12dbe80,70f990e30f00,240
70f9a12dbe80,70f9d22b0d80,240
70f9a12dbe80,70f96f193380,240
70f9a12dbe80,70f99acf3a40,240
70f9a12dbe80,70f987bf3840,238
70f9a12dbe80,70f9b4e201c0,240
70f9a12dbe80,70f99cf99380,238
70f9a12dbe80,70f9988116c0,240
70f9a12dbe80,70f9b87f8480,240
70f9a12dbe80,70f998b48980,240
70f9a12dbe80,70f999489c80,238
70f9a12dbe80,70f971256f00,240
70f9a12dbe80,70f9759f5400,240
70f9a12dbe80,70f9864a9340,236
70f9a12dbe80,70f99d925380,366
70f9c45cecc0,70f9a28981c0,240
70f9c45cecc0,70f9a5ac7100,240
70f9c45cecc0,70f9cf2ffe00,240
70f9c45cecc0,70f9d26d99c0,240
70f9c45cecc0,70f9cc0c0480,240
70f9c45cecc0,70f9dca789c0,240
70f9c45cecc0,70f99743e6c0,242
70f9c45cecc0,70f99b66a680,238
70f9c45cecc0,70f9c1e39e40,238
70f9c45cecc0,70f985c38980,238
70f9c45cecc0,70f9661add00,240
70f9c45cecc0,70f9b0b602c0,238
70f9c45cecc0,70f9847788c0,242
70f9c45cecc0,70f9a52c2940,242
70f9c45cecc0,70f976046200,238
70f9c45cecc0,70f96f0c3cc0,240
70f9c45cecc0,70f97a16e400,240
70f9c45cecc0,70f98c094f40,240
70f9c45cecc0,70f990e30f00,240
70f9c45cecc0,70f9d22b0d80,238
70f9c45cecc0,70f96f193380,240
70f9c45cecc0,70f99acf3a40,238
70f9c45cecc0,70f987bf3840,240
70f9c45cecc0,70f9b4e201c0,238
70f9c45cecc0,70f99cf99380,240
70f9c45cecc0,70f9988116c0,238
70f9c45cecc0,70f9b87f8480,238
70f9c45cecc0,70f998b48980,240
70f9c45cecc0,70f999489c80,240
70f9c45cecc0,70f971256f00,366
70f999c98fc0,70f9a28981c0,238
70f999c98fc0,70f9a5ac7100,240
70f999c98fc0,70f9cf2ffe00,240
70f999c98fc0,70f9d26d99c0,240
70f999c98fc0,70f9cc0c0480,366
70f96c29b380,70f9a28981c0,240
70f96c29b380,70f9a5ac7100,240
70f96c29b380,70f9cf2ffe00,240
70f96c29b380,70f9d26d99c0,240
70f96c29b380,70f9cc0c0480,238
70f96c29b380,70f9dca789c0,240
70f96c29b380,70f99743e6c0,240
70f96c29b380,70f99b66a680,238
70f96c29b380,70f9c1e39e40,240
70f96c29b380,70f985c38980,240
70f96c29b380,70f9661add00,242
70f96c29b380,70f9b0b602c0,238
70f96c29b380,70f9847788c0,244
70f96c29b380,70f9a52c2940,242
70f96c29b380,70f976046200,238
70f96c29b380,70f96f0c3cc0,240
70f96c29b380,70f97a16e400,242
70f96c29b380,70f98c094f40,240
70f96c29b380,70f990e30f00,242
70f96c29b380,70f9d22b0d80,240
70f96c29b380,70f96f193380,240
70f96c29b380,70f99acf3a40,238
70f96c29b380,70f987bf3840,240
70f96c29b380,70f9b4e201c0,240
70f96c29b380,70f99cf99380,240
70f96c29b380,70f9988116c0,238
70f96c29b380,70f9b87f8480,364
70f9d260b8c0,70f9a28981c0,242
70f9d260b8c0,70f9a5ac7100,240
70f9d260b8c0,70f9cf2ffe00,238
70f9d260b8c0,70f9d26d99c0,242
70f9d260b8c0,70f9cc0c0480,240
70f9d260b8c0,70f9dca789c0,238
70f9d260b8c0,70f99743e6c0,242
70f9d260b8c0,70f99b66a680,240
70f9d260b8c0,70f9c1e39e40,242
70f9d260b8c0,70f985c38980,242
70f9d260b8c0,70f9661add00,238
70f9d260b8c0,70f9b0b602c0,240
70f9d260b8c0,70f9847788c0,368
70f97c29cf80,70f9a28981c0,244
70f97c29cf80,70f9a5ac7100,238
70f97c29cf80,70f9cf2ffe00,364
70f97ddb9800,70f9a28981c0,242
70f97ddb9800,70f9a5ac7100,238
70f97ddb9800,70f9cf2ffe00,238
70f97ddb9800,70f9d26d99c0,238
70f97ddb9800,70f9cc0c0480,240
70f97ddb9800,70f9dca789c0,238
70f97ddb9800,70f99743e6c0,242
70f97ddb9800,70f99b66a680,240
70f97ddb9800,70f9c1e39e40,240
70f97ddb9800,70f985c38980,242
70f97ddb9800,70f9661add00,240
70f97ddb9800,70f9b0b602c0,240
70f97ddb9800,70f9847788c0,238
70f97ddb9800,70f9a52c2940,238
70f97ddb9800,70f976046200,240
70f97ddb9800,70f96f0c3cc0,240
70f97ddb9800,70f97a16e400,240
70f97ddb9800,70f98c094f40,240
70f97ddb9800,70f990e30f00,238
70f97ddb9800,70f9d22b0d80,240
70f97ddb9800,70f96f193380,238
70f97ddb9800,70f99acf3a40,240
70f97ddb9800,70f987bf3840,366
70f9b3a50580,70f9a28981c0,242
70f9b3a50580,70f9a5ac7100,238
70f9b3a50580,70f9cf2ffe00,238
70f9b3a50580,70f9d26d99c0,238
70f9b3a50580,70f9cc0c0480,240
70f9b3a50580,70f9dca789c0,240
70f9b3a50580,70f99743e6c0,240
70f9b3a50580,70f99b66a680,240
70f9b3a50580,70f9c1e39e40,240
70f9b3a50580,70f985c38980,240
70f9b3a50580,70f9661add00,238
70f9b3a50580,70f9b0b602c0,240
70f9b3a50580,70f9847788c0,240
70f9b3a50580,70f9a52c2940,238
70f9b3a50580,70f976046200,240
70f9b3a50580,70f96f0c3cc0,238
70f9b3a50580,70f97a16e400,238
70f9b3a50580,70f98c094f40,240
70f9b3a50580,70f990e30f00,368
70f981ecac80,70f9a28981c0,238
70f981ecac80,70f9a5ac7100,240
70f981ecac80,70f9cf2ffe00,240
70f981ecac80,70f9d26d99c0,240
70f981ecac80,70f9cc0c0480,238
70f981ecac80,70f9dca789c0,240
70f981ecac80,70f99743e6c0,238
70f981ecac80,70f99b66a680,238
70f981ecac80,70f9c1e39e40,238
70f981ecac80,70f985c38980,240
70f981ecac80,70f9661add00,242
70f981ecac80,70f9b0b602c0,238
70f981ecac80,70f9847788c0,242
70f981ecac80,70f9a52c2940,242
70f981ecac80,70f976046200,240
70f981ecac80,70f96f0c3cc0,240
70f981ecac80,70f97a16e400,242
70f981ecac80,70f98c094f40,366
70f9bb9685c0,70f9a28981c0,242
70f9bb9685c0,70f9a5ac7100,238
70f9bb9685c0,70f9cf2ffe00,238
70f9bb9685c0,70f9d26d99c0,238
70f9bb9685c0,70f9cc0c0480,240
70f9bb9685c0,70f9dca789c0,240
70f9bb9685c0,70f99743e6c0,242
70f9bb9685c0,70f99b66a680,240
70f9bb9685c0,70f9c1e39e40,240
70f9bb9685c0,70f985c38980,240
70f9bb9685c0,70f9661add00,236
70f9bb9685c0,70f9b0b602c0,240
70f9bb9685c0,70f9847788c0,240
70f9bb9685c0,70f9a52c2940,240
70f9bb9685c0,70f976046200,240
70f9bb9685c0,70f96f0c3cc0,238
70f9bb9685c0,70f97a16e400,238
70f9bb9685c0,70f98c094f40,242
70f9bb9685c0,70f990e30f00,240
70f9bb9685c0,70f9d22b0d80,240
70f9bb9685c0,70f96f193380,238
70f9bb9685c0,70f99acf3a40,240
70f9bb9685c0,70f987bf3840,238
70f9bb9685c0,70f9b4e201c0,240
70f9bb9685c0,70f99cf99380,238
70f9bb9685c0,70f9988116c0,240
70f9bb9685c0,70f9b87f8480,240
70f9bb9685c0,70f998b48980,238
70f9bb9685c0,70f999489c80,240
70f9bb9685c0,70f971256f00,240
70f9bb9685c0,70f9759f5400,240
70f9bb9685c0,70f9864a9340,364
70f9c28c7ec0,70f9a28981c0,238
70f9c28c7ec0,70f9a5ac7100,240
70f9c28c7ec0,70f9cf2ffe00,240
70f9c28c7ec0,70f9d26d99c0,240
70f9c28c7ec0,70f9cc0c0480,238
70f9c28c7ec0,70f9dca789c0,240
70f9c28c7ec0,70f99743e6c0,240
70f9c28c7ec0,70f99b66a680,238
70f9c28c7ec0,70f9c1e39e40,366
70f982df0000,70f9a28981c0,242
70f982df0000,70f9a5ac7100,238
70f982df0000,70f9cf2ffe00,240
70f982df0000,70f9d26d99c0,238
70f982df0000,70f9cc0c0480,240
70f982df0000,70f9dca789c0,238
70f982df0000,70f99743e6c0,240
70f982df0000,70f99b66a680,240
70f982df0000,70f9c1e39e40,240
70f982df0000,70f985c38980,242
70f982df0000,70f9661add00,238
70f982df0000,70f9b0b602c0,240
70f982df0000,70f9847788c0,238
70f982df0000,70f9a52c2940,238
70f982df0000,70f976046200,240
70f982df0000,70f96f0c3cc0,238
70f982df0000,70f97a16e400,238
70f982df0000,70f98c094f40,240
70f982df0000,70f990e30f00,238
70f982df0000,70f9d22b0d80,240
70f982df0000,70f96f193380,238
70f982df0000,70f99acf3a40,240
70f982df0000,70f987bf3840,238
70f982df0000,70f9b4e201c0,240
70f982df0000,70f99cf99380,238
70f982df0000,70f9988116c0,240
70f982df0000,70f9b87f8480,240
70f982df0000,70f998b48980,240
70f982df0000,70f999489c80,238
70f982df0000,70f971256f00,240
70f982df0000,70f9759f5400,240
70f982df0000,70f9864a9340,238
70f982df0000,70f99d925380,366
70f973e0df40,70f9a28981c0,238
70f973e0df40,70f9a5ac7100,240
70f973e0df40,70f9cf2ffe00,240
70f973e0df40,70f9d26d99c0,240
70f973e0df40,70f9cc0c0480,238
70f973e0df40,70f9dca789c0,240
70f973e0df40,70f99743e6c0,240
70f973e0df40,70f99b66a680,238
70f973e0df40,70f9c1e39e40,366
70f9d85ab180,70f9a28981c0,242
70f9d85ab180,70f9a5ac7100,238
70f9d85ab180,70f9cf2ffe00,238
70f9d85ab180,70f9d26d99c0,238
70f9d85ab180,70f9cc0c0480,240
70f9d85ab180,70f9dca789c0,238
70f9d85ab180,70f99743e6c0,242
70f9d85ab180,70f99b66a680,240
70f9d85ab180,70f9c1e39e40,240
70f9d85ab180,70f985c38980,242
70f9d85ab180,70f9661add00,366
70f9d89f2600,70f9a28981c0,242
70f9d89f2600,70f9a5ac7100,238
70f9d89f2600,70f9cf2ffe00,238
70f9d89f2600,70f9d26d99c0,238
70f9d89f2600,70f9cc0c0480,240
70f9d89f2600,70f9dca789c0,366
70f9bc4b5a40,70f9a28981c0,242
70f9bc4b5a40,70f9a5ac7100,238
70f9bc4b5a40,70f9cf2ffe00,238
70f9bc4b5a40,70f9d26d99c0,238
70f9bc4b5a40,70f9cc0c0480,240
70f9bc4b5a40,70f9dca789c0,240
70f9bc4b5a40,70f99743e6c0,242
70f9bc4b5a40,70f99b66a680,240
70f9bc4b5a40,70f9c1e39e40,240
70f9bc4b5a40,70f985c38980,242
70f9bc4b5a40,70f9661add00,238
70f9bc4b5a40,70f9b0b602c0,240
70f9bc4b5a40,70f9847788c0,240
70f9bc4b5a40,70f9a52c2940,240
70f9bc4b5a40,70f976046200,240
70f9bc4b5a40,70f96f0c3cc0,238
70f9bc4b5a40,70f97a16e400,238
70f9bc4b5a40,70f98c094f40,242
70f9bc4b5a40,70f990e30f00,242
70f9bc4b5a40,70f9d22b0d80,240
70f9bc4b5a40,70f96f193380,238
70f9bc4b5a40,70f99acf3a40,240
70f9bc4b5a40,70f987bf3840,238
70f9bc4b5a40,70f9b4e201c0,240
70f9bc4b5a40,70f99cf99380,238
70f9bc4b5a40,70f9988116c0,240
70f9bc4b5a40,70f9b87f8480,240
70f9bc4b5a40,70f998b48980,238
70f9bc4b5a40,70f999489c80,240
70f9bc4b5a40,70f971256f00,240
70f9bc4b5a40,70f9759f5400,240
70f9bc4b5a40,70f9864a9340,364
70f968cf40c0,70f9a28981c0,242
70f968cf40c0,70f9a5ac7100,240
70f968cf40c0,70f9cf2ffe00,238
70f968cf40c0,70f9d26d99c0,366
70f9b8da3d80,70f9a28981c0,240
70f9b8da3d80,70f9a5ac7100,240
70f9b8da3d80,70f9cf2ffe00,240
70f9b8da3d80,70f9d26d99c0,240
70f9b8da3d80,70f9cc0c0480,238
70f9b8da3d80,70f9dca789c0,240
70f9b8da3d80,70f99743e6c0,238
70f9b8da3d80,70f99b66a680,238
70f9b8da3d80,70f9c1e39e40,238
70f9b8da3d80,70f985c38980,238
70f9b8da3d80,70f9661add00,242
70f9b8da3d80,70f9b0b602c0,238
70f9b8da3d80,70f9847788c0,242
70f9b8da3d80,70f9a52c2940,242
70f9b8da3d80,70f976046200,366
70f9cce06e00,70f9a28981c0,240
70f9cce06e00,70f9a5ac7100,240
70f9cce06e00,70f9cf2ffe00,240
70f9cce06e00,70f9d26d99c0,240
70f9cce06e00,70f9cc0c0480,238
70f9cce06e00,70f9dca789c0,240
70f9cce06e00,70f99743e6c0,240
70f9cce06e00,70f99b66a680,238
70f9cce06e00,70f9c1e39e40,366
70f9db9c6dc0,70f9a28981c0,238
70f9db9c6dc0,70f9a5ac7100,240
70f9db9c6dc0,70f9cf2ffe00,240
70f9db9c6dc0,70f9d26d99c0,240
70f9db9c6dc0,70f9cc0c0480,240
70f9db9c6dc0,70f9dca789c0,240
70f9db9c6dc0,70f99743e6c0,242
70f9db9c6dc0,70f99b66a680,238
70f9db9c6dc0,70f9c1e39e40,238
70f9db9c6dc0,70f985c38980,238
70f9db9c6dc0,70f9661add00,242
70f9db9c6dc0,70f9b0b602c0,238
70f9db9c6dc0,70f9847788c0,242
70f9db9c6dc0,70f9a52c2940,242
70f9db9c6dc0,70f976046200,238
70f9db9c6dc0,70f96f0c3cc0,240
70f9db9c6dc0,70f97a16e400,240
70f9db9c6dc0,70f98c094f40,240
70f9db9c6dc0,70f990e30f00,240
70f9db9c6dc0,70f9d22b0d80,236
70f9db9c6dc0,70f96f193380,238
70f9db9c6dc0,70f99acf3a40,238
70f9db9c6dc0,70f987bf3840,240
70f9db9c6dc0,70f9b4e201c0,238
70f9db9c6dc0,70f99cf99380,240
70f9db9c6dc0,70f9988116c0,238
70f9db9c6dc0,70f9b87f8480,238
70f9db9c6dc0,70f998b48980,240
70f9db9c6dc0,70f999489c80,240
70f9db9c6dc0,70f971256f00,366
70f9c1dbaa80,70f9a28981c0,242
70f9c1dbaa80,70f9a5ac7100,240
70f9c1dbaa80,70f9cf2ffe00,238
70f9c1dbaa80,70f9d26d99c0,240
70f9c1dbaa80,70f9cc0c0480,240
70f9c1dbaa80,70f9dca789c0,238
70f9c1dbaa80,70f99743e6c0,242
70f9c1dbaa80,70f99b66a680,240
70f9c1dbaa80,70f9c1e39e40,240
70f9c1dbaa80,70f985c38980,242
70f9c1dbaa80,70f9661add00,240
70f9c1dbaa80,70f9b0b602c0,240
70f9c1dbaa80,70f9847788c0,242
70f9c1dbaa80,70f9a52c2940,368
70f9a4ff4a00,70f9a28981c0,238
70f9a4ff4a00,70f9a5ac7100,240
70f9a4ff4a00,70f9cf2ffe00,240
70f9a4ff4a00,70f9d26d99c0,240
70f9a4ff4a00,70f9cc0c0480,366
70f98d9aff00,70f9a28981c0,242
70f98d9aff00,70f9a5ac7100,240
70f98d9aff00,70f9cf2ffe00,240
70f98d9aff00,70f9d26d99c0,240
70f98d9aff00,70f9cc0c0480,236
70f98d9aff00,70f9dca789c0,240
70f98d9aff00,70f99743e6c0,238
70f98d9aff00,70f99b66a680,366
70f9c2f2cb00,70f9a28981c0,242
70f9c2f2cb00,70f9a5ac7100,238
70f9c2f2cb00,70f9cf2ffe00,238
70f9c2f2cb00,70f9d26d99c0,238
70f9c2f2cb00,70f9cc0c0480,240
70f9c2f2cb00,70f9dca789c0,240
70f9c2f2cb00,70f99743e6c0,240
70f9c2f2cb00,70f99b66a680,240
70f9c2f2cb00,70f9c1e39e40,240
70f9c2f2cb00,70f985c38980,242
70f9c2f2cb00,70f9661add00,240
70f9c2f2cb00,70f9b0b602c0,240
70f9c2f2cb00,70f9847788c0,238
70f9c2f2cb00,70f9a52c2940,238
70f9c2f2cb00,70f976046200,240
70f9c2f2cb00,70f96f0c3cc0,238
70f9c2f2cb00,70f97a16e400,240
70f9c2f2cb00,70f98c094f40,242
70f9c2f2cb00,70f990e30f00,242
70f9c2f2cb00,70f9d22b0d80,240
70f9c2f2cb00,70f96f193380,238
70f9c2f2cb00,70f99acf3a40,240
70f9c2f2cb00,70f987bf3840,238
70f9c2f2cb00,70f9b4e201c0,240
70f9c2f2cb00,70f99cf99380,238
70f9c2f2cb00,70f9988116c0,240
70f9c2f2cb00,70f9b87f8480,240
70f9c2f2cb00,70f998b48980,238
70f9c2f2cb00,70f999489c80,240
70f9c2f2cb00,70f971256f00,240
70f9c2f2cb00,70f9759f5400,240
70f9c2f2cb00,70f9864a9340,366
70f9a2366540,70f9a28981c0,242
70f9a2366540,70f9a5ac7100,238
70f9a2366540,70f9cf2ffe00,240
70f9a2366540,70f9d26d99c0,238
70f9a2366540,70f9cc0c0480,240
70f9a2366540,70f9dca789c0,238
70f9a2366540,70f99743e6c0,242
70f9a2366540,70f99b66a680,240
70f9a2366540,70f9c1e39e40,240
70f9a2366540,70f985c38980,242
70f9a2366540,70f9661add00,238
70f9a2366540,70f9b0b602c0,242
70f9a2366540,70f9847788c0,240
70f9a2366540,70f9a52c2940,240
70f9a2366540,70f976046200,240
70f9a2366540,70f96f0c3cc0,238
70f9a2366540,70f97a16e400,238
70f9a2366540,70f98c094f40,242
70f9a2366540,70f990e30f00,238
70f9a2366540,70f9d22b0d80,240
70f9a2366540,70f96f193380,240
70f9a2366540,70f99acf3a40,240
70f9a2366540,70f987bf3840,238
70f9a2366540,70f9b4e201c0,240
70f9a2366540,70f99cf99380,238
70f9a2366540,70f9988116c0,240
70f9a2366540,70f9b87f8480,240
70f9a2366540,70f998b48980,366
70f982a484c0,70f9a28981c0,242
70f982a484c0,70f9a5ac7100,240
70f982a484c0,70f9cf2ffe00,238
70f982a484c0,70f9d26d99c0,240
70f982a484c0,70f9cc0c0480,240
70f982a484c0,70f9dca789c0,238
70f982a484c0,70f99743e6c0,242
70f982a484c0,70f99b66a680,240
70f982a484c0,70f9c1e39e40,240
70f982a484c0,70f985c38980,240
70f982a484c0,70f9661add00,238
70f982a484c0,70f9b0b602c0,240
70f982a484c0,70f9847788c0,242
70f982a484c0,70f9a52c2940,366
70f9c797d000,70f9a28981c0,242
70f9c797d000,70f9a5ac7100,240
70f9c797d000,70f9cf2ffe00,240
70f9c797d000,70f9d26d99c0,242
70f9c797d000,70f9cc0c0480,238
70f9c797d000,70f9dca789c0,240
70f9c797d000,70f99743e6c0,240
70f9c797d000,70f99b66a680,240
70f9c797d000,70f9c1e39e40,238
70f9c797d000,70f985c38980,368
70f988b31940,70f9a28981c0,242
70f988b31940,70f9a5ac7100,238
70f988b31940,70f9cf2ffe00,238
70f988b31940,70f9d26d99c0,238
70f988b31940,70f9cc0c0480,240
70f988b31940,70f9dca789c0,240
70f988b31940,70f99743e6c0,242
70f988b31940,70f99b66a680,240
70f988b31940,70f9c1e39e40,240
70f988b31940,70f985c38980,242
70f988b31940,70f9661add00,238
70f988b31940,70f9b0b602c0,240
70f988b31940,70f9847788c0,240
70f988b31940,70f9a52c2940,238
70f988b31940,70f976046200,240
70f988b31940,70f96f0c3cc0,238
70f988b31940,70f97a16e400,240
70f988b31940,70f98c094f40,242
70f988b31940,70f990e30f00,240
70f988b31940,70f9d22b0d80,240
70f988b31940,70f96f193380,238
70f988b31940,70f99acf3a40,240
70f988b31940,70f987bf3840,238
70f988b31940,70f9b4e201c0,240
70f988b31940,70f99cf99380,236
70f988b31940,70f9988116c0,240
70f988b31940,70f9b87f8480,240
70f988b31940,70f998b48980,236
70f988b31940,70f999489c80,366
70f96e783c40,70f9a28981c0,242
70f96e783c40,70f9a5ac7100,366
70f9773f3980,70f9a28981c0,242
70f9773f3980,70f9a5ac7100,240
70f9773f3980,70f9cf2ffe00,240
70f9773f3980,70f9d26d99c0,240
70f9773f3980,70f9cc0c0480,238
70f9773f3980,70f9dca789c0,240
70f9773f3980,70f99743e6c0,240
70f9773f3980,70f99b66a680,240
70f9773f3980,70f9c1e39e40,238
70f9773f3980,70f985c38980,242
70f9773f3980,70f9661add00,242
70f9773f3980,70f9b0b602c0,366
70f99431dc80,70f9a28981c0,240
70f99431dc80,70f9a5ac7100,240
70f99431dc80,70f9cf2ffe00,240
70f99431dc80,70f9d26d99c0,242
70f99431dc80,70f9cc0c0480,238
70f99431dc80,70f9dca789c0,240
70f99431dc80,70f99743e6c0,238
70f99431dc80,70f99b66a680,238
70f99431dc80,70f9c1e39e40,238
70f99431dc80,70f985c38980,240
70f99431dc80,70f9661add00,242
70f99431dc80,70f9b0b602c0,238
70f99431dc80,70f9847788c0,242
70f99431dc80,70f9a52c2940,240
70f99431dc80,70f976046200,364
70f9ad65fb00,70f9a28981c0,242
70f9ad65fb00,70f9a5ac7100,238
70f9ad65fb00,70f9cf2ffe00,238
70f9ad65fb00,70f9d26d99c0,238
70f9ad65fb00,70f9cc0c0480,240
70f9ad65fb00,70f9dca789c0,366
70f9d95c2680,70f9a28981c0,242
70f9d95c2680,70f9a5ac7100,236
70f9d95c2680,70f9cf2ffe00,240
70f9d95c2680,70f9d26d99c0,238
70f9d95c2680,70f9cc0c0480,240
70f9d95c2680,70f9dca789c0,238
70f9d95c2680,70f99743e6c0,242
70f9d95c2680,70f99b66a680,238
70f9d95c2680,70f9c1e39e40,240
70f9d95c2680,70f985c38980,242
70f9d95c2680,70f9661add00,240
70f9d95c2680,70f9b0b602c0,240
70f9d95c2680,70f9847788c0,238
70f9d95c2680,70f9a52c2940,240
70f9d95c2680,70f976046200,240
70f9d95c2680,70f96f0c3cc0,238
70f9d95c2680,70f97a16e400,240
70f9d95c2680,70f98c094f40,242
70f9d95c2680,70f990e30f00,240
70f9d95c2680,70f9d22b0d80,240
70f9d95c2680,70f96f193380,240
70f9d95c2680,70f99acf3a40,240
70f9d95c2680,70f987bf3840,238
70f9d95c2680,70f9b4e201c0,240
70f9d95c2680,70f99cf99380,236
70f9d95c2680,70f9988116c0,240
70f9d95c2680,70f9b87f8480,240
70f9d95c2680,70f998b48980,364
70f9cbbb6c40,70f9a28981c0,240
70f9cbbb6c40,70f9a5ac7100,240
70f9cbbb6c40,70f9cf2ffe00,240
70f9cbbb6c40,70f9d26d99c0,242
70f9cbbb6c40,70f9cc0c0480,236
70f9cbbb6c40,70f9dca789c0,240
70f9cbbb6c40,70f99743e6c0,240
70f9cbbb6c40,70f99b66a680,238
70f9cbbb6c40,70f9c1e39e40,242
70f9cbbb6c40,70f985c38980,238
70f9cbbb6c40,70f9661add00,240
70f9cbbb6c40,70f9b0b602c0,238
70f9cbbb6c40,70f9847788c0,242
70f9cbbb6c40,70f9a52c2940,242
70f9cbbb6c40,70f976046200,238
70f9cbbb6c40,70f96f0c3cc0,240
70f9cbbb6c40,70f97a16e400,242
70f9cbbb6c40,70f98c094f40,240
70f9cbbb6c40,70f990e30f00,242
70f9cbbb6c40,70f9d22b0d80,366
70f9b74fae80,70f9a28981c0,242
70f9b74fae80,70f9a5ac7100,366
70f9c97cdf80,70f9a28981c0,238
70f9c97cdf80,70f9a5ac7100,240
70f9c97cdf80,70f9cf2ffe00,240
70f9c97cdf80,70f9d26d99c0,240
70f9c97cdf80,70f9cc0c0480,238
70f9c97cdf80,70f9dca789c0,240
70f9c97cdf80,70f99743e6c0,240
70f9c97cdf80,70f99b66a680,238
70f9c97cdf80,70f9c1e39e40,366
70f965a53bc0,70f9a28981c0,242
70f965a53bc0,70f9a5ac7100,238
70f965a53bc0,70f9cf2ffe00,236
70f965a53bc0,70f9d26d99c0,238
70f965a53bc0,70f9cc0c0480,240
70f965a53bc0,70f9dca789c0,238
70f965a53bc0,70f99743e6c0,242
70f965a53bc0,70f99b66a680,240
70f965a53bc0,70f9c1e39e40,240
70f965a53bc0,70f985c38980,242
70f965a53bc0,70f9661add00,368
70f9d2eb4680,70f9a28981c0,242
70f9d2eb4680,70f9a5ac7100,240
70f9d2eb4680,70f9cf2ffe00,240
70f9d2eb4680,70f9d26d99c0,242
70f9d2eb4680,70f9cc0c0480,238
70f9d2eb4680,70f9dca789c0,240
70f9d2eb4680,70f99743e6c0,238
70f9d2eb4680,70f99b66a680,366
70f99ae1e500,70f9a28981c0,242
70f99ae1e500,70f9a5ac7100,240
70f99ae1e500,70f9cf2ffe00,362
70f98551e880,70f9a28981c0,240
70f98551e880,70f9a5ac7100,240
70f98551e880,70f9cf2ffe00,240
70f98551e880,70f9d26d99c0,240
70f98551e880,70f9cc0c0480,238
70f98551e880,70f9dca789c0,240
70f98551e880,70f99743e6c0,240
70f98551e880,70f99b66a680,238
70f98551e880,70f9c1e39e40,238
70f98551e880,70f985c38980,238
70f98551e880,70f9661add00,242
70f98551e880,70f9b0b602c0,238
70f98551e880,70f9847788c0,240
70f98551e880,70f9a52c2940,242
70f98551e880,70f976046200,240
70f98551e880,70f96f0c3cc0,240
70f98551e880,70f97a16e400,242
70f98551e880,70f98c094f40,242
70f98551e880,70f990e30f00,242
70f98551e880,70f9d22b0d80,238
70f98551e880,70f96f193380,240
70f98551e880,70f99acf3a40,240
70f98551e880,70f987bf3840,240
70f98551e880,70f9b4e201c0,238
70f98551e880,70f99cf99380,240
70f98551e880,70f9988116c0,366
70f9ac41cc40,70f9a28981c0,242
70f9ac41cc40,70f9a5ac7100,240
70f9ac41cc40,70f9cf2ffe00,240
70f9ac41cc40,70f9d26d99c0,240
70f9ac41cc40,70f9cc0c0480,238
70f9ac41cc40,70f9dca789c0,240
70f9ac41cc40,70f99743e6c0,240
70f9ac41cc40,70f99b66a680,240
70f9ac41cc40,70f9c1e39e40,238
70f9ac41cc40,70f985c38980,366
70f97b2e63c0,70f9a28981c0,242
70f97b2e63c0,70f9a5ac7100,238
70f97b2e63c0,70f9cf2ffe00,238
70f97b2e63c0,70f9d26d99c0,238
70f97b2e63c0,70f9cc0c0480,240
70f97b2e63c0,70f9dca789c0,240
70f97b2e63c0,70f99743e6c0,242
70f97b2e63c0,70f99b66a680,240
70f97b2e63c0,70f9c1e39e40,240
70f97b2e63c0,70f985c38980,240
70f97b2e63c0,70f9661add00,236
70f97b2e63c0,70f9b0b602c0,240
70f97b2e63c0,70f9847788c0,240
70f97b2e63c0,70f9a52c2940,240
70f97b2e63c0,70f976046200,240
70f97b2e63c0,70f96f0c3cc0,238
70f97b2e63c0,70f97a16e400,238
70f97b2e63c0,70f98c094f40,242
70f97b2e63c0,70f990e30f00,240
70f97b2e63c0,70f9d22b0d80,240
70f97b2e63c0,70f96f193380,238
70f97b2e63c0,70f99acf3a40,240
70f97b2e63c0,70f987bf3840,238
70f97b2e63c0,70f9b4e201c0,240
70f97b2e63c0,70f99cf99380,238
70f97b2e63c0,70f9988116c0,240
70f97b2e63c0,70f9b87f8480,240
70f97b2e63c0,70f998b48980,238
70f97b2e63c0,70f999489c80,240
70f97b2e63c0,70f971256f00,240
70f97b2e63c0,70f9759f5400,240
70f97b2e63c0,70f9864a9340,364
70f9a5f0e8c0,70f9a28981c0,238
70f9a5f0e8c0,70f9a5ac7100,240
70f9a5f0e8c0,70f9cf2ffe00,240
70f9a5f0e8c0,70f9d26d99c0,240
70f9a5f0e8c0,70f9cc0c0480,242
70f9a5f0e8c0,70f9dca789c0,240
70f9a5f0e8c0,70f99743e6c0,242
70f9a5f0e8c0,70f99b66a680,238
70f9a5f0e8c0,70f9c1e39e40,238
70f9a5f0e8c0,70f985c38980,238
70f9a5f0e8c0,70f9661add00,242
70f9a5f0e8c0,70f9b0b602c0,238
70f9a5f0e8c0,70f9847788c0,242
70f9a5f0e8c0,70f9a52c2940,242
70f9a5f0e8c0,70f976046200,238
70f9a5f0e8c0,70f96f0c3cc0,240
70f9a5f0e8c0,70f97a16e400,242
70f9a5f0e8c0,70f98c094f40,240
70f9a5f0e8c0,70f990e30f00,242
70f9a5f0e8c0,70f9d22b0d80,238
70f9a5f0e8c0,70f96f193380,240
70f9a5f0e8c0,70f99acf3a40,238
70f9a5f0e8c0,70f987bf3840,240
70f9a5f0e8c0,70f9b4e201c0,238
70f9a5f0e8c0,70f99cf99380,240
70f9a5f0e8c0,70f9988116c0,238
70f9a5f0e8c0,70f9b87f8480,238
70f9a5f0e8c0,70f998b48980,240
70f9a5f0e8c0,70f999489c80,240
70f9a5f0e8c0,70f971256f00,240
70f9a5f0e8c0,70f9759f5400,366
70f9bde2abc0,70f9a28981c0,240
70f9bde2abc0,70f9a5ac7100,240
70f9bde2abc0,70f9cf2ffe00,240
70f9bde2abc0,70f9d26d99c0,240
70f9bde2abc0,70f9cc0c0480,238
70f9bde2abc0,70f9dca789c0,240
70f9bde2abc0,70f99743e6c0,240
70f9bde2abc0,70f99b66a680,238
70f9bde2abc0,70f9c1e39e40,238
70f9bde2abc0,70f985c38980,240
70f9bde2abc0,70f9661add00,242
70f9bde2abc0,70f9b0b602c0,238
70f9bde2abc0,70f9847788c0,242
70f9bde2abc0,70f9a52c2940,242
70f9bde2abc0,70f976046200,240
70f9bde2abc0,70f96f0c3cc0,240
70f9bde2abc0,70f97a16e400,242
70f9bde2abc0,70f98c094f40,366
70f971491580,70f9a28981c0,238
70f971491580,70f9a5ac7100,240
70f971491580,70f9cf2ffe00,240
70f971491580,70f9d26d99c0,240
70f971491580,70f9cc0c0480,240
70f971491580,70f9dca789c0,240
70f971491580,70f99743e6c0,240
70f971491580,70f99b66a680,238
70f971491580,70f9c1e39e40,238
70f971491580,70f985c38980,238
70f971491580,70f9661add00,240
70f971491580,70f9b0b602c0,238
70f971491580,70f9847788c0,240
70f971491580,70f9a52c2940,240
70f971491580,70f976046200,238
70f971491580,70f96f0c3cc0,240
70f971491580,70f97a16e400,242
70f971491580,70f98c094f40,238
70f971491580,70f990e30f00,242
70f971491580,70f9d22b0d80,238
70f971491580,70f96f193380,240
70f971491580,70f99acf3a40,238
70f971491580,70f987bf3840,240
70f971491580,70f9b4e201c0,238
70f971491580,70f99cf99380,240
70f971491580,70f9988116c0,238
70f971491580,70f9b87f8480,238
70f971491580,70f998b48980,240
70f971491580,70f999489c80,240
70f971491580,70f971256f00,240
70f971491580,70f9759f5400,366
70f99c500ec0,70f9a28981c0,242
70f99c500ec0,70f9a5ac7100,240
70f99c500ec0,70f9cf2ffe00,238
70f99c500ec0,70f9d26d99c0,366
70f997ee0600,70f9a28981c0,242
70f997ee0600,70f9a5ac7100,236
70f997ee0600,70f9cf2ffe00,366
70f977d85640,70f9a28981c0,242
70f977d85640,70f9a5ac7100,240
70f977d85640,70f9cf2ffe00,240
70f977d85640,70f9d26d99c0,240
70f977d85640,70f9cc0c0480,238
70f977d85640,70f9dca789c0,240
70f977d85640,70f99743e6c0,240
70f977d85640,70f99b66a680,240
70f977d85640,70f9c1e39e40,238
70f977d85640,70f985c38980,242
70f977d85640,70f9661add00,242
70f977d85640,70f9b0b602c0,366
70f972ea4c80,70f9a28981c0,242
70f972ea4c80,70f9a5ac7100,238
70f972ea4c80,70f9cf2ffe00,238
70f972ea4c80,70f9d26d99c0,238
70f972ea4c80,70f9cc0c0480,240
70f972ea4c80,70f9dca789c0,240
70f972ea4c80,70f99743e6c0,242
70f972ea4c80,70f99b66a680,240
70f972ea4c80,70f9c1e39e40,240
70f972ea4c80,70f985c38980,242
70f972ea4c80,70f9661add00,238
70f972ea4c80,70f9b0b602c0,240
70f972ea4c80,70f9847788c0,238
70f972ea4c80,70f9a52c2940,238
70f972ea4c80,70f976046200,240
70f972ea4c80,70f96f0c3cc0,238
70f972ea4c80,70f97a16e400,238
70f972ea4c80,70f98c094f40,242
70f972ea4c80,70f990e30f00,242
70f972ea4c80,70f9d22b0d80,240
70f972ea4c80,70f96f193380,236
70f972ea4c80,70f99acf3a40,240
70f972ea4c80,70f987bf3840,238
70f972ea4c80,70f9b4e201c0,240
70f972ea4c80,70f99cf99380,238
70f972ea4c80,70f9988116c0,240
70f972ea4c80,70f9b87f8480,240
70f972ea4c80,70f998b48980,238
70f972ea4c80,70f999489c80,240
70f972ea4c80,70f971256f00,240
70f972ea4c80,70f9759f5400,240
70f972ea4c80,70f9864a9340,366
70f9828e7440,70f9a28981c0,240
70f9828e7440,70f9a5ac7100,240
70f9828e7440,70f9cf2ffe00,240
70f9828e7440,70f9d26d99c0,240
70f9828e7440,70f9cc0c0480,236
70f9828e7440,70f9dca789c0,240
70f9828e7440,70f99743e6c0,240
70f9828e7440,70f99b66a680,238
70f9828e7440,70f9c1e39e40,238
70f9828e7440,70f985c38980,238
70f9828e7440,70f9661add00,240
70f9828e7440,70f9b0b602c0,238
70f9828e7440,70f9847788c0,242
70f9828e7440,70f9a52c2940,242
70f9828e7440,70f976046200,240
70f9828e7440,70f96f0c3cc0,240
70f9828e7440,70f97a16e400,240
70f9828e7440,70f98c094f40,242
70f9828e7440,70f990e30f00,242
70f9828e7440,70f9d22b0d80,238
70f9828e7440,70f96f193380,240
70f9828e7440,70f99acf3a40,366
70f97134c440,70f9a28981c0,240
70f97134c440,70f9a5ac7100,240
70f97134c440,70f9cf2ffe00,240
70f97134c440,70f9d26d99c0,240
70f97134c440,70f9cc0c0480,242
70f97134c440,70f9dca789c0,240
70f97134c440,70f99743e6c0,242
70f97134c440,70f99b66a680,238
70f97134c440,70f9c1e39e40,240
70f97134c440,70f985c38980,240
70f97134c440,70f9661add00,242
70f97134c440,70f9b0b602c0,238
70f97134c440,70f9847788c0,244
70f97134c440,70f9a52c2940,242
70f97134c440,70f976046200,238
70f97134c440,70f96f0c3cc0,240
70f97134c440,70f97a16e400,242
70f97134c440,70f98c094f40,240
70f97134c440,70f990e30f00,242
70f97134c440,70f9d22b0d80,238
70f97134c440,70f96f193380,240
70f97134c440,70f99acf3a40,238
70f97134c440,70f987bf3840,240
70f97134c440,70f9b4e201c0,238
70f97134c440,70f99cf99380,240
70f97134c440,70f9988116c0,238
70f97134c440,70f9b87f8480,238
70f97134c440,70f998b48980,240
70f97134c440,70f999489c80,240
70f97134c440,70f971256f00,364
70f9d285f700,70f9a28981c0,242
70f9d285f700,70f9a5ac7100,238
70f9d285f700,70f9cf2ffe00,238
70f9d285f700,70f9d26d99c0,238
70f9d285f700,70f9cc0c0480,240
70f9d285f700,70f9dca789c0,238
70f9d285f700,70f99743e6c0,240
70f9d285f700,70f99b66a680,240
70f9d285f700,70f9c1e39e40,240
70f9d285f700,70f985c38980,240
70f9d285f700,70f9661add00,240
70f9d285f700,70f9b0b602c0,240
70f9d285f700,70f9847788c0,238
70f9d285f700,70f9a52c2940,240
70f9d285f700,70f976046200,240
70f9d285f700,70f96f0c3cc0,366
70f9c54dbe40,70f9a28981c0,238
70f9c54dbe40,70f9a5ac7100,240
70f9c54dbe40,70f9cf2ffe00,240
70f9c54dbe40,70f9d26d99c0,240
70f9c54dbe40,70f9cc0c0480,242
70f9c54dbe40,70f9dca789c0,240
70f9c54dbe40,70f99743e6c0,242
70f9c54dbe40,70f99b66a680,238
70f9c54dbe40,70f9c1e39e40,238
70f9c54dbe40,70f985c38980,240
70f9c54dbe40,70f9661add00,242
70f9c54dbe40,70f9b0b602c0,238
70f9c54dbe40,70f9847788c0,242
70f9c54dbe40,70f9a52c2940,242
70f9c54dbe40,70f976046200,238
70f9c54dbe40,70f96f0c3cc0,240
70f9c54dbe40,70f97a16e400,242
70f9c54dbe40,70f98c094f40,242
70f9c54dbe40,70f990e30f00,242
70f9c54dbe40,70f9d22b0d80,238
70f9c54dbe40,70f96f193380,240
70f9c54dbe40,70f99acf3a40,238
70f9c54dbe40,70f987bf3840,240
70f9c54dbe40,70f9b4e201c0,238
70f9c54dbe40,70f99cf99380,240
70f9c54dbe40,70f9988116c0,238
70f9c54dbe40,70f9b87f8480,238
70f9c54dbe40,70f998b48980,240
70f9c54dbe40,70f999489c80,240
70f9c54dbe40,70f971256f00,366
70f99c8fc380,70f9a28981c0,238
70f99c8fc380,70f9a5ac7100,240
70f99c8fc380,70f9cf2ffe00,240
70f99c8fc380,70f9d26d99c0,240
70f99c8fc380,70f9cc0c0480,366
70f9b338c240,70f9a28981c0,238
70f9b338c240,70f9a5ac7100,240
70f9b338c240,70f9cf2ffe00,240
70f9b338c240,70f9d26d99c0,240
70f9b338c240,70f9cc0c0480,240
70f9b338c240,70f9dca789c0,240
70f9b338c240,70f99743e6c0,368
70f9854423c0,70f9a28981c0,242
70f9854423c0,70f9a5ac7100,238
70f9854423c0,70f9cf2ffe00,238
70f9854423c0,70f9d26d99c0,238
70f9854423c0,70f9cc0c0480,242
70f9854423c0,70f9dca789c0,240
70f9854423c0,70f99743e6c0,242
70f9854423c0,70f99b66a680,240
70f9854423c0,70f9c1e39e40,240
70f9854423c0,70f985c38980,242
70f9854423c0,70f9661add00,238
70f9854423c0,70f9b0b602c0,240
70f9854423c0,70f9847788c0,240
70f9854423c0,70f9a52c2940,240
70f9854423c0,70f976046200,240
70f9854423c0,70f96f0c3cc0,238
70f9854423c0,70f97a16e400,238
70f9854423c0,70f98c094f40,242
70f9854423c0,70f990e30f00,242
70f9854423c0,70f9d22b0d80,242
70f9854423c0,70f96f193380,238
70f9854423c0,70f99acf3a40,240
70f9854423c0,70f987bf3840,238
70f9854423c0,70f9b4e201c0,240
70f9854423c0,70f99cf99380,238
70f9854423c0,70f9988116c0,238
70f9854423c0,70f9b87f8480,240
70f9854423c0,70f998b48980,238
70f9854423c0,70f999489c80,366
70f9bcf44880,70f9a28981c0,240
70f9bcf44880,70f9a5ac7100,242
70f9bcf44880,70f9cf2ffe00,242
70f9bcf44880,70f9d26d99c0,240
70f9bcf44880,70f9cc0c0480,238
70f9bcf44880,70f9dca789c0,242
70f9bcf44880,70f99743e6c0,238
70f9bcf44880,70f99b66a680,238
70f9bcf44880,70f9c1e39e40,366
70f998909240,70f9a28981c0,244
70f998909240,70f9a5ac7100,238
70f998909240,70f9cf2ffe00,240
70f998909240,70f9d26d99c0,238
70f998909240,70f9cc0c0480,240
70f998909240,70f9dca789c0,238
70f998909240,70f99743e6c0,242
70f998909240,70f99b66a680,240
70f998909240,70f9c1e39e40,240
70f998909240,70f985c38980,240
70f998909240,70f9661add00,238
70f998909240,70f9b0b602c0,240
70f998909240,70f9847788c0,238
70f998909240,70f9a52c2940,238
70f998909240,70f976046200,240
70f998909240,70f96f0c3cc0,238
70f998909240,70f97a16e400,238
70f998909240,70f98c094f40,242
70f998909240,70f990e30f00,238
70f998909240,70f9d22b0d80,240
70f998909240,70f96f193380,240
70f998909240,70f99acf3a40,240
70f998909240,70f987bf3840,238
70f998909240,70f9b4e201c0,240
70f998909240,70f99cf99380,238
70f998909240,70f9988116c0,240
70f998909240,70f9b87f8480,240
70f998909240,70f998b48980,240
70f998909240,70f999489c80,238
70f998909240,70f971256f00,240
70f998909240,70f9759f5400,240
70f998909240,70f9864a9340,236
70f998909240,70f99d925380,366
70f9abb73d00,70f9a28981c0,238
70f9abb73d00,70f9a5ac7100,240
70f9abb73d00,70f9cf2ffe00,240
70f9abb73d00,70f9d26d99c0,242
70f9abb73d00,70f9cc0c0480,240
70f9abb73d00,70f9dca789c0,240
70f9abb73d00,70f99743e6c0,366
70f9c92c84c0,70f9a28981c0,240
70f9c92c84c0,70f9a5ac7100,240
70f9c92c84c0,70f9cf2ffe00,240
70f9c92c84c0,70f9d26d99c0,240
70f9c92c84c0,70f9cc0c0480,238
70f9c92c84c0,70f9dca789c0,240
70f9c92c84c0,70f99743e6c0,238
70f9c92c84c0,70f99b66a680,238
70f9c92c84c0,70f9c1e39e40,240
70f9c92c84c0,70f985c38980,238
70f9c92c84c0,70f9661add00,240
70f9c92c84c0,70f9b0b602c0,238
70f9c92c84c0,70f9847788c0,242
70f9c92c84c0,70f9a52c2940,242
70f9c92c84c0,70f976046200,238
70f9c92c84c0,70f96f0c3cc0,240
70f9c92c84c0,70f97a16e400,240
70f9c92c84c0,70f98c094f40,238
70f9c92c84c0,70f990e30f00,240
70f9c92c84c0,70f9d22b0d80,240
70f9c92c84c0,70f96f193380,240
70f9c92c84c0,70f99acf3a40,238
70f9c92c84c0,70f987bf3840,240
70f9c92c84c0,70f9b4e201c0,240
70f9c92c84c0,70f99cf99380,240
70f9c92c84c0,70f9988116c0,238
70f9c92c84c0,70f9b87f8480,366
70f9ad8fcbc0,70f9a28981c0,240
70f9ad8fcbc0,70f9a5ac7100,240
70f9ad8fcbc0,70f9cf2ffe00,240
70f9ad8fcbc0,70f9d26d99c0,240
70f9ad8fcbc0,70f9cc0c0480,238
70f9ad8fcbc0,70f9dca789c0,240
70f9ad8fcbc0,70f99743e6c0,240
70f9ad8fcbc0,70f99b66a680,240
70f9ad8fcbc0,70f9c1e39e40,238
70f9ad8fcbc0,70f985c38980,242
70f9ad8fcbc0,70f9661add00,242
70f9ad8fcbc0,70f9b0b602c0,366
70f9dda919c0,70f9a28981c0,242
70f9dda919c0,70f9a5ac7100,240
70f9dda919c0,70f9cf2ffe00,240
70f9dda919c0,70f9d26d99c0,240
70f9dda919c0,70f9cc0c0480,238
70f9dda919c0,70f9dca789c0,240
70f9dda919c0,70f99743e6c0,240
70f9dda919c0,70f99b66a680,242
70f9dda919c0,70f9c1e39e40,238
70f9dda919c0,70f985c38980,366
70f994527fc0,70f9a28981c0,240
70f994527fc0,70f9a5ac7100,240
70f994527fc0,70f9cf2ffe00,240
70f994527fc0,70f9d26d99c0,240
70f994527fc0,70f9cc0c0480,240
70f994527fc0,70f9dca789c0,240
70f994527fc0,70f99743e6c0,242
70f994527fc0,70f99b66a680,238
70f994527fc0,70f9c1e39e40,238
70f994527fc0,70f985c38980,238
70f994527fc0,70f9661add00,242
70f994527fc0,70f9b0b602c0,238
70f994527fc0,70f9847788c0,240
70f994527fc0,70f9a52c2940,242
70f994527fc0,70f976046200,238
70f994527fc0,70f96f0c3cc0,240
70f994527fc0,70f97a16e400,240
70f994527fc0,70f98c094f40,238
70f994527fc0,70f990e30f00,240
70f994527fc0,70f9d22b0d80,238
70f994527fc0,70f96f193380,240
70f994527fc0,70f99acf3a40,238
70f994527fc0,70f987bf3840,240
70f994527fc0,70f9b4e201c0,238
70f994527fc0,70f99cf99380,240
70f994527fc0,70f9988116c0,238
70f994527fc0,70f9b87f8480,238
70f994527fc0,70f998b48980,240
70f994527fc0,70f999489c80,240
70f994527fc0,70f971256f00,366
70f9a4abf280,70f9a28981c0,242
70f9a4abf280,70f9a5ac7100,240
70f9a4abf280,70f9cf2ffe00,238
70f9a4abf280,70f9d26d99c0,240
70f9a4abf280,70f9cc0c0480,240
70f9a4abf280,70f9dca789c0,238
70f9a4abf280,70f99743e6c0,240
70f9a4abf280,70f99b66a680,242
70f9a4abf280,70f9c1e39e40,240
70f9a4abf280,70f985c38980,242
70f9a4abf280,70f9661add00,240
70f9a4abf280,70f9b0b602c0,240
70f9a4abf280,70f9847788c0,366
70f9c7248640,70f9a28981c0,240
70f9c7248640,70f9a5ac7100,240
70f9c7248640,70f9cf2ffe00,240
70f9c7248640,70f9d26d99c0,240
70f9c7248640,70f9cc0c0480,238
70f9c7248640,70f9dca789c0,240
70f9c7248640,70f99743e6c0,240
70f9c7248640,70f99b66a680,238
70f9c7248640,70f9c1e39e40,364
70f969622e80,70f9a28981c0,240
70f969622e80,70f9a5ac7100,238
70f969622e80,70f9cf2ffe00,238
70f969622e80,70f9d26d99c0,238
70f969622e80,70f9cc0c0480,240
70f969622e80,70f9dca789c0,238
70f969622e80,70f99743e6c0,240
70f969622e80,70f99b66a680,240
70f969622e80,70f9c1e39e40,240
70f969622e80,70f985c38980,242
70f969622e80,70f9661add00,368
70f98be8d200,70f9a28981c0,242
70f98be8d200,70f9a5ac7100,240
70f98be8d200,70f9cf2ffe00,238
70f98be8d200,70f9d26d99c0,240
70f98be8d200,70f9cc0c0480,240
70f98be8d200,70f9dca789c0,238
70f98be8d200,70f99743e6c0,240
70f98be8d200,70f99b66a680,240
70f98be8d200,70f9c1e39e40,240
70f98be8d200,70f985c38980,242
70f98be8d200,70f9661add00,240
70f98be8d200,70f9b0b602c0,240
70f98be8d200,70f9847788c0,242
70f98be8d200,70f9a52c2940,366
70f9ca89c240,70f9a28981c0,242
70f9ca89c240,70f9a5ac7100,238
70f9ca89c240,70f9cf2ffe00,240
70f9ca89c240,70f9d26d99c0,238
70f9ca89c240,70f9cc0c0480,240
70f9ca89c240,70f9dca789c0,238
70f9ca89c240,70f99743e6c0,242
70f9ca89c240,70f99b66a680,240
70f9ca89c240,70f9c1e39e40,240
70f9ca89c240,70f985c38980,242
70f9ca89c240,70f9661add00,238
70f9ca89c240,70f9b0b602c0,240
70f9ca89c240,70f9847788c0,240
70f9ca89c240,70f9a52c2940,240
70f9ca89c240,70f976046200,240
70f9ca89c240,70f96f0c3cc0,238
70f9ca89c240,70f97a16e400,238
70f9ca89c240,70f98c094f40,242
70f9ca89c240,70f990e30f00,238
70f9ca89c240,70f9d22b0d80,242
70f9ca89c240,70f96f193380,240
70f9ca89c240,70f99acf3a40,240
70f9ca89c240,70f987bf3840,238
70f9ca89c240,70f9b4e201c0,240
70f9ca89c240,70f99cf99380,238
70f9ca89c240,70f9988116c0,240
70f9ca89c240,70f9b87f8480,240
70f9ca89c240,70f998b48980,240
70f9ca89c240,70f999489c80,238
70f9ca89c240,70f971256f00,240
70f9ca89c240,70f9759f5400,240
70f9ca89c240,70f9864a9340,238
70f9ca89c240,70f99d925380,366
70f9da0d7540,70f9a28981c0,242
70f9da0d7540,70f9a5ac7100,240
70f9da0d7540,70f9cf2ffe00,240
70f9da0d7540,70f9d26d99c0,240
70f9da0d7540,70f9cc0c0480,238
70f9da0d7540,70f9dca789c0,240
70f9da0d7540,70f99743e6c0,240
70f9da0d7540,70f99b66a680,366
70f9c48ab700,70f9a28981c0,242
70f9c48ab700,70f9a5ac7100,240
70f9c48ab700,70f9cf2ffe00,238
70f9c48ab700,70f9d26d99c0,366
70f96d9baac0,70f9a28981c0,242
70f96d9baac0,70f9a5ac7100,238
70f96d9baac0,70f9cf2ffe00,240
70f96d9baac0,70f9d26d99c0,238
70f96d9baac0,70f9cc0c0480,240
70f96d9baac0,70f9dca789c0,238
70f96d9baac0,70f99743e6c0,242
70f96d9baac0,70f99b66a680,240
70f96d9baac0,70f9c1e39e40,240
70f96d9baac0,70f985c38980,240
70f96d9baac0,70f9661add00,238
70f96d9baac0,70f9b0b602c0,240
70f96d9baac0,70f9847788c0,238
70f96d9baac0,70f9a52c2940,240
70f96d9baac0,70f976046200,240
70f96d9baac0,70f96f0c3cc0,238
70f96d9baac0,70f97a16e400,238
70f96d9baac0,70f98c094f40,242
70f96d9baac0,70f990e30f00,240
70f96d9baac0,70f9d22b0d80,240
70f96d9baac0,70f96f193380,366
70f9a40f4180,70f9a28981c0,242
70f9a40f4180,70f9a5ac7100,238
70f9a40f4180,70f9cf2ffe00,238
70f9a40f4180,70f9d26d99c0,238
70f9a40f4180,70f9cc0c0480,240
70f9a40f4180,70f9dca789c0,242
70f9a40f4180,70f99743e6c0,240
70f9a40f4180,70f99b66a680,240
70f9a40f4180,70f9c1e39e40,242
70f9a40f4180,70f985c38980,242
70f9a40f4180,70f9661add00,240
70f9a40f4180,70f9b0b602c0,240
70f9a40f4180,70f9847788c0,238
70f9a40f4180,70f9a52c2940,240
70f9a40f4180,70f976046200,240
70f9a40f4180,70f96f0c3cc0,238
70f9a40f4180,70f97a16e400,240
70f9a40f4180,70f98c094f40,240
70f9a40f4180,70f990e30f00,242
70f9a40f4180,70f9d22b0d80,240
70f9a40f4180,70f96f193380,238
70f9a40f4180,70f99acf3a40,240
70f9a40f4180,70f987bf3840,240
70f9a40f4180,70f9b4e201c0,240
70f9a40f4180,70f99cf99380,238
70f9a40f4180,70f9988116c0,240
70f9a40f4180,70f9b87f8480,240
70f9a40f4180,70f998b48980,238
70f9a40f4180,70f999489c80,364
70f9dd791b00,70f9a28981c0,242
70f9dd791b00,70f9a5ac7100,238
70f9dd791b00,70f9cf2ffe00,238
70f9dd791b00,70f9d26d99c0,238
70f9dd791b00,70f9cc0c0480,240
70f9dd791b00,70f9dca789c0,238
70f9dd791b00,70f99743e6c0,240
70f9dd791b00,70f99b66a680,240
70f9dd791b00,70f9c1e39e40,240
70f9dd791b00,70f985c38980,242
70f9dd791b00,70f9661add00,240
70f9dd791b00,70f9b0b602c0,240
70f9dd791b00,70f9847788c0,238
70f9dd791b00,70f9a52c2940,238
70f9dd791b00,70f976046200,240
70f9dd791b00,70f96f0c3cc0,366
70f9b14c93c0,70f9a28981c0,240
70f9b14c93c0,70f9a5ac7100,240
70f9b14c93c0,70f9cf2ffe00,240
70f9b14c93c0,70f9d26d99c0,240
70f9b14c93c0,70f9cc0c0480,366
70f97fb1ed40,70f9a28981c0,240
70f97fb1ed40,70f9a5ac7100,240
70f97fb1ed40,70f9cf2ffe00,240
70f97fb1ed40,70f9d26d99c0,240
70f97fb1ed40,70f9cc0c0480,238
70f97fb1ed40,70f9dca789c0,240
70f97fb1ed40,70f99743e6c0,240
70f97fb1ed40,70f99b66a680,238
70f97fb1ed40,70f9c1e39e40,240
70f97fb1ed40,70f985c38980,238
70f97fb1ed40,70f9661add00,240
70f97fb1ed40,70f9b0b602c0,238
70f97fb1ed40,70f9847788c0,242
70f97fb1ed40,70f9a52c2940,240
70f97fb1ed40,70f976046200,238
70f97fb1ed40,70f96f0c3cc0,240
70f97fb1ed40,70f97a16e400,240
70f97fb1ed40,70f98c094f40,240
70f97fb1ed40,70f990e30f00,240
70f97fb1ed40,70f9d22b0d80,240
70f97fb1ed40,70f96f193380,240
70f97fb1ed40,70f99acf3a40,238
70f97fb1ed40,70f987bf3840,240
70f97fb1ed40,70f9b4e201c0,366
70f96c8230c0,70f9a28981c0,240
70f96c8230c0,70f9a5ac7100,240
70f96c8230c0,70f9cf2ffe00,240
70f96c8230c0,70f9d26d99c0,240
70f96c8230c0,70f9cc0c0480,238
70f96c8230c0,70f9dca789c0,240
70f96c8230c0,70f99743e6c0,238
70f96c8230c0,70f99b66a680,238
70f96c8230c0,70f9c1e39e40,238
70f96c8230c0,70f985c38980,240
70f96c8230c0,70f9661add00,240
70f96c8230c0,70f9b0b602c0,238
70f96c8230c0,70f9847788c0,242
70f96c8230c0,70f9a52c2940,242
70f96c8230c0,70f976046200,240
70f96c8230c0,70f96f0c3cc0,240
70f96c8230c0,70f97a16e400,240
70f96c8230c0,70f98c094f40,242
70f96c8230c0,70f990e30f00,240
70f96c8230c0,70f9d22b0d80,238
70f96c8230c0,70f96f193380,240
70f96c8230c0,70f99acf3a40,366
70f96b5ca2c0,70f9a28981c0,242
70f96b5ca2c0,70f9a5ac7100,240
70f96b5ca2c0,70f9cf2ffe00,240
70f96b5ca2c0,70f9d26d99c0,240
70f96b5ca2c0,70f9cc0c0480,238
70f96b5ca2c0,70f9dca789c0,240
70f96b5ca2c0,70f99743e6c0,240
70f96b5ca2c0,70f99b66a680,240
70f96b5ca2c0,70f9c1e39e40,238
70f96b5ca2c0,70f985c38980,366
70f9b55ff380,70f9a28981c0,242
70f9b55ff380,70f9a5ac7100,238
70f9b55ff380,70f9cf2ffe00,238
70f9b55ff380,70f9d26d99c0,238
70f9b55ff380,70f9cc0c0480,240
70f9b55ff380,70f9dca789c0,238
70f9b55ff380,70f99743e6c0,242
70f9b55ff380,70f99b66a680,240
70f9b55ff380,70f9c1e39e40,240
70f9b55ff380,70f985c38980,242
70f9b55ff380,70f9661add00,242
70f9b55ff380,70f9b0b602c0,240
70f9b55ff380,70f9847788c0,238
70f9b55ff380,70f9a52c2940,238
70f9b55ff380,70f976046200,242
70f9b55ff380,70f96f0c3cc0,240
70f9b55ff380,70f97a16e400,368
70f9821a8740,70f9a28981c0,242
70f9821a8740,70f9a5ac7100,238
70f9821a8740,70f9cf2ffe00,238
70f9821a8740,70f9d26d99c0,238
70f9821a8740,70f9cc0c0480,240
70f9821a8740,70f9dca789c0,238
70f9821a8740,70f99743e6c0,242
70f9821a8740,70f99b66a680,240
70f9821a8740,70f9c1e39e40,240
70f9821a8740,70f985c38980,240
70f9821a8740,70f9661add00,240
70f9821a8740,70f9b0b602c0,240
70f9821a8740,70f9847788c0,240
70f9821a8740,70f9a52c2940,240
70f9821a8740,70f976046200,240
70f9821a8740,70f96f0c3cc0,240
70f9821a8740,70f97a16e400,240
70f9821a8740,70f98c094f40,242
70f9821a8740,70f990e30f00,238
70f9821a8740,70f9d22b0d80,240
70f9821a8740,70f96f193380,238
70f9821a8740,70f99acf3a40,240
70f9821a8740,70f987bf3840,364
70f97c06ef40,70f9a28981c0,242
70f97c06ef40,70f9a5ac7100,238
70f97c06ef40,70f9cf2ffe00,238
70f97c06ef40,70f9d26d99c0,238
70f97c06ef40,70f9cc0c0480,240
70f97c06ef40,70f9dca789c0,366
70f9d5ae67c0,70f9a28981c0,240
70f9d5ae67c0,70f9a5ac7100,240
70f9d5ae67c0,70f9cf2ffe00,240
70f9d5ae67c0,70f9d26d99c0,242
70f9d5ae67c0,70f9cc0c0480,366
70f9910f4b80,70f9a28981c0,242
70f9910f4b80,70f9a5ac7100,238
70f9910f4b80,70f9cf2ffe00,238
70f9910f4b80,70f9d26d99c0,238
70f9910f4b80,70f9cc0c0480,240
70f9910f4b80,70f9dca789c0,240
70f9910f4b80,70f99743e6c0,242
70f9910f4b80,70f99b66a680,240
70f9910f4b80,70f9c1e39e40,240
70f9910f4b80,70f985c38980,242
70f9910f4b80,70f9661add00,240
70f9910f4b80,70f9b0b602c0,240
70f9910f4b80,70f9847788c0,238
70f9910f4b80,70f9a52c2940,240
70f9910f4b80,70f976046200,240
70f9910f4b80,70f96f0c3cc0,238
70f9910f4b80,70f97a16e400,240
70f9910f4b80,70f98c094f40,242
70f9910f4b80,70f990e30f00,242
70f9910f4b80,70f9d22b0d80,240
70f9910f4b80,70f96f193380,238
70f9910f4b80,70f99acf3a40,240
70f9910f4b80,70f987bf3840,238
70f9910f4b80,70f9b4e201c0,240
70f9910f4b80,70f99cf99380,238
70f9910f4b80,70f9988116c0,240
70f9910f4b80,70f9b87f8480,240
70f9910f4b80,70f998b48980,238
70f9910f4b80,70f999489c80,240
70f9910f4b80,70f971256f00,240
70f9910f4b80,70f9759f5400,240
70f9910f4b80,70f9864a9340,366
70f96c4ce680,70f9a28981c0,238
70f96c4ce680,70f9a5ac7100,240
70f96c4ce680,70f9cf2ffe00,240
70f96c4ce680,70f9d26d99c0,242
70f96c4ce680,70f9cc0c0480,240
70f96c4ce680,70f9dca789c0,240
70f96c4ce680,70f99743e6c0,366
70f9b8bc2600,70f9a28981c0,240
70f9b8bc2600,70f9a5ac7100,240
70f9b8bc2600,70f9cf2ffe00,240
70f9b8bc2600,70f9d26d99c0,240
70f9b8bc2600,70f9cc0c0480,238
70f9b8bc2600,70f9dca789c0,240
70f9b8bc2600,70f99743e6c0,238
70f9b8bc2600,70f99b66a680,238
70f9b8bc2600,70f9c1e39e40,238
70f9b8bc2600,70f985c38980,238
70f9b8bc2600,70f9661add00,240
70f9b8bc2600,70f9b0b602c0,238
70f9b8bc2600,70f9847788c0,242
70f9b8bc2600,70f9a52c2940,240
70f9b8bc2600,70f976046200,240
70f9b8bc2600,70f96f0c3cc0,240
70f9b8bc2600,70f97a16e400,242
70f9b8bc2600,70f98c094f40,242
70f9b8bc2600,70f990e30f00,242
70f9b8bc2600,70f9d22b0d80,238
70f9b8bc2600,70f96f193380,240
70f9b8bc2600,70f99acf3a40,366
70f9cb5f0f40,70f9a28981c0,238
70f9cb5f0f40,70f9a5ac7100,240
70f9cb5f0f40,70f9cf2ffe00,240
70f9cb5f0f40,70f9d26d99c0,240
70f9cb5f0f40,70f9cc0c0480,238
70f9cb5f0f40,70f9dca789c0,240
70f9cb5f0f40,70f99743e6c0,240
70f9cb5f0f40,70f99b66a680,238
70f9cb5f0f40,70f9c1e39e40,240
70f9cb5f0f40,70f985c38980,238
70f9cb5f0f40,70f9661add00,242
70f9cb5f0f40,70f9b0b602c0,238
70f9cb5f0f40,70f9847788c0,242
70f9cb5f0f40,70f9a52c2940,242
70f9cb5f0f40,70f976046200,238
70f9cb5f0f40,70f96f0c3cc0,240
70f9cb5f0f40,70f97a16e400,242
70f9cb5f0f40,70f98c094f40,240
70f9cb5f0f40,70f990e30f00,242
70f9cb5f0f40,70f9d22b0d80,240
70f9cb5f0f40,70f96f193380,240
70f9cb5f0f40,70f99acf3a40,238
70f9cb5f0f40,70f987bf3840,240
70f9cb5f0f40,70f9b4e201c0,366
70f9bd45a8c0,70f9a28981c0,240
70f9bd45a8c0,70f9a5ac7100,240
70f9bd45a8c0,70f9cf2ffe00,240
70f9bd45a8c0,70f9d26d99c0,240
70f9bd45a8c0,70f9cc0c0480,238
70f9bd45a8c0,70f9dca789c0,240
70f9bd45a8c0,70f99743e6c0,242
70f9bd45a8c0,70f99b66a680,238
70f9bd45a8c0,70f9c1e39e40,240
70f9bd45a8c0,70f985c38980,240
70f9bd45a8c0,70f9661add00,244
70f9bd45a8c0,70f9b0b602c0,238
70f9bd45a8c0,70f9847788c0,244
70f9bd45a8c0,70f9a52c2940,242
70f9bd45a8c0,70f976046200,240
70f9bd45a8c0,70f96f0c3cc0,240
70f9bd45a8c0,70f97a16e400,244
70f9bd45a8c0,70f98c094f40,240
70f9bd45a8c0,70f990e30f00,244
70f9bd45a8c0,70f9d22b0d80,240
70f9bd45a8c0,70f96f193380,240
70f9bd45a8c0,70f99acf3a40,238
70f9bd45a8c0,70f987bf3840,240
70f9bd45a8c0,70f9b4e201c0,364
70f9dbc04a00,70f9a28981c0,240
70f9dbc04a00,70f9a5ac7100,240
70f9dbc04a00,70f9cf2ffe00,240
70f9dbc04a00,70f9d26d99c0,240
70f9dbc04a00,70f9cc0c0480,238
70f9dbc04a00,70f9dca789c0,240
70f9dbc04a00,70f99743e6c0,238
70f9dbc04a00,70f99b66a680,238
70f9dbc04a00,70f9c1e39e40,240
70f9dbc04a00,70f985c38980,238
70f9dbc04a00,70f9661add00,240
70f9dbc04a00,70f9b0b602c0,238
70f9dbc04a00,70f9847788c0,240
70f9dbc04a00,70f9a52c2940,240
70f9dbc04a00,70f976046200,238
70f9dbc04a00,70f96f0c3cc0,240
70f9dbc04a00,70f97a16e400,240
70f9dbc04a00,70f98c094f40,238
70f9dbc04a00,70f990e30f00,242
70f9dbc04a00,70f9d22b0d80,240
70f9dbc04a00,70f96f193380,240
70f9dbc04a00,70f99acf3a40,238
70f9dbc04a00,70f987bf3840,240
70f9dbc04a00,70f9b4e201c0,240
70f9dbc04a00,70f99cf99380,240
70f9dbc04a00,70f9988116c0,238
70f9dbc04a00,70f9b87f8480,366
70f9a61357c0,70f9a28981c0,238
70f9a61357c0,70f9a5ac7100,240
70f9a61357c0,70f9cf2ffe00,240
70f9a61357c0,70f9d26d99c0,242
70f9a61357c0,70f9cc0c0480,240
70f9a61357c0,70f9dca789c0,240
70f9a61357c0,70f99743e6c0,242
70f9a61357c0,70f99b66a680,238
70f9a61357c0,70f9c1e39e40,238
70f9a61357c0,70f985c38980,238
70f9a61357c0,70f9661add00,240
70f9a61357c0,70f9b0b602c0,238
70f9a61357c0,70f9847788c0,242
70f9a61357c0,70f9a52c2940,242
70f9a61357c0,70f976046200,238
70f9a61357c0,70f96f0c3cc0,240
70f9a61357c0,70f97a16e400,242
70f9a61357c0,70f98c094f40,238
70f9a61357c0,70f990e30f00,242
70f9a61357c0,70f9d22b0d80,238
70f9a61357c0,70f96f193380,240
70f9a61357c0,70f99acf3a40,238
70f9a61357c0,70f987bf3840,240
70f9a61357c0,70f9b4e201c0,238
70f9a61357c0,70f99cf99380,240
70f9a61357c0,70f9988116c0,238
70f9a61357c0,70f9b87f8480,238
70f9a61357c0,70f998b48980,240
70f9a61357c0,70f999489c80,240
70f9a61357c0,70f971256f00,366
70f973963b00,70f9a28981c0,240
70f973963b00,70f9a5ac7100,240
70f973963b00,70f9cf2ffe00,240
70f973963b00,70f9d26d99c0,240
70f973963b00,70f9cc0c0480,238
70f973963b00,70f9dca789c0,242
70f973963b00,70f99743e6c0,238
70f973963b00,70f99b66a680,238
70f973963b00,70f9c1e39e40,240
70f973963b00,70f985c38980,238
70f973963b00,70f9661add00,240
70f973963b00,70f9b0b602c0,238
70f973963b00,70f9847788c0,240
70f973963b00,70f9a52c2940,240
70f973963b00,70f976046200,238
70f973963b00,70f96f0c3cc0,240
70f973963b00,70f97a16e400,242
70f973963b00,70f98c094f40,238
70f973963b00,70f990e30f00,242
70f973963b00,70f9d22b0d80,240
70f973963b00,70f96f193380,238
70f973963b00,70f99acf3a40,238
70f973963b00,70f987bf3840,240
70f973963b00,70f9b4e201c0,240
70f973963b00,70f99cf99380,240
70f973963b00,70f9988116c0,238
70f973963b00,70f9b87f8480,366
70f9a5378740,70f9a28981c0,240
70f9a5378740,70f9a5ac7100,240
70f9a5378740,70f9cf2ffe00,240
70f9a5378740,70f9d26d99c0,240
70f9a5378740,70f9cc0c0480,238
70f9a5378740,70f9dca789c0,240
70f9a5378740,70f99743e6c0,240
70f9a5378740,70f99b66a680,238
70f9a5378740,70f9c1e39e40,240
70f9a5378740,70f985c38980,238
70f9a5378740,70f9661add00,242
70f9a5378740,70f9b0b602c0,238
70f9a5378740,70f9847788c0,242
70f9a5378740,70f9a52c2940,242
70f9a5378740,70f976046200,238
70f9a5378740,70f96f0c3cc0,240
70f9a5378740,70f97a16e400,242
70f9a5378740,70f98c094f40,238
70f9a5378740,70f990e30f00,242
70f9a5378740,70f9d22b0d80,240
70f9a5378740,70f96f193380,240
70f9a5378740,70f99acf3a40,238
70f9a5378740,70f987bf3840,240
70f9a5378740,70f9b4e201c0,240
70f9a5378740,70f99cf99380,240
70f9a5378740,70f9988116c0,238
70f9a5378740,70f9b87f8480,366
70f98cffdcc0,70f9a28981c0,242
70f98cffdcc0,70f9a5ac7100,240
70f98cffdcc0,70f9cf2ffe00,240
70f98cffdcc0,70f9d26d99c0,240
70f98cffdcc0,70f9cc0c0480,238
70f98cffdcc0,70f9dca789c0,240
70f98cffdcc0,70f99743e6c0,242
70f98cffdcc0,70f99b66a680,240
70f98cffdcc0,70f9c1e39e40,238
70f98cffdcc0,70f985c38980,368
70f9bee60700,70f9a28981c0,242
70f9bee60700,70f9a5ac7100,238
70f9bee60700,70f9cf2ffe00,238
70f9bee60700,70f9d26d99c0,238
70f9bee60700,70f9cc0c0480,240
70f9bee60700,70f9dca789c0,240
70f9bee60700,70f99743e6c0,242
70f9bee60700,70f99b66a680,242
70f9bee60700,70f9c1e39e40,240
70f9bee60700,70f985c38980,242
70f9bee60700,70f9661add00,238
70f9bee60700,70f9b0b602c0,240
70f9bee60700,70f9847788c0,238
70f9bee60700,70f9a52c2940,238
70f9bee60700,70f976046200,240
70f9bee60700,70f96f0c3cc0,238
70f9bee60700,70f97a16e400,240
70f9bee60700,70f98c094f40,242
70f9bee60700,70f990e30f00,242
70f9bee60700,70f9d22b0d80,240
70f9bee60700,70f96f193380,238
70f9bee60700,70f99acf3a40,240
70f9bee60700,70f987bf3840,238
70f9bee60700,70f9b4e201c0,240
70f9bee60700,70f99cf99380,238
70f9bee60700,70f9988116c0,240
70f9bee60700,70f9b87f8480,242
70f9bee60700,70f998b48980,238
70f9bee60700,70f999489c80,240
70f9bee60700,70f971256f00,240
70f9bee60700,70f9759f5400,240
70f9bee60700,70f9864a9340,366
70f9a0a0a100,70f9a28981c0,242
70f9a0a0a100,70f9a5ac7100,238
70f9a0a0a100,70f9cf2ffe00,364
70f9bf125cc0,70f9a28981c0,242
70f9bf125cc0,70f9a5ac7100,238
70f9bf125cc0,70f9cf2ffe00,366
70f98151f980,70f9a28981c0,242
70f98151f980,70f9a5ac7100,238
70f98151f980,70f9cf2ffe00,238
70f98151f980,70f9d26d99c0,238
70f98151f980,70f9cc0c0480,240
70f98151f980,70f9dca789c0,240
70f98151f980,70f99743e6c0,240
70f98151f980,70f99b66a680,240
70f98151f980,70f9c1e39e40,240
70f98151f980,70f985c38980,240
70f98151f980,70f9661add00,238
70f98151f980,70f9b0b602c0,240
70f98151f980,70f9847788c0,238
70f98151f980,70f9a52c2940,240
70f98151f980,70f976046200,240
70f98151f980,70f96f0c3cc0,238
70f98151f980,70f97a16e400,238
70f98151f980,70f98c094f40,242
70f98151f980,70f990e30f00,368
70f985852740,70f9a28981c0,240
70f985852740,70f9a5ac7100,240
70f985852740,70f9cf2ffe00,240
70f985852740,70f9d26d99c0,240
70f985852740,70f9cc0c0480,238
70f985852740,70f9dca789c0,240
70f985852740,70f99743e6c0,240
70f985852740,70f99b66a680,238
70f985852740,70f9c1e39e40,240
70f985852740,70f985c38980,238
70f985852740,70f9661add00,242
70f985852740,70f9b0b602c0,238
70f985852740,70f9847788c0,242
70f985852740,70f9a52c2940,242
70f985852740,70f976046200,238
70f985852740,70f96f0c3cc0,240
70f985852740,70f97a16e400,242
70f985852740,70f98c094f40,240
70f985852740,70f990e30f00,242
70f985852740,70f9d22b0d80,240
70f985852740,70f96f193380,240
70f985852740,70f99acf3a40,238
70f985852740,70f987bf3840,240
70f985852740,70f9b4e201c0,240
70f985852740,70f99cf99380,240
70f985852740,70f9988116c0,238
70f985852740,70f9b87f8480,366
70f9c6348b40,70f9a28981c0,242
70f9c6348b40,70f9a5ac7100,238
70f9c6348b40,70f9cf2ffe00,238
70f9c6348b40,70f9d26d99c0,238
70f9c6348b40,70f9cc0c0480,240
70f9c6348b40,70f9dca789c0,238
70f9c6348b40,70f99743e6c0,242
70f9c6348b40,70f99b66a680,240
70f9c6348b40,70f9c1e39e40,240
70f9c6348b40,70f985c38980,242
70f9c6348b40,70f9661add00,242
70f9c6348b40,70f9b0b602c0,240
70f9c6348b40,70f9847788c0,238
70f9c6348b40,70f9a52c2940,240
70f9c6348b40,70f976046200,240
70f9c6348b40,70f96f0c3cc0,366
70f9aafacbc0,70f9a28981c0,242
70f9aafacbc0,70f9a5ac7100,238
70f9aafacbc0,70f9cf2ffe00,238
70f9aafacbc0,70f9d26d99c0,238
70f9aafacbc0,70f9cc0c0480,240
70f9aafacbc0,70f9dca789c0,240
70f9aafacbc0,70f99743e6c0,242
70f9aafacbc0,70f99b66a680,240
70f9aafacbc0,70f9c1e39e40,240
70f9aafacbc0,70f985c38980,240
70f9aafacbc0,70f9661add00,238
70f9aafacbc0,70f9b0b602c0,240
70f9aafacbc0,70f9847788c0,240
70f9aafacbc0,70f9a52c2940,240
70f9aafacbc0,70f976046200,240
70f9aafacbc0,70f96f0c3cc0,238
70f9aafacbc0,70f97a16e400,238
70f9aafacbc0,70f98c094f40,242
70f9aafacbc0,70f990e30f00,366
70f96dcee980,70f9a28981c0,238
70f96dcee980,70f9a5ac7100,240
70f96dcee980,70f9cf2ffe00,240
70f96dcee980,70f9d26d99c0,240
70f96dcee980,70f9cc0c0480,236
70f96dcee980,70f9dca789c0,240
70f96dcee980,70f99743e6c0,240
70f96dcee980,70f99b66a680,238
70f96dcee980,70f9c1e39e40,238
70f96dcee980,70f985c38980,240
70f96dcee980,70f9661add00,242
70f96dcee980,70f9b0b602c0,238
70f96dcee980,70f9847788c0,242
70f96dcee980,70f9a52c2940,240
70f96dcee980,70f976046200,240
70f96dcee980,70f96f0c3cc0,240
70f96dcee980,70f97a16e400,242
70f96dcee980,70f98c094f40,242
70f96dcee980,70f990e30f00,242
70f96dcee980,70f9d22b0d80,236
70f96dcee980,70f96f193380,240
70f96dcee980,70f99acf3a40,240
70f96dcee980,70f987bf3840,240
70f96dcee980,70f9b4e201c0,238
70f96dcee980,70f99cf99380,240
70f96dcee980,70f9988116c0,366
70f9be020080,70f9a28981c0,242
70f9be020080,70f9a5ac7100,238
70f9be020080,70f9cf2ffe00,240
70f9be020080,70f9d26d99c0,238
70f9be020080,70f9cc0c0480,240
70f9be020080,70f9dca789c0,238
70f9be020080,70f99743e6c0,242
70f9be020080,70f99b66a680,240
70f9be020080,70f9c1e39e40,242
70f9be020080,70f985c38980,242
70f9be020080,70f9661add00,240
70f9be020080,70f9b0b602c0,240
70f9be020080,70f9847788c0,238
70f9be020080,70f9a52c2940,238
70f9be020080,70f976046200,240
70f9be020080,70f96f0c3cc0,238
70f9be020080,70f97a16e400,240
70f9be020080,70f98c094f40,242
70f9be020080,70f990e30f00,240
70f9be020080,70f9d22b0d80,240
70f9be020080,70f96f193380,240
70f9be020080,70f99acf3a40,240
70f9be020080,70f987bf3840,238
70f9be020080,70f9b4e201c0,242
70f9be020080,70f99cf99380,238
70f9be020080,70f9988116c0,240
70f9be020080,70f9b87f8480,240
70f9be020080,70f998b48980,240
70f9be020080,70f999489c80,238
70f9be020080,70f971256f00,242
70f9be020080,70f9759f5400,240
70f9be020080,70f9864a9340,238
70f9be020080,70f99d925380,368
70f98d458300,70f9a28981c0,242
70f98d458300,70f9a5ac7100,238
70f98d458300,70f9cf2ffe00,364
70f9792a9480,70f9a28981c0,242
70f9792a9480,70f9a5ac7100,238
70f9792a9480,70f9cf2ffe00,238
70f9792a9480,70f9d26d99c0,238
70f9792a9480,70f9cc0c0480,240
70f9792a9480,70f9dca789c0,238
70f9792a9480,70f99743e6c0,240
70f9792a9480,70f99b66a680,240
70f9792a9480,70f9c1e39e40,240
70f9792a9480,70f985c38980,240
70f9792a9480,70f9661add00,366
70f97fd14240,70f9a28981c0,242
70f97fd14240,70f9a5ac7100,240
70f97fd14240,70f9cf2ffe00,238
70f97fd14240,70f9d26d99c0,240
70f97fd14240,70f9cc0c0480,240
70f97fd14240,70f9dca789c0,238
70f97fd14240,70f99743e6c0,242
70f97fd14240,70f99b66a680,240
70f97fd14240,70f9c1e39e40,240
70f97fd14240,70f985c38980,240
70f97fd14240,70f9661add00,238
70f97fd14240,70f9b0b602c0,240
70f97fd14240,70f9847788c0,242
70f97fd14240,70f9a52c2940,368
70f9887e9e00,70f9a28981c0,238
70f9887e9e00,70f9a5ac7100,240
70f9887e9e00,70f9cf2ffe00,240
70f9887e9e00,70f9d26d99c0,240
70f9887e9e00,70f9cc0c0480,238
70f9887e9e00,70f9dca789c0,240
70f9887e9e00,70f99743e6c0,240
70f9887e9e00,70f99b66a680,236
70f9887e9e00,70f9c1e39e40,238
70f9887e9e00,70f985c38980,240
70f9887e9e00,70f9661add00,242
70f9887e9e00,70f9b0b602c0,238
70f9887e9e00,70f9847788c0,242
70f9887e9e00,70f9a52c2940,242
70f9887e9e00,70f976046200,240
70f9887e9e00,70f96f0c3cc0,240
70f9887e9e00,70f97a16e400,242
70f9887e9e00,70f98c094f40,242
70f9887e9e00,70f990e30f00,242
70f9887e9e00,70f9d22b0d80,238
70f9887e9e00,70f96f193380,240
70f9887e9e00,70f99acf3a40,240
70f9887e9e00,70f987bf3840,240
70f9887e9e00,70f9b4e201c0,238
70f9887e9e00,70f99cf99380,240
70f9887e9e00,70f9988116c0,366
70f9c8372840,70f9a28981c0,242
70f9c8372840,70f9a5ac7100,240
70f9c8372840,70f9cf2ffe00,240
70f9c8372840,70f9d26d99c0,240
70f9c8372840,70f9cc0c0480,238
70f9c8372840,70f9dca789c0,240
70f9c8372840,70f99743e6c0,242
70f9c8372840,70f99b66a680,240
70f9c8372840,70f9c1e39e40,238
70f9c8372840,70f985c38980,368
70f99d432fc0,70f9a28981c0,240
70f99d432fc0,70f9a5ac7100,240
70f99d432fc0,70f9cf2ffe00,240
70f99d432fc0,70f9d26d99c0,240
70f99d432fc0,70f9cc0c0480,238
70f99d432fc0,70f9dca789c0,240
70f99d432fc0,70f99743e6c0,240
70f99d432fc0,70f99b66a680,238
70f99d432fc0,70f9c1e39e40,238
70f99d432fc0,70f985c38980,240
70f99d432fc0,70f9661add00,242
70f99d432fc0,70f9b0b602c0,238
70f99d432fc0,70f9847788c0,242
70f99d432fc0,70f9a52c2940,242
70f99d432fc0,70f976046200,240
70f99d432fc0,70f96f0c3cc0,240
70f99d432fc0,70f97a16e400,242
70f99d432fc0,70f98c094f40,368
70f992c0cf00,70f9a28981c0,240
70f992c0cf00,70f9a5ac7100,240
70f992c0cf00,70f9cf2ffe00,240
70f992c0cf00,70f9d26d99c0,240
70f992c0cf00,70f9cc0c0480,238
70f992c0cf00,70f9dca789c0,240
70f992c0cf00,70f99743e6c0,238
70f992c0cf00,70f99b66a680,236
70f992c0cf00,70f9c1e39e40,240
70f992c0cf00,70f985c38980,240
70f992c0cf00,70f9661add00,242
70f992c0cf00,70f9b0b602c0,238
70f992c0cf00,70f9847788c0,242
70f992c0cf00,70f9a52c2940,242
70f992c0cf00,70f976046200,238
70f992c0cf00,70f96f0c3cc0,240
70f992c0cf00,70f97a16e400,242
70f992c0cf00,70f98c094f40,238
70f992c0cf00,70f990e30f00,242
70f992c0cf00,70f9d22b0d80,240
70f992c0cf00,70f96f193380,240
70f992c0cf00,70f99acf3a40,238
70f992c0cf00,70f987bf3840,240
70f992c0cf00,70f9b4e201c0,366
70f9d153cb00,70f9a28981c0,240
70f9d153cb00,70f9a5ac7100,240
70f9d153cb00,70f9cf2ffe00,240
70f9d153cb00,70f9d26d99c0,240
70f9d153cb00,70f9cc0c0480,238
70f9d153cb00,70f9dca789c0,240
70f9d153cb00,70f99743e6c0,238
70f9d153cb00,70f99b66a680,238
70f9d153cb00,70f9c1e39e40,238
70f9d153cb00,70f985c38980,238
70f9d153cb00,70f9661add00,242
70f9d153cb00,70f9b0b602c0,238
70f9d153cb00,70f9847788c0,242
70f9d153cb00,70f9a52c2940,240
70f9d153cb00,70f976046200,240
70f9d153cb00,70f96f0c3cc0,240
70f9d153cb00,70f97a16e400,242
70f9d153cb00,70f98c094f40,366
70f970632340,70f9a28981c0,240
70f970632340,70f9a5ac7100,238
70f970632340,70f9cf2ffe00,366
70f9b29b5640,70f9a28981c0,242
70f9b29b5640,70f9a5ac7100,238
70f9b29b5640,70f9cf2ffe00,238
70f9b29b5640,70f9d26d99c0,238
70f9b29b5640,70f9cc0c0480,240
70f9b29b5640,70f9dca789c0,240
70f9b29b5640,70f99743e6c0,242
70f9b29b5640,70f99b66a680,240
70f9b29b5640,70f9c1e39e40,240
70f9b29b5640,70f985c38980,240
70f9b29b5640,70f9661add00,238
70f9b29b5640,70f9b0b602c0,240
70f9b29b5640,70f9847788c0,240
70f9b29b5640,70f9a52c2940,240
70f9b29b5640,70f976046200,240
70f9b29b5640,70f96f0c3cc0,238
70f9b29b5640,70f97a16e400,238
70f9b29b5640,70f98c094f40,242
70f9b29b5640,70f990e30f00,240
70f9b29b5640,70f9d22b0d80,240
70f9b29b5640,70f96f193380,238
70f9b29b5640,70f99acf3a40,240
70f9b29b5640,70f987bf3840,238
70f9b29b5640,70f9b4e201c0,240
70f9b29b5640,70f99cf99380,238
70f9b29b5640,70f9988116c0,240
70f9b29b5640,70f9b87f8480,240
70f9b29b5640,70f998b48980,238
70f9b29b5640,70f999489c80,240
70f9b29b5640,70f971256f00,240
70f9b29b5640,70f9759f5400,240
70f9b29b5640,70f9864a9340,366
70f96b1aba80,70f9a28981c0,238
70f96b1aba80,70f9a5ac7100,240
70f96b1aba80,70f9cf2ffe00,240
70f96b1aba80,70f9d26d99c0,240
70f96b1aba80,70f9cc0c0480,238
70f96b1aba80,70f9dca789c0,240
70f96b1aba80,70f99743e6c0,240
70f96b1aba80,70f99b66a680,238
70f96b1aba80,70f9c1e39e40,366
70f963d18b40,70f9a28981c0,242
70f963d18b40,70f9a5ac7100,238
70f963d18b40,70f9cf2ffe00,238
70f963d18b40,70f9d26d99c0,238
70f963d18b40,70f9cc0c0480,240
70f963d18b40,70f9dca789c0,364
70f9e16aa1c0,70f9a28981c0,242
70f9e16aa1c0,70f9a5ac7100,238
70f9e16aa1c0,70f9cf2ffe00,364
70f97527a100,70f9a28981c0,242
70f97527a100,70f9a5ac7100,240
70f97527a100,70f9cf2ffe00,238
70f97527a100,70f9d26d99c0,366
70f9ba4db180,70f9a28981c0,242
70f9ba4db180,70f9a5ac7100,238
70f9ba4db180,70f9cf2ffe00,238
70f9ba4db180,70f9d26d99c0,238
70f9ba4db180,70f9cc0c0480,240
70f9ba4db180,70f9dca789c0,238
70f9ba4db180,70f99743e6c0,242
70f9ba4db180,70f99b66a680,240
70f9ba4db180,70f9c1e39e40,242
70f9ba4db180,70f985c38980,242
70f9ba4db180,70f9661add00,242
70f9ba4db180,70f9b0b602c0,240
70f9ba4db180,70f9847788c0,238
70f9ba4db180,70f9a52c2940,240
70f9ba4db180,70f976046200,240
70f9ba4db180,70f96f0c3cc0,366
70f9ca89b140,70f9a28981c0,244
70f9ca89b140,70f9a5ac7100,242
70f9ca89b140,70f9cf2ffe00,240
70f9ca89b140,70f9d26d99c0,368
70f9d02d4a00,70f9a28981c0,238
70f9d02d4a00,70f9a5ac7100,240
70f9d02d4a00,70f9cf2ffe00,240
70f9d02d4a00,70f9d26d99c0,240
70f9d02d4a00,70f9cc0c0480,240
70f9d02d4a00,70f9dca789c0,240
70f9d02d4a00,70f99743e6c0,242
70f9d02d4a00,70f99b66a680,238
70f9d02d4a00,70f9c1e39e40,238
70f9d02d4a00,70f985c38980,238
70f9d02d4a00,70f9661add00,240
70f9d02d4a00,70f9b0b602c0,238
70f9d02d4a00,70f9847788c0,240
70f9d02d4a00,70f9a52c2940,242
70f9d02d4a00,70f976046200,238
70f9d02d4a00,70f96f0c3cc0,240
70f9d02d4a00,70f97a16e400,240
70f9d02d4a00,70f98c094f40,238
70f9d02d4a00,70f990e30f00,240
70f9d02d4a00,70f9d22b0d80,238
70f9d02d4a00,70f96f193380,240
70f9d02d4a00,70f99acf3a40,238
70f9d02d4a00,70f987bf3840,240
70f9d02d4a00,70f9b4e201c0,238
70f9d02d4a00,70f99cf99380,240
70f9d02d4a00,70f9988116c0,238
70f9d02d4a00,70f9b87f8480,238
70f9d02d4a00,70f998b48980,240
70f9d02d4a00,70f999489c80,240
70f9d02d4a00,70f971256f00,366
70f9b3cdfb80,70f9a28981c0,242
70f9b3cdfb80,70f9a5ac7100,240
70f9b3cdfb80,70f9cf2ffe00,240
70f9b3cdfb80,70f9d26d99c0,240
70f9b3cdfb80,70f9cc0c0480,238
70f9b3cdfb80,70f9dca789c0,240
70f9b3cdfb80,70f99743e6c0,240
70f9b3cdfb80,70f99b66a680,240
70f9b3cdfb80,70f9c1e39e40,238
70f9b3cdfb80,70f985c38980,368
70f98e5d0940,70f9a28981c0,242
70f98e5d0940,70f9a5ac7100,366
70f9e1838500,70f9a28981c0,242
70f9e1838500,70f9a5ac7100,238
70f9e1838500,70f9cf2ffe00,238
70f9e1838500,70f9d26d99c0,238
70f9e1838500,70f9cc0c0480,240
70f9e1838500,70f9dca789c0,238
70f9e1838500,70f99743e6c0,242
70f9e1838500,70f99b66a680,242
70f9e1838500,70f9c1e39e40,240
70f9e1838500,70f985c38980,242
70f9e1838500,70f9661add00,242
70f9e1838500,70f9b0b602c0,240
70f9e1838500,70f9847788c0,238
70f9e1838500,70f9a52c2940,240
70f9e1838500,70f976046200,240
70f9e1838500,70f96f0c3cc0,366
70f976c582c0,70f9a28981c0,242
70f976c582c0,70f9a5ac7100,366
70f9b91ce600,70f9a28981c0,240
70f9b91ce600,70f9a5ac7100,240
70f9b91ce600,70f9cf2ffe00,240
70f9b91ce600,70f9d26d99c0,240
70f9b91ce600,70f9cc0c0480,364
70f9be298c40,70f9a28981c0,242
70f9be298c40,70f9a5ac7100,238
70f9be298c40,70f9cf2ffe00,238
70f9be298c40,70f9d26d99c0,238
70f9be298c40,70f9cc0c0480,242
70f9be298c40,70f9dca789c0,364
70f9b52623c0,70f9a28981c0,240
70f9b52623c0,70f9a5ac7100,240
70f9b52623c0,70f9cf2ffe00,242
70f9b52623c0,70f9d26d99c0,240
70f9b52623c0,70f9cc0c0480,240
70f9b52623c0,70f9dca789c0,240
70f9b52623c0,70f99743e6c0,242
70f9b52623c0,70f99b66a680,238
70f9b52623c0,70f9c1e39e40,238
70f9b52623c0,70f985c38980,238
70f9b52623c0,70f9661add00,240
70f9b52623c0,70f9b0b602c0,238
70f9b52623c0,70f9847788c0,242
70f9b52623c0,70f9a52c2940,242
70f9b52623c0,70f976046200,240
70f9b52623c0,70f96f0c3cc0,240
70f9b52623c0,70f97a16e400,242
70f9b52623c0,70f98c094f40,240
70f9b52623c0,70f990e30f00,242
70f9b52623c0,70f9d22b0d80,240
70f9b52623c0,70f96f193380,242
70f9b52623c0,70f99acf3a40,238
70f9b52623c0,70f987bf3840,242
70f9b52623c0,70f9b4e201c0,238
70f9b52623c0,70f99cf99380,242
70f9b52623c0,70f9988116c0,240
70f9b52623c0,70f9b87f8480,238
70f9b52623c0,70f998b48980,242
70f9b52623c0,70f999489c80,242
70f9b52623c0,70f971256f00,242
70f9b52623c0,70f9759f5400,366
70f995ef4300,70f9a28981c0,242
70f995ef4300,70f9a5ac7100,240
70f995ef4300,70f9cf2ffe00,242
70f995ef4300,70f9d26d99c0,238
70f995ef4300,70f9cc0c0480,242
70f995ef4300,70f9dca789c0,238
70f995ef4300,70f99743e6c0,242
70f995ef4300,70f99b66a680,242
70f995ef4300,70f9c1e39e40,242
70f995ef4300,70f985c38980,242
70f995ef4300,70f9661add00,242
70f995ef4300,70f9b0b602c0,242
70f995ef4300,70f9847788c0,240
70f995ef4300,70f9a52c2940,240
70f995ef4300,70f976046200,242
70f995ef4300,70f96f0c3cc0,238
70f995ef4300,70f97a16e400,240
70f995ef4300,70f98c094f40,242
70f995ef4300,70f990e30f00,240
70f995ef4300,70f9d22b0d80,242
70f995ef4300,70f96f193380,366
70f9dd3b8600,70f9a28981c0,238
70f9dd3b8600,70f9a5ac7100,242
70f9dd3b8600,70f9cf2ffe00,242
70f9dd3b8600,70f9d26d99c0,242
70f9dd3b8600,70f9cc0c0480,240
70f9dd3b8600,70f9dca789c0,242
70f9dd3b8600,70f99743e6c0,240
70f9dd3b8600,70f99b66a680,238
70f9dd3b8600,70f9c1e39e40,242
70f9dd3b8600,70f985c38980,240
70f9dd3b8600,70f9661add00,242
70f9dd3b8600,70f9b0b602c0,238
70f9dd3b8600,70f9847788c0,242
70f9dd3b8600,70f9a52c2940,242
70f9dd3b8600,70f976046200,238
70f9dd3b8600,70f96f0c3cc0,242
70f9dd3b8600,70f97a16e400,242
70f9dd3b8600,70f98c094f40,240
70f9dd3b8600,70f990e30f00,242
70f9dd3b8600,70f9d22b0d80,366
70f9d86b4b00,70f9a28981c0,240
70f9d86b4b00,70f9a5ac7100,240
70f9d86b4b00,70f9cf2ffe00,240
70f9d86b4b00,70f9d26d99c0,240
70f9d86b4b00,70f9cc0c0480,238
70f9d86b4b00,70f9dca789c0,240
70f9d86b4b00,70f99743e6c0,240
70f9d86b4b00,70f99b66a680,238
70f9d86b4b00,70f9c1e39e40,238
70f9d86b4b00,70f985c38980,240
70f9d86b4b00,70f9661add00,244
70f9d86b4b00,70f9b0b602c0,238
70f9d86b4b00,70f9847788c0,242
70f9d86b4b00,70f9a52c2940,244
70f9d86b4b00,70f976046200,240
70f9d86b4b00,70f96f0c3cc0,240
70f9d86b4b00,70f97a16e400,242
70f9d86b4b00,70f98c094f40,368
70f979e3ce40,70f9a28981c0,240
70f979e3ce40,70f9a5ac7100,240
70f979e3ce40,70f9cf2ffe00,240
70f979e3ce40,70f9d26d99c0,242
70f979e3ce40,70f9cc0c0480,236
70f979e3ce40,70f9dca789c0,240
70f979e3ce40,70f99743e6c0,238
70f979e3ce40,70f99b66a680,238
70f979e3ce40,70f9c1e39e40,238
70f979e3ce40,70f985c38980,238
70f979e3ce40,70f9661add00,242
70f979e3ce40,70f9b0b602c0,238
70f979e3ce40,70f9847788c0,242
70f979e3ce40,70f9a52c2940,242
70f979e3ce40,70f976046200,240
70f979e3ce40,70f96f0c3cc0,240
70f979e3ce40,70f97a16e400,242
70f979e3ce40,70f98c094f40,368
70f9a5f651c0,70f9a28981c0,242
70f9a5f651c0,70f9a5ac7100,238
70f9a5f651c0,70f9cf2ffe00,238
70f9a5f651c0,70f9d26d99c0,238
70f9a5f651c0,70f9cc0c0480,240
70f9a5f651c0,70f9dca789c0,238
70f9a5f651c0,70f99743e6c0,240
70f9a5f651c0,70f99b66a680,240
70f9a5f651c0,70f9c1e39e40,240
70f9a5f651c0,70f985c38980,240
70f9a5f651c0,70f9661add00,240
70f9a5f651c0,70f9b0b602c0,240
70f9a5f651c0,70f9847788c0,240
70f9a5f651c0,70f9a52c2940,240
70f9a5f651c0,70f976046200,240
70f9a5f651c0,70f96f0c3cc0,240
70f9a5f651c0,70f97a16e400,366
70f963fa34c0,70f9a28981c0,242
70f963fa34c0,70f9a5ac7100,240
70f963fa34c0,70f9cf2ffe00,238
70f963fa34c0,70f9d26d99c0,366
70f9d5a5cf00,70f9a28981c0,242
70f9d5a5cf00,70f9a5ac7100,238
70f9d5a5cf00,70f9cf2ffe00,238
70f9d5a5cf00,70f9d26d99c0,238
70f9d5a5cf00,70f9cc0c0480,240
70f9d5a5cf00,70f9dca789c0,238
70f9d5a5cf00,70f99743e6c0,240
70f9d5a5cf00,70f99b66a680,240
70f9d5a5cf00,70f9c1e39e40,240
70f9d5a5cf00,70f985c38980,242
70f9d5a5cf00,70f9661add00,242
70f9d5a5cf00,70f9b0b602c0,240
70f9d5a5cf00,70f9847788c0,238
70f9d5a5cf00,70f9a52c2940,238
70f9d5a5cf00,70f976046200,240
70f9d5a5cf00,70f96f0c3cc0,240
70f9d5a5cf00,70f97a16e400,242
70f9d5a5cf00,70f98c094f40,240
70f9d5a5cf00,70f990e30f00,240
70f9d5a5cf00,70f9d22b0d80,240
70f9d5a5cf00,70f96f193380,238
70f9d5a5cf00,70f99acf3a40,240
70f9d5a5cf00,70f987bf3840,366
70f9d0fbd4c0,70f9a28981c0,238
70f9d0fbd4c0,70f9a5ac7100,240
70f9d0fbd4c0,70f9cf2ffe00,240
70f9d0fbd4c0,70f9d26d99c0,240
70f9d0fbd4c0,70f9cc0c0480,366
70f97ae4c940,70f9a28981c0,242
70f97ae4c940,70f9a5ac7100,238
70f97ae4c940,70f9cf2ffe00,238
70f97ae4c940,70f9d26d99c0,238
70f97ae4c940,70f9cc0c0480,240
70f97ae4c940,70f9dca789c0,238
70f97ae4c940,70f99743e6c0,242
70f97ae4c940,70f99b66a680,240
70f97ae4c940,70f9c1e39e40,240
70f97ae4c940,70f985c38980,242
70f97ae4c940,70f9661add00,368
70f973371180,70f9a28981c0,238
70f973371180,70f9a5ac7100,240
70f973371180,70f9cf2ffe00,240
70f973371180,70f9d26d99c0,240
70f973371180,70f9cc0c0480,240
70f973371180,70f9dca789c0,242
70f973371180,70f99743e6c0,368
70f9773a7300,70f9a28981c0,366
70f9e0dbf180,70f9a28981c0,242
70f9e0dbf180,70f9a5ac7100,242
70f9e0dbf180,70f9cf2ffe00,238
70f9e0dbf180,70f9d26d99c0,242
70f9e0dbf180,70f9cc0c0480,242
70f9e0dbf180,70f9dca789c0,238
70f9e0dbf180,70f99743e6c0,244
70f9e0dbf180,70f99b66a680,242
70f9e0dbf180,70f9c1e39e40,242
70f9e0dbf180,70f985c38980,244
70f9e0dbf180,70f9661add00,242
70f9e0dbf180,70f9b0b602c0,242
70f9e0dbf180,70f9847788c0,370
70f9ae3a4180,70f9a28981c0,242
70f9ae3a4180,70f9a5ac7100,238
70f9ae3a4180,70f9cf2ffe00,240
70f9ae3a4180,70f9d26d99c0,238
70f9ae3a4180,70f9cc0c0480,240
70f9ae3a4180,70f9dca789c0,238
70f9ae3a4180,70f99743e6c0,242
70f9ae3a4180,70f99b66a680,242
70f9ae3a4180,70f9c1e39e40,242
70f9ae3a4180,70f985c38980,242
70f9ae3a4180,70f9661add00,242
70f9ae3a4180,70f9b0b602c0,242
70f9ae3a4180,70f9847788c0,240
70f9ae3a4180,70f9a52c2940,240
70f9ae3a4180,70f976046200,242
70f9ae3a4180,70f96f0c3cc0,242
70f9ae3a4180,70f97a16e400,368
70f9a7bb4200,70f9a28981c0,242
70f9a7bb4200,70f9a5ac7100,242
70f9a7bb4200,70f9cf2ffe00,240
70f9a7bb4200,70f9d26d99c0,242
70f9a7bb4200,70f9cc0c0480,238
70f9a7bb4200,70f9dca789c0,242
70f9a7bb4200,70f99743e6c0,240
70f9a7bb4200,70f99b66a680,242
70f9a7bb4200,70f9c1e39e40,238
70f9a7bb4200,70f985c38980,368
70f9cfefbcc0,70f9a28981c0,242
70f9cfefbcc0,70f9a5ac7100,242
70f9cfefbcc0,70f9cf2ffe00,242
70f9cfefbcc0,70f9d26d99c0,242
70f9cfefbcc0,70f9cc0c0480,240
70f9cfefbcc0,70f9dca789c0,242
70f9cfefbcc0,70f99743e6c0,240
70f9cfefbcc0,70f99b66a680,242
70f9cfefbcc0,70f9c1e39e40,238
70f9cfefbcc0,70f985c38980,368
70f9bc5d64c0,70f9a28981c0,242
70f9bc5d64c0,70f9a5ac7100,238
70f9bc5d64c0,70f9cf2ffe00,238
70f9bc5d64c0,70f9d26d99c0,238
70f9bc5d64c0,70f9cc0c0480,240
70f9bc5d64c0,70f9dca789c0,366
70f978169880,70f9a28981c0,242
70f978169880,70f9a5ac7100,364
70f9d8ca7740,70f9a28981c0,238
70f9d8ca7740,70f9a5ac7100,240
70f9d8ca7740,70f9cf2ffe00,240
70f9d8ca7740,70f9d26d99c0,240
70f9d8ca7740,70f9cc0c0480,240
70f9d8ca7740,70f9dca789c0,240
70f9d8ca7740,70f99743e6c0,242
70f9d8ca7740,70f99b66a680,238
70f9d8ca7740,70f9c1e39e40,238
70f9d8ca7740,70f985c38980,240
70f9d8ca7740,70f9661add00,244
70f9d8ca7740,70f9b0b602c0,238
70f9d8ca7740,70f9847788c0,242
70f9d8ca7740,70f9a52c2940,242
70f9d8ca7740,70f976046200,238
70f9d8ca7740,70f96f0c3cc0,240
70f9d8ca7740,70f97a16e400,242
70f9d8ca7740,70f98c094f40,242
70f9d8ca7740,70f990e30f00,242
70f9d8ca7740,70f9d22b0d80,238
70f9d8ca7740,70f96f193380,240
70f9d8ca7740,70f99acf3a40,238
70f9d8ca7740,70f987bf3840,240
70f9d8ca7740,70f9b4e201c0,238
70f9d8ca7740,70f99cf99380,240
70f9d8ca7740,70f9988116c0,238
70f9d8ca7740,70f9b87f8480,238
70f9d8ca7740,70f998b48980,240
70f9d8ca7740,70f999489c80,240
70f9d8ca7740,70f971256f00,366
70f9bdeef000,70f9a28981c0,366
70f977413a80,70f9a28981c0,238
70f977413a80,70f9a5ac7100,240
70f977413a80,70f9cf2ffe00,240
70f977413a80,70f9d26d99c0,240
70f977413a80,70f9cc0c0480,236
70f977413a80,70f9dca789c0,240
70f977413a80,70f99743e6c0,240
70f977413a80,70f99b66a680,238
70f977413a80,70f9c1e39e40,240
70f977413a80,70f985c38980,240
70f977413a80,70f9661add00,242
70f977413a80,70f9b0b602c0,238
70f977413a80,70f9847788c0,242
70f977413a80,70f9a52c2940,242
70f977413a80,70f976046200,238
70f977413a80,70f96f0c3cc0,242
70f977413a80,70f97a16e400,244
70f977413a80,70f98c094f40,240
70f977413a80,70f990e30f00,244
70f977413a80,70f9d22b0d80,242
70f977413a80,70f96f193380,242
70f977413a80,70f99acf3a40,238
70f977413a80,70f987bf3840,242
70f977413a80,70f9b4e201c0,368
70f96bb21880,70f9a28981c0,242
70f96bb21880,70f9a5ac7100,238
70f96bb21880,70f9cf2ffe00,240
70f96bb21880,70f9d26d99c0,238
70f96bb21880,70f9cc0c0480,242
70f96bb21880,70f9dca789c0,240
70f96bb21880,70f99743e6c0,242
70f96bb21880,70f99b66a680,242
70f96bb21880,70f9c1e39e40,242
70f96bb21880,70f985c38980,242
70f96bb21880,70f9661add00,242
70f96bb21880,70f9b0b602c0,242
70f96bb21880,70f9847788c0,240
70f96bb21880,70f9a52c2940,240
70f96bb21880,70f976046200,242
70f96bb21880,70f96f0c3cc0,242
70f96bb21880,70f97a16e400,242
70f96bb21880,70f98c094f40,242
70f96bb21880,70f990e30f00,240
70f96bb21880,70f9d22b0d80,242
70f96bb21880,70f96f193380,238
70f96bb21880,70f99acf3a40,242
70f96bb21880,70f987bf3840,366
